#include "app_farm_img.h"

#ifndef LV_ATTRIBUTE_MEM_ALIGN
#define LV_ATTRIBUTE_MEM_ALIGN
#endif

/* Ardot transparent PNG → RGB565A8. No background on export. */

static const LV_ATTRIBUTE_MEM_ALIGN uint8_t app_farm_ico_home_map[] = {
    0x00, 0x00, 0x00, 0x00, 0x00, 0x00, 0x00, 0x00, 0x00, 0x00, 0x00, 0x00, 0x00, 0x00, 0x00, 0x00,
    0x00, 0x00, 0x00, 0x00, 0x00, 0x00, 0x00, 0x00, 0x00, 0x00, 0x00, 0x00, 0x00, 0x00, 0x00, 0x00,
    0x00, 0x00, 0x00, 0x00, 0x00, 0x00, 0x00, 0x00, 0x00, 0x00, 0x00, 0x00, 0x00, 0x00, 0x00, 0x00,
    0x00, 0x00, 0x00, 0x00, 0x00, 0x00, 0x00, 0x00, 0x00, 0x00, 0x00, 0x00, 0x00, 0x00, 0x00, 0x00,
    0x00, 0x00, 0x00, 0x00, 0x00, 0x00, 0x00, 0x00, 0x00, 0x00, 0x00, 0x00, 0x00, 0x00, 0x00, 0x00,
    0x00, 0x00, 0x00, 0x00, 0x00, 0x00, 0x00, 0x00, 0x00, 0x00, 0x00, 0x00, 0x00, 0x00, 0x00, 0x00,
    0x00, 0x00, 0x00, 0x00, 0x00, 0x00, 0x00, 0x00, 0x00, 0x00, 0x00, 0x00, 0x00, 0x00, 0x00, 0x00,
    0x00, 0x00, 0x00, 0x00, 0x00, 0x00, 0x00, 0x00, 0x00, 0x00, 0x00, 0x00, 0x00, 0x00, 0x00, 0x00,
    0x00, 0x00, 0x00, 0x00, 0x00, 0x00, 0x00, 0x00, 0x00, 0x00, 0x00, 0x00, 0xff, 0xff, 0xff, 0xff,
    0x32, 0xf5, 0x0d, 0xf4, 0x90, 0xe4, 0xff, 0xff, 0x00, 0x00, 0x00, 0x00, 0x00, 0x00, 0x00, 0x00,
    0x00, 0x00, 0x00, 0x00, 0x00, 0x00, 0x00, 0x00, 0x00, 0x00, 0x00, 0x00, 0x00, 0x00, 0x00, 0x00,
    0x00, 0x00, 0x00, 0x00, 0x00, 0x00, 0x00, 0x00, 0x00, 0x00, 0x00, 0x00, 0x00, 0x00, 0xff, 0xff,
    0xff, 0xff, 0xaf, 0xfc, 0x48, 0xf3, 0x44, 0xe2, 0xa2, 0xd1, 0x62, 0xc1, 0xa0, 0xb0, 0xa8, 0xca,
    0xff, 0xff, 0x00, 0x00, 0x00, 0x00, 0x00, 0x00, 0x00, 0x00, 0x00, 0x00, 0x00, 0x00, 0x00, 0x00,
    0x00, 0x00, 0x00, 0x00, 0x00, 0x00, 0x00, 0x00, 0x00, 0x00, 0x00, 0x00, 0x00, 0x00, 0x00, 0x00,
    0x00, 0x00, 0xff, 0xff, 0x2f, 0xdc, 0xe7, 0xd2, 0xc2, 0xd9, 0xa2, 0xc9, 0x62, 0xb9, 0x62, 0xb9,
    0xa3, 0xc9, 0x04, 0xda, 0x65, 0xea, 0xe2, 0xe1, 0x29, 0xdb, 0xff, 0xff, 0x00, 0x00, 0x00, 0x00,
    0x00, 0x00, 0x00, 0x00, 0x00, 0x00, 0x00, 0x00, 0x00, 0x00, 0x00, 0x00, 0x00, 0x00, 0x00, 0x00,
    0x00, 0x00, 0x00, 0x00, 0x00, 0x00, 0xff, 0xff, 0xb1, 0xdc, 0x16, 0xe6, 0xde, 0xff, 0xd9, 0xee,
    0x67, 0xba, 0x82, 0xd1, 0x44, 0xe2, 0x64, 0xea, 0x85, 0xfa, 0x84, 0xf2, 0x44, 0xea, 0x44, 0xe2,
    0xa2, 0xd9, 0xe8, 0xd2, 0xff, 0xff, 0x00, 0x00, 0x00, 0x00, 0x00, 0x00, 0x00, 0x00, 0x00, 0x00,
    0x00, 0x00, 0x00, 0x00, 0x00, 0x00, 0x00, 0x00, 0x00, 0x00, 0xff, 0xff, 0xd1, 0xe4, 0x94, 0xe5,
    0xdd, 0xff, 0x97, 0xde, 0xf1, 0xc4, 0xfe, 0xff, 0x5b, 0xf7, 0x69, 0xdb, 0x23, 0xf2, 0x65, 0xea,
    0x24, 0xe2, 0x24, 0xe2, 0x24, 0xe2, 0x24, 0xe2, 0x65, 0xe2, 0xc2, 0xe1, 0x09, 0xdb, 0xff, 0xff,
    0x00, 0x00, 0x00, 0x00, 0x00, 0x00, 0x00, 0x00, 0x00, 0x00, 0x00, 0x00, 0x00, 0x00, 0x00, 0x00,
    0x00, 0x00, 0x53, 0xe5, 0xd9, 0xee, 0x5b, 0xef, 0xcc, 0xab, 0x21, 0x99, 0xc0, 0xb0, 0xcc, 0xc3,
    0xfe, 0xff, 0x5c, 0xf7, 0x49, 0xcb, 0xc2, 0xe1, 0x44, 0xea, 0x44, 0xea, 0x44, 0xea, 0x44, 0xea,
    0x44, 0xea, 0x24, 0xda, 0xa0, 0xb0, 0x54, 0xe5, 0x00, 0x00, 0x00, 0x00, 0x00, 0x00, 0x00, 0x00,
    0x00, 0x00, 0x00, 0x00, 0x00, 0x00, 0x00, 0x00, 0xff, 0xff, 0x78, 0xe6, 0x15, 0xd6, 0x83, 0x91,
    0xc4, 0xa9, 0x8a, 0xe3, 0xe7, 0xea, 0x61, 0xd1, 0x4a, 0xc3, 0xdd, 0xff, 0x7c, 0xf7, 0x8b, 0xd3,
    0x03, 0xea, 0x44, 0xea, 0x24, 0xda, 0xa3, 0xc9, 0x42, 0xb1, 0x02, 0xa1, 0xa0, 0x98, 0xa9, 0xba,
    0x00, 0x00, 0x00, 0x00, 0x00, 0x00, 0x00, 0x00, 0x00, 0x00, 0x00, 0x00, 0x00, 0x00, 0x00, 0x00,
    0xff, 0xff, 0x19, 0xe7, 0x67, 0x9a, 0xe0, 0xc0, 0x52, 0xed, 0xf5, 0xcd, 0xb4, 0xd5, 0x56, 0xee,
    0x8b, 0xc3, 0x09, 0xbb, 0xbc, 0xff, 0x1a, 0xef, 0x45, 0xc2, 0x41, 0xb9, 0x01, 0xa1, 0x01, 0xa1,
    0x22, 0xb1, 0x42, 0xb9, 0x62, 0xc1, 0xc0, 0xb0, 0xff, 0xff, 0x00, 0x00, 0x00, 0x00, 0x00, 0x00,
    0x00, 0x00, 0x00, 0x00, 0x00, 0x00, 0xff, 0xff, 0xb8, 0xee, 0xf1, 0xbc, 0x21, 0xa9, 0xe2, 0xe9,
    0x11, 0xe5, 0xaa, 0xa3, 0xcb, 0xb3, 0x2c, 0xb4, 0x93, 0xd5, 0x00, 0xc1, 0xed, 0xcb, 0xdd, 0xf7,
    0x8c, 0xb3, 0xa0, 0xa0, 0x42, 0xb9, 0x62, 0xc1, 0x82, 0xc9, 0x62, 0xc1, 0x62, 0xb9, 0xe0, 0xb0,
    0x2b, 0xcb, 0x00, 0x00, 0x00, 0x00, 0x00, 0x00, 0x00, 0x00, 0x00, 0x00, 0xff, 0xff, 0xf6, 0xe5,
    0xb8, 0xde, 0x05, 0x9a, 0xc3, 0xd1, 0x03, 0xea, 0x31, 0xe5, 0xeb, 0xab, 0x4d, 0xbc, 0x6d, 0xbc,
    0xf1, 0xcc, 0xe2, 0xe1, 0x24, 0xca, 0x1a, 0xef, 0xd5, 0xd5, 0x62, 0xb9, 0x42, 0xc1, 0x62, 0xb9,
    0x62, 0xb9, 0x42, 0xb9, 0x42, 0xb9, 0x62, 0xb9, 0x01, 0xb1, 0xff, 0xff, 0x00, 0x00, 0x00, 0x00,
    0x00, 0x00, 0x00, 0x00, 0xff, 0xff, 0x98, 0xe6, 0x4e, 0xac, 0x62, 0xb1, 0x23, 0xe2, 0x80, 0xd9,
    0x6e, 0xdc, 0xb3, 0xd5, 0x51, 0xcd, 0x2f, 0xcd, 0x52, 0xcd, 0x03, 0xda, 0xe2, 0xd9, 0x11, 0xd5,
    0x7b, 0xef, 0xa7, 0xb2, 0x01, 0xb9, 0x62, 0xb9, 0x62, 0xb9, 0x42, 0xb9, 0x42, 0xb9, 0x62, 0xb9,
    0x60, 0xa8, 0x0e, 0xd4, 0x00, 0x00, 0x00, 0x00, 0x00, 0x00, 0x00, 0x00, 0xff, 0xff, 0x11, 0xbd,
    0xec, 0xa3, 0xc3, 0xc9, 0xcb, 0xe3, 0xd4, 0xed, 0x6e, 0xdc, 0x0d, 0xcc, 0x0d, 0xc4, 0xf1, 0xd4,
    0x4a, 0xbb, 0xa1, 0xd9, 0x02, 0xea, 0x09, 0xcb, 0x9c, 0xef, 0xb0, 0xc4, 0x01, 0xb1, 0x42, 0xb9,
    0x42, 0xb9, 0x42, 0xc1, 0x01, 0xb1, 0xc1, 0x98, 0xa5, 0x91, 0xff, 0xff, 0x00, 0x00, 0x00, 0x00,
    0x00, 0x00, 0x00, 0x00, 0x00, 0x00, 0xff, 0xff, 0x93, 0xcd, 0xa2, 0xc9, 0xec, 0xdb, 0xf9, 0xde,
    0x57, 0xde, 0xd9, 0xe6, 0xb8, 0xe6, 0xf5, 0xe5, 0xf1, 0xdc, 0x2d, 0xe4, 0xc6, 0xe2, 0xe3, 0xd1,
    0x36, 0xde, 0xb8, 0xe6, 0x05, 0xb2, 0x01, 0xb9, 0xe1, 0xa8, 0xe1, 0x98, 0xa3, 0x91, 0xa6, 0x8a,
    0xf5, 0xcd, 0x00, 0x00, 0x00, 0x00, 0x00, 0x00, 0x00, 0x00, 0x00, 0x00, 0x00, 0x00, 0xff, 0xff,
    0xf5, 0xd5, 0xa2, 0xc9, 0xab, 0xe3, 0x15, 0xce, 0x8f, 0xc4, 0xc4, 0xb1, 0x09, 0xbb, 0x2e, 0xc4,
    0x15, 0xd6, 0x5b, 0xe7, 0xcc, 0xbb, 0x81, 0xd9, 0x2d, 0xcc, 0x9b, 0xef, 0x2a, 0xab, 0xc0, 0x90,
    0x24, 0x92, 0x89, 0xa3, 0xac, 0xbc, 0x2b, 0xac, 0xff, 0xff, 0x00, 0x00, 0x00, 0x00, 0x00, 0x00,
    0x00, 0x00, 0x00, 0x00, 0x00, 0x00, 0xff, 0xff, 0xd5, 0xd5, 0xa2, 0xc9, 0x0c, 0xe4, 0xf1, 0xc4,
    0x6f, 0xcc, 0x2d, 0xdc, 0x80, 0xc8, 0x66, 0xd2, 0x52, 0xcd, 0xf5, 0xcd, 0xc7, 0xb2, 0xc2, 0xe9,
    0xcb, 0xcb, 0x32, 0xb5, 0x07, 0x93, 0xe9, 0xab, 0x30, 0xc5, 0xf1, 0xbc, 0xce, 0xbc, 0x0b, 0xa4,
    0xff, 0xff, 0x00, 0x00, 0x00, 0x00, 0x00, 0x00, 0x00, 0x00, 0x00, 0x00, 0x00, 0x00, 0xff, 0xff,
    0xb4, 0xcd, 0x82, 0xc9, 0xeb, 0xe3, 0x32, 0xcd, 0x41, 0xb9, 0xb4, 0xdd, 0x6a, 0xd3, 0x56, 0xe6,
    0xc8, 0xba, 0x36, 0xde, 0x09, 0xc3, 0x81, 0xe1, 0xaf, 0xe4, 0xf5, 0xcd, 0x0a, 0xac, 0x0f, 0xc5,
    0x8b, 0x9b, 0xe3, 0x81, 0x8d, 0xb4, 0x0a, 0xa4, 0xff, 0xff, 0x00, 0x00, 0x00, 0x00, 0x00, 0x00,
    0x00, 0x00, 0x00, 0x00, 0x00, 0x00, 0x10, 0xbe, 0xd5, 0xd5, 0x61, 0xc1, 0xcb, 0xdb, 0x53, 0xcd,
    0xa0, 0xc0, 0x29, 0xd3, 0x7b, 0xe7, 0x86, 0xba, 0x61, 0xc9, 0x57, 0xde, 0xe8, 0xc2, 0x81, 0xe1,
    0xaf, 0xe4, 0x57, 0xd6, 0x0a, 0xac, 0xef, 0xbc, 0x84, 0x9a, 0x84, 0x9a, 0x8e, 0xb4, 0xcb, 0xa3,
    0x93, 0xbd, 0x00, 0x00, 0x00, 0x00, 0x00, 0x00, 0x00, 0x00, 0xff, 0xff, 0x00, 0x00, 0x00, 0x00,
    0x32, 0xc5, 0x61, 0xb9, 0x8b, 0xd3, 0xd0, 0xc4, 0x62, 0xb9, 0x93, 0xdd, 0x11, 0xc5, 0x8b, 0xd3,
    0x61, 0xc9, 0x36, 0xde, 0xe8, 0xba, 0x61, 0xe1, 0x8f, 0xdc, 0x36, 0xce, 0x0a, 0xac, 0xae, 0xbc,
    0x2e, 0xac, 0x0c, 0xac, 0x07, 0xbc, 0x88, 0xcc, 0x85, 0xa4, 0x00, 0x00, 0xff, 0xff, 0x00, 0x00,
    0x00, 0x00, 0x00, 0x00, 0x00, 0x00, 0x00, 0x00, 0x63, 0x93, 0x02, 0xaa, 0xeb, 0xc3, 0x11, 0xcd,
    0x52, 0xcd, 0x6a, 0xbb, 0x21, 0xb9, 0xb4, 0xdd, 0x46, 0xc2, 0xb4, 0xd5, 0xe8, 0xba, 0x60, 0xd9,
    0x6e, 0xdc, 0x15, 0xce, 0x0a, 0xac, 0x6a, 0xbc, 0x89, 0xc4, 0xe5, 0xdc, 0xa7, 0xf5, 0x28, 0xfe,
    0xa7, 0xfd, 0xc0, 0xab, 0x00, 0x00, 0x00, 0x00, 0x00, 0x00, 0x00, 0x00, 0x00, 0x00, 0x00, 0x00,
    0x00, 0x00, 0xe0, 0x7a, 0xa8, 0x9b, 0x94, 0xc5, 0xea, 0xb2, 0xc0, 0xb8, 0x21, 0xc9, 0xc8, 0xca,
    0x32, 0xcd, 0xb3, 0xcd, 0xa7, 0xb2, 0x20, 0xd1, 0x6e, 0xd4, 0xf5, 0xcd, 0xca, 0xa3, 0x65, 0xcc,
    0xc6, 0xf5, 0x8a, 0xfe, 0x09, 0xf6, 0xc5, 0xdc, 0xa3, 0xc3, 0x20, 0x9b, 0x00, 0x00, 0x00, 0x00,
    0x00, 0x00, 0xff, 0xff, 0x00, 0x00, 0x00, 0x00, 0x00, 0x00, 0x00, 0x00, 0x00, 0x00, 0x00, 0x00,
    0xa0, 0x8b, 0xc2, 0x9a, 0x02, 0xa2, 0x00, 0xb1, 0x8c, 0xbb, 0x78, 0xde, 0xc7, 0xa2, 0xe1, 0xb9,
    0xcb, 0xcb, 0x70, 0xbd, 0x24, 0x7a, 0x42, 0xb3, 0x04, 0xed, 0x45, 0xed, 0x64, 0xd4, 0x21, 0xbb,
    0x02, 0xbb, 0x80, 0x82, 0x00, 0x00, 0x00, 0x00, 0x00, 0x00, 0x00, 0x00, 0x00, 0x00, 0x00, 0x00,
    0x00, 0x00, 0xff, 0xff, 0x00, 0x00, 0x00, 0x00, 0x00, 0x00, 0x00, 0x00, 0x00, 0x00, 0x00, 0x00,
    0xc1, 0x93, 0xeb, 0xa4, 0x04, 0x8b, 0xe2, 0x8a, 0xc3, 0x93, 0xc2, 0x94, 0x00, 0x5a, 0xe1, 0x92,
    0x43, 0xdc, 0xa4, 0xe4, 0xa2, 0xc3, 0x80, 0x9a, 0x20, 0x83, 0x92, 0xce, 0x00, 0x00, 0x00, 0x00,
    0x00, 0x00, 0x00, 0x00, 0x00, 0x00, 0x00, 0x00, 0x00, 0x00, 0x00, 0x00, 0x00, 0x00, 0x00, 0x00,
    0xff, 0xff, 0xff, 0xff, 0x00, 0x00, 0x00, 0x00, 0x00, 0x00, 0x00, 0x00, 0x00, 0x00, 0x00, 0x00,
    0x00, 0x00, 0x00, 0x00, 0x00, 0x00, 0x00, 0x00, 0x80, 0x94, 0x41, 0xac, 0xe2, 0xa3, 0x6b, 0xad,
    0xff, 0xff, 0x00, 0x00, 0x00, 0x00, 0x00, 0x00, 0x00, 0x00, 0x00, 0x00, 0x00, 0x00, 0x00, 0x00,
    0x00, 0x00, 0x00, 0x00, 0x00, 0x00, 0x00, 0x00, 0x00, 0x00, 0x00, 0x00, 0x00, 0x00, 0x00, 0x00,
    0x00, 0x00, 0xff, 0xff, 0xff, 0xff, 0x00, 0x00, 0x00, 0x00, 0x00, 0x00, 0x00, 0x00, 0x00, 0x00,
    0xff, 0xff, 0x00, 0x00, 0x00, 0x00, 0x00, 0x00, 0x00, 0x00, 0x00, 0x00, 0x00, 0x00, 0x00, 0x00,
    0x00, 0x00, 0x00, 0x00, 0x00, 0x00, 0x00, 0x00, 0x00, 0x00, 0x00, 0x00, 0x00, 0x00, 0x00, 0x00,
    0x00, 0x00, 0x00, 0x00, 0x00, 0x00, 0x00, 0x00, 0x00, 0x00, 0x00, 0x00, 0x00, 0x00, 0x00, 0x00,
    0x00, 0x00, 0x00, 0x00, 0x00, 0x00, 0x00, 0x00, 0x00, 0x00, 0x00, 0x00, 0x00, 0x00, 0x00, 0x00,
    0x00, 0x00, 0x00, 0x00, 0x00, 0x00, 0x00, 0x00, 0x00, 0x00, 0x00, 0x00, 0x00, 0x00, 0x00, 0x00,
    0x00, 0x00, 0x00, 0x00, 0x00, 0x00, 0x00, 0x00, 0x00, 0x00, 0x00, 0x00, 0x00, 0x00, 0x00, 0x00,
    0x00, 0x00, 0x00, 0x00, 0x00, 0x00, 0x00, 0x00, 0x00, 0x00, 0x00, 0x00, 0x00, 0x00, 0x00, 0x00,
    0x00, 0x00, 0x00, 0x00, 0x00, 0x00, 0x00, 0x00, 0x00, 0x00, 0x00, 0x00, 0x00, 0x00, 0x00, 0x00,
    0x00, 0x00, 0x00, 0x00, 0x00, 0x00, 0x00, 0x00, 0x00, 0x00, 0x00, 0x00, 0x00, 0x00, 0x00, 0x00,
    0x00, 0x00, 0x00, 0x00, 0x00, 0x00, 0x00, 0x00, 0x00, 0x00, 0x00, 0x00, 0x00, 0x00, 0x00, 0x00,
    0x00, 0x00, 0x00, 0x00, 0x00, 0x00, 0x00, 0x00, 0x00, 0x00, 0x00, 0x00, 0x00, 0x00, 0x00, 0x00,
    0x00, 0x00, 0x00, 0x00, 0x00, 0x00, 0x00, 0x00, 0x00, 0x00, 0x00, 0x00, 0x00, 0x00, 0x00, 0x00,
    0x00, 0x00, 0x00, 0x00, 0x00, 0x00, 0xff, 0xff, 0xff, 0xff, 0xff, 0xff, 0x00, 0x00, 0x00, 0x00,
    0x00, 0x00, 0x00, 0x00, 0x00, 0x00, 0x00, 0x00, 0x00, 0x00, 0x00, 0x00, 0x00, 0x00, 0x00, 0xff,
    0xff, 0xff, 0xff, 0xff, 0xff, 0xff, 0xff, 0xff, 0xff, 0x00, 0x00, 0x00, 0x00, 0x00, 0x00, 0x00,
    0x00, 0x00, 0x00, 0x00, 0x00, 0x00, 0x00, 0x00, 0x00, 0xff, 0xff, 0xff, 0xff, 0xff, 0xff, 0xff,
    0xff, 0xff, 0xff, 0xff, 0xff, 0xff, 0x00, 0x00, 0x00, 0x00, 0x00, 0x00, 0x00, 0x00, 0x00, 0x00,
    0x00, 0x00, 0x00, 0xff, 0xff, 0xff, 0xff, 0xff, 0xff, 0xff, 0xff, 0xff, 0xff, 0xff, 0xff, 0xff,
    0xff, 0xff, 0xff, 0x00, 0x00, 0x00, 0x00, 0x00, 0x00, 0x00, 0x00, 0x00, 0x00, 0xff, 0xff, 0xff,
    0xff, 0xff, 0xff, 0xff, 0xff, 0xff, 0xff, 0xff, 0xff, 0xff, 0xff, 0xff, 0xff, 0xff, 0xff, 0xff,
    0x00, 0x00, 0x00, 0x00, 0x00, 0x00, 0x00, 0x00, 0x00, 0xff, 0xff, 0xff, 0xff, 0xff, 0xff, 0xff,
    0xff, 0xff, 0xff, 0xff, 0xff, 0xff, 0xff, 0xff, 0xff, 0xff, 0xff, 0xff, 0x00, 0x00, 0x00, 0x00,
    0x00, 0x00, 0x00, 0x00, 0xff, 0xff, 0xff, 0xff, 0xff, 0xff, 0xff, 0xff, 0xff, 0xff, 0xff, 0xff,
    0xff, 0xff, 0xff, 0xff, 0xff, 0xff, 0xff, 0xff, 0x00, 0x00, 0x00, 0x00, 0x00, 0x00, 0x00, 0x00,
    0xff, 0xff, 0xff, 0xff, 0xff, 0xff, 0xff, 0xff, 0xff, 0xff, 0xff, 0xff, 0xff, 0xff, 0xff, 0xff,
    0xff, 0xff, 0xff, 0xff, 0xff, 0x00, 0x00, 0x00, 0x00, 0x00, 0x00, 0xff, 0xff, 0xff, 0xff, 0xff,
    0xff, 0xff, 0xff, 0xff, 0xff, 0xff, 0xff, 0xff, 0xff, 0xff, 0xff, 0xff, 0xff, 0xff, 0xff, 0xff,
    0xff, 0x00, 0x00, 0x00, 0x00, 0x00, 0xff, 0xff, 0xff, 0xff, 0xff, 0xff, 0xff, 0xff, 0xff, 0xff,
    0xff, 0xff, 0xff, 0xff, 0xff, 0xff, 0xff, 0xff, 0xff, 0xff, 0xff, 0xff, 0xff, 0xff, 0x00, 0x00,
    0x00, 0x00, 0xff, 0xff, 0xff, 0xff, 0xff, 0xff, 0xff, 0xff, 0xff, 0xff, 0xff, 0xff, 0xff, 0xff,
    0xff, 0xff, 0xff, 0xff, 0xff, 0xff, 0xff, 0xff, 0xff, 0xff, 0x00, 0x00, 0x00, 0x00, 0xff, 0xff,
    0xff, 0xff, 0xff, 0xff, 0xff, 0xff, 0xff, 0xff, 0xff, 0xff, 0xff, 0xff, 0xff, 0xff, 0xff, 0xff,
    0xff, 0xff, 0xff, 0xff, 0xff, 0xff, 0x00, 0x00, 0x00, 0x00, 0x00, 0xff, 0xff, 0xff, 0xff, 0xff,
    0xff, 0xff, 0xff, 0xff, 0xff, 0xff, 0xff, 0xff, 0xff, 0xff, 0xff, 0xff, 0xff, 0xff, 0xff, 0xff,
    0xff, 0x00, 0x00, 0x00, 0x00, 0x00, 0x00, 0xff, 0xff, 0xff, 0xff, 0xff, 0xff, 0xff, 0xff, 0xff,
    0xff, 0xff, 0xff, 0xff, 0xff, 0xff, 0xff, 0xff, 0xff, 0xff, 0xff, 0xff, 0xff, 0x00, 0x00, 0x00,
    0x00, 0x00, 0x00, 0xff, 0xff, 0xff, 0xff, 0xff, 0xff, 0xff, 0xff, 0xff, 0xff, 0xff, 0xff, 0xff,
    0xff, 0xff, 0xff, 0xff, 0xff, 0xff, 0xff, 0xff, 0xff, 0x00, 0x00, 0x00, 0x00, 0x00, 0x00, 0xff,
    0xff, 0xff, 0xff, 0xff, 0xff, 0xff, 0xff, 0xff, 0xff, 0xff, 0xff, 0xff, 0xff, 0xff, 0xff, 0xff,
    0xff, 0xff, 0xff, 0xff, 0xff, 0x00, 0x00, 0x00, 0x00, 0x00, 0x00, 0xff, 0xff, 0xff, 0xff, 0xff,
    0xff, 0xff, 0xff, 0xff, 0xff, 0xff, 0xff, 0xff, 0xff, 0xff, 0xff, 0xff, 0xff, 0xff, 0xff, 0xff,
    0xff, 0x00, 0x00, 0x00, 0x00, 0xff, 0x00, 0x00, 0xff, 0xff, 0xff, 0xff, 0xff, 0xff, 0xff, 0xff,
    0xff, 0xff, 0xff, 0xff, 0xff, 0xff, 0xff, 0xff, 0xff, 0xff, 0xff, 0xff, 0xff, 0x00, 0xff, 0x00,
    0x00, 0x00, 0x00, 0x00, 0xff, 0xff, 0xff, 0xff, 0xff, 0xff, 0xff, 0xff, 0xff, 0xff, 0xff, 0xff,
    0xff, 0xff, 0xff, 0xff, 0xff, 0xff, 0xff, 0xff, 0xff, 0xff, 0x00, 0x00, 0x00, 0x00, 0x00, 0x00,
    0x00, 0xff, 0xff, 0xff, 0xff, 0xff, 0xff, 0xff, 0xff, 0xff, 0xff, 0xff, 0xff, 0xff, 0xff, 0xff,
    0xff, 0xff, 0xff, 0xff, 0xff, 0xff, 0x00, 0x00, 0x00, 0xff, 0x00, 0x00, 0x00, 0x00, 0x00, 0x00,
    0xff, 0xff, 0xff, 0xff, 0xff, 0xff, 0xff, 0xff, 0xff, 0xff, 0xff, 0xff, 0xff, 0xff, 0xff, 0xff,
    0xff, 0xff, 0x00, 0x00, 0x00, 0x00, 0x00, 0x00, 0x00, 0xff, 0x00, 0x00, 0x00, 0x00, 0x00, 0x00,
    0xff, 0xff, 0xff, 0xff, 0xff, 0xff, 0xff, 0xff, 0xff, 0xff, 0xff, 0xff, 0xff, 0xff, 0x00, 0x00,
    0x00, 0x00, 0x00, 0x00, 0x00, 0x00, 0x00, 0x00, 0xff, 0xff, 0x00, 0x00, 0x00, 0x00, 0x00, 0x00,
    0x00, 0x00, 0x00, 0x00, 0xff, 0xff, 0xff, 0xff, 0xff, 0x00, 0x00, 0x00, 0x00, 0x00, 0x00, 0x00,
    0x00, 0x00, 0x00, 0x00, 0x00, 0x00, 0x00, 0x00, 0x00, 0xff, 0xff, 0x00, 0x00, 0x00, 0x00, 0x00,
    0xff, 0x00, 0x00, 0x00, 0x00, 0x00, 0x00, 0x00, 0x00, 0x00, 0x00, 0x00, 0x00, 0x00, 0x00, 0x00,
    0x00, 0x00, 0x00, 0x00, 0x00, 0x00, 0x00, 0x00, 0x00, 0x00, 0x00, 0x00, 0x00, 0x00, 0x00, 0x00,
    0x00, 0x00, 0x00, 0x00, 0x00, 0x00, 0x00, 0x00, 0x00, 0x00, 0x00, 0x00, 0x00, 0x00, 0x00, 0x00,
    0x00, 0x00, 0x00, 0x00, 0x00, 0x00, 0x00, 0x00, 0x00, 0x00, 0x00, 0x00, 0x00, 0x00, 0x00, 0x00,
};

static const LV_ATTRIBUTE_MEM_ALIGN uint8_t app_farm_ico_bag_map[] = {
    0x00, 0x00, 0x00, 0x00, 0x00, 0x00, 0x00, 0x00, 0x00, 0x00, 0x00, 0x00, 0x00, 0x00, 0x00, 0x00,
    0x00, 0x00, 0x00, 0x00, 0x00, 0x00, 0x00, 0x00, 0x00, 0x00, 0x00, 0x00, 0x00, 0x00, 0x00, 0x00,
    0x00, 0x00, 0x00, 0x00, 0x00, 0x00, 0x00, 0x00, 0x00, 0x00, 0x00, 0x00, 0x00, 0x00, 0x00, 0x00,
    0x00, 0x00, 0x00, 0x00, 0x00, 0x00, 0x00, 0x00, 0x00, 0x00, 0x00, 0x00, 0x00, 0x00, 0x00, 0x00,
    0x00, 0x00, 0x00, 0x00, 0x00, 0x00, 0x00, 0x00, 0x00, 0x00, 0x00, 0x00, 0x00, 0x00, 0x00, 0x00,
    0x00, 0x00, 0x00, 0x00, 0x00, 0x00, 0x00, 0x00, 0x00, 0x00, 0x00, 0x00, 0x00, 0x00, 0x00, 0x00,
    0x00, 0x00, 0x00, 0x00, 0x00, 0x00, 0x00, 0x00, 0x00, 0x00, 0x00, 0x00, 0x00, 0x00, 0x00, 0x00,
    0x00, 0x00, 0x00, 0x00, 0x00, 0x00, 0x00, 0x00, 0x00, 0x00, 0x00, 0x00, 0x00, 0x00, 0x00, 0x00,
    0x00, 0x00, 0xf4, 0xdd, 0x0e, 0xd5, 0x8a, 0xd4, 0x69, 0xd4, 0x8a, 0xd4, 0x8c, 0xd4, 0xef, 0xcc,
    0xd5, 0xcd, 0x00, 0x00, 0x00, 0x00, 0x00, 0x00, 0x00, 0x00, 0x00, 0x00, 0x00, 0x00, 0x00, 0x00,
    0x00, 0x00, 0x00, 0x00, 0x00, 0x00, 0x00, 0x00, 0x00, 0x00, 0x00, 0x00, 0x00, 0x00, 0x00, 0x00,
    0x00, 0x00, 0x00, 0x00, 0x00, 0x00, 0x00, 0x00, 0x6c, 0xc4, 0x20, 0x92, 0x60, 0x79, 0x60, 0x71,
    0xa0, 0x79, 0xc0, 0x81, 0x21, 0x9a, 0x82, 0xaa, 0x62, 0x9a, 0x8e, 0xbc, 0x00, 0x00, 0x00, 0x00,
    0x00, 0x00, 0x00, 0x00, 0x00, 0x00, 0x00, 0x00, 0x00, 0x00, 0x00, 0x00, 0x00, 0x00, 0x00, 0x00,
    0x00, 0x00, 0x00, 0x00, 0x00, 0x00, 0x00, 0x00, 0x00, 0x00, 0x00, 0x00, 0x00, 0x00, 0xff, 0xff,
    0xa2, 0x8a, 0x62, 0x61, 0x2f, 0x9c, 0x95, 0xbd, 0x95, 0xbd, 0xd2, 0xac, 0x4b, 0x83, 0xa2, 0x69,
    0x22, 0x8a, 0xe0, 0x60, 0xf1, 0xb4, 0x00, 0x00, 0x00, 0x00, 0x00, 0x00, 0x00, 0x00, 0x00, 0x00,
    0x00, 0x00, 0x00, 0x00, 0x00, 0x00, 0x00, 0x00, 0x00, 0x00, 0x00, 0x00, 0x00, 0x00, 0xff, 0xff,
    0xaa, 0xdc, 0x68, 0xdc, 0xa8, 0xbb, 0x85, 0xb3, 0x03, 0x93, 0x62, 0x59, 0x52, 0xc5, 0x57, 0xe6,
    0xb8, 0xe6, 0x3b, 0xef, 0x9d, 0xf7, 0xf7, 0xc5, 0x47, 0x93, 0x62, 0x7a, 0x48, 0x93, 0x00, 0x00,
    0x00, 0x00, 0x00, 0x00, 0x00, 0x00, 0x00, 0x00, 0x00, 0x00, 0x00, 0x00, 0x00, 0x00, 0x00, 0x00,
    0x00, 0x00, 0x00, 0x00, 0xff, 0xff, 0x66, 0xdc, 0x87, 0xe4, 0xa7, 0xec, 0x84, 0xc3, 0xa3, 0xa2,
    0x42, 0x8a, 0x42, 0x92, 0x61, 0xaa, 0x61, 0xaa, 0x62, 0xa2, 0x83, 0xa2, 0x83, 0xa2, 0xe6, 0xa2,
    0x45, 0xa3, 0xe3, 0x92, 0xc2, 0x79, 0x08, 0x93, 0x0f, 0xd5, 0x50, 0xdd, 0xb2, 0xdd, 0xff, 0xff,
    0x00, 0x00, 0x00, 0x00, 0x00, 0x00, 0x00, 0x00, 0x00, 0x00, 0x00, 0x00, 0x2c, 0xe5, 0xc7, 0xec,
    0x4a, 0xf5, 0x4a, 0xf5, 0x6a, 0xfd, 0x49, 0xf5, 0x09, 0xf5, 0x08, 0xf5, 0xe8, 0xf4, 0xa7, 0xec,
    0x67, 0xec, 0x46, 0xe4, 0xe5, 0xdb, 0x84, 0xcb, 0xa3, 0xa2, 0x62, 0x9a, 0x63, 0x9a, 0x82, 0xa2,
    0x83, 0xd3, 0x84, 0xd3, 0xe0, 0x89, 0x84, 0x92, 0xff, 0xff, 0x00, 0x00, 0x00, 0x00, 0x00, 0x00,
    0x00, 0x00, 0xff, 0xff, 0x26, 0xdc, 0x67, 0xe4, 0x87, 0xec, 0xa7, 0xec, 0xc8, 0xec, 0xe8, 0xec,
    0xe8, 0xf4, 0xe8, 0xec, 0x09, 0xf5, 0x09, 0xf5, 0x09, 0xf5, 0x09, 0xf5, 0x09, 0xf5, 0x09, 0xf5,
    0x09, 0xf5, 0xe8, 0xec, 0xc8, 0xec, 0xa7, 0xec, 0xc8, 0xec, 0xc4, 0x9a, 0xc1, 0x38, 0xe0, 0x50,
    0x94, 0xcd, 0x00, 0x00, 0x00, 0x00, 0x00, 0x00, 0x00, 0x00, 0xd3, 0xdd, 0xa3, 0xd3, 0x26, 0xe4,
    0x26, 0xe4, 0x26, 0xe4, 0x46, 0xe4, 0x46, 0xe4, 0x46, 0xe4, 0x46, 0xe4, 0x46, 0xe4, 0x67, 0xe4,
    0x87, 0xe4, 0x87, 0xec, 0x87, 0xec, 0xa7, 0xec, 0xa7, 0xec, 0xa7, 0xec, 0xa8, 0xec, 0x87, 0xe4,
    0x67, 0xdc, 0x21, 0x51, 0xc1, 0x38, 0xc0, 0x48, 0x33, 0xbd, 0x00, 0x00, 0x00, 0x00, 0x00, 0x00,
    0x00, 0x00, 0x50, 0xdd, 0x83, 0xcb, 0xe6, 0xdb, 0xe5, 0xdb, 0xe5, 0xdb, 0x05, 0xdc, 0xe5, 0xdb,
    0xe5, 0xdb, 0xe5, 0xdb, 0xe5, 0xdb, 0xe5, 0xdb, 0x06, 0xdc, 0x05, 0xdc, 0x05, 0xdc, 0x05, 0xdc,
    0x05, 0xdc, 0x05, 0xdc, 0xe5, 0xdb, 0x26, 0xdc, 0x24, 0xb3, 0x21, 0x51, 0x41, 0x59, 0xc0, 0x50,
    0x2e, 0xa4, 0x00, 0x00, 0x00, 0x00, 0x00, 0x00, 0x00, 0x00, 0x0e, 0xdd, 0x43, 0xcb, 0xc5, 0xd3,
    0xc5, 0xd3, 0xc5, 0xd3, 0xc5, 0xd3, 0xc5, 0xd3, 0xa5, 0xd3, 0xa5, 0xd3, 0xc5, 0xd3, 0xa5, 0xd3,
    0xa5, 0xd3, 0xc5, 0xd3, 0xc5, 0xd3, 0xc5, 0xd3, 0xc5, 0xd3, 0xc5, 0xd3, 0xa5, 0xd3, 0xe5, 0xdb,
    0x83, 0x9a, 0x21, 0x59, 0x61, 0x61, 0xe0, 0x50, 0x09, 0x8b, 0x00, 0x00, 0x00, 0x00, 0x00, 0x00,
    0x00, 0x00, 0x2f, 0xdd, 0x22, 0xc3, 0xa5, 0xcb, 0x84, 0xcb, 0x85, 0xcb, 0x84, 0xcb, 0x84, 0xcb,
    0x84, 0xcb, 0x64, 0xcb, 0x44, 0xc3, 0x64, 0xcb, 0x84, 0xcb, 0x84, 0xcb, 0x84, 0xcb, 0x84, 0xcb,
    0x84, 0xcb, 0x84, 0xcb, 0x64, 0xcb, 0xa5, 0xd3, 0x22, 0x82, 0x41, 0x59, 0x61, 0x61, 0x40, 0x59,
    0x04, 0x72, 0x00, 0x00, 0x00, 0x00, 0x00, 0x00, 0x00, 0x00, 0xb3, 0xd5, 0x23, 0xc3, 0x65, 0xc3,
    0x64, 0xcb, 0x84, 0xcb, 0x64, 0xcb, 0x64, 0xcb, 0x24, 0xbb, 0xa3, 0xaa, 0xa3, 0xa2, 0x63, 0x9a,
    0x03, 0xbb, 0x44, 0xc3, 0x44, 0xc3, 0x44, 0xc3, 0x44, 0xc3, 0x44, 0xcb, 0x44, 0xc3, 0x84, 0xcb,
    0xc2, 0x71, 0x41, 0x59, 0x61, 0x61, 0x61, 0x61, 0x41, 0x59, 0x95, 0xbd, 0x00, 0x00, 0x00, 0x00,
    0x00, 0x00, 0x95, 0xbd, 0x62, 0x9a, 0x84, 0xcb, 0x03, 0xb3, 0xe3, 0xaa, 0x24, 0xbb, 0x24, 0xc3,
    0xa3, 0xa2, 0xe9, 0xcc, 0xa8, 0xe5, 0x02, 0xab, 0x02, 0x8a, 0x24, 0xc3, 0x44, 0xc3, 0x44, 0xc3,
    0x44, 0xc3, 0x24, 0xc3, 0x24, 0xbb, 0x44, 0xc3, 0x41, 0x59, 0x61, 0x61, 0x61, 0x61, 0x61, 0x61,
    0xe0, 0x50, 0x33, 0xbd, 0x00, 0x00, 0x00, 0x00, 0x00, 0x00, 0x52, 0xc5, 0x00, 0x61, 0x42, 0x8a,
    0x83, 0x9a, 0xa3, 0xa2, 0x42, 0x8a, 0xa3, 0xaa, 0x43, 0xab, 0xcb, 0xfe, 0x68, 0xfe, 0x22, 0xd4,
    0xc1, 0x79, 0xc3, 0xaa, 0xe3, 0xb2, 0xe3, 0xb2, 0x03, 0xbb, 0x04, 0xbb, 0x84, 0xcb, 0xa3, 0xa2,
    0xe0, 0x48, 0x81, 0x69, 0x61, 0x61, 0x82, 0x61, 0xc0, 0x50, 0x6f, 0xac, 0x00, 0x00, 0x00, 0x00,
    0x00, 0x00, 0x8f, 0xbc, 0xa0, 0x81, 0x61, 0x61, 0x02, 0x82, 0x42, 0x9a, 0x81, 0x71, 0xc2, 0x71,
    0x02, 0xa3, 0x22, 0xf5, 0x02, 0xed, 0xc2, 0xc3, 0xa1, 0x79, 0xc3, 0xaa, 0xc3, 0xa2, 0xa3, 0xa2,
    0x22, 0x8a, 0x44, 0xc3, 0xc3, 0xaa, 0x41, 0x59, 0x01, 0x49, 0xc2, 0x79, 0x61, 0x61, 0x62, 0x61,
    0xc0, 0x50, 0x8c, 0x93, 0x00, 0x00, 0x00, 0x00, 0x00, 0x00, 0xcb, 0xab, 0xe1, 0x89, 0x65, 0xab,
    0x87, 0xc4, 0x45, 0xbc, 0x82, 0x82, 0xa0, 0x38, 0xa1, 0x71, 0x82, 0xbb, 0xe2, 0xc3, 0x82, 0x92,
    0x21, 0x59, 0x41, 0x61, 0x22, 0x8a, 0x02, 0x92, 0x61, 0x69, 0x61, 0x61, 0x00, 0x49, 0x21, 0x59,
    0x41, 0x59, 0x02, 0x82, 0x81, 0x69, 0x61, 0x61, 0xe0, 0x50, 0xe9, 0x82, 0x00, 0x00, 0x00, 0x00,
    0x00, 0x00, 0x27, 0x9b, 0x01, 0x92, 0x83, 0xab, 0xa2, 0xa2, 0xc3, 0xa2, 0x62, 0xa3, 0x61, 0x61,
    0xa1, 0x71, 0x61, 0x61, 0x81, 0x69, 0x21, 0x51, 0xc0, 0x40, 0xe5, 0x82, 0x27, 0xb4, 0xe5, 0xb3,
    0xe2, 0x69, 0xe0, 0x40, 0x81, 0x69, 0xa1, 0x71, 0x81, 0x69, 0x22, 0x8a, 0x81, 0x69, 0x61, 0x61,
    0x00, 0x51, 0x67, 0x72, 0x00, 0x00, 0x00, 0x00, 0x00, 0x00, 0xc6, 0x92, 0xe1, 0x89, 0x63, 0xab,
    0xa3, 0x92, 0x42, 0x82, 0xc1, 0x92, 0x61, 0x69, 0x62, 0x9a, 0xe2, 0x79, 0x61, 0x61, 0x81, 0x69,
    0xe2, 0x79, 0xe4, 0xb3, 0x24, 0xb3, 0x84, 0xb3, 0x83, 0xab, 0x41, 0x61, 0x22, 0x8a, 0x02, 0x82,
    0x81, 0x69, 0x22, 0x8a, 0x81, 0x69, 0x41, 0x59, 0x00, 0x51, 0x46, 0x72, 0x00, 0x00, 0x00, 0x00,
    0x00, 0x00, 0xe7, 0x8a, 0xc1, 0x79, 0x42, 0x8a, 0x23, 0x9b, 0x83, 0xab, 0x01, 0x72, 0x81, 0x69,
    0x42, 0x92, 0x42, 0x92, 0x42, 0x92, 0x22, 0x92, 0x62, 0x92, 0x42, 0xab, 0xc2, 0x79, 0x01, 0x82,
    0xe1, 0x9a, 0x41, 0x61, 0x22, 0x8a, 0xe2, 0x81, 0x81, 0x69, 0x02, 0x8a, 0x81, 0x61, 0x21, 0x51,
    0xe0, 0x48, 0xa8, 0x7a, 0x00, 0x00, 0x00, 0x00, 0x00, 0x00, 0x2e, 0xac, 0x00, 0x61, 0x03, 0x82,
    0xe2, 0x81, 0xa1, 0x71, 0xe0, 0x48, 0xa2, 0x71, 0x02, 0x8a, 0x02, 0x8a, 0x22, 0x8a, 0x22, 0x8a,
    0xe2, 0x81, 0x22, 0xa3, 0x63, 0xa3, 0xa3, 0xab, 0x82, 0x82, 0x41, 0x61, 0x02, 0x82, 0xc2, 0x79,
    0x61, 0x61, 0x02, 0x8a, 0x61, 0x61, 0x42, 0x51, 0x80, 0x40, 0x4f, 0xa4, 0x00, 0x00, 0x00, 0x00,
    0x00, 0x00, 0xff, 0xff, 0x04, 0x72, 0x40, 0x69, 0x63, 0x9a, 0x02, 0x7a, 0x21, 0x49, 0xa2, 0x69,
    0xc2, 0x79, 0xc2, 0x79, 0xe2, 0x79, 0xe2, 0x81, 0xc2, 0x79, 0xa1, 0x71, 0xe1, 0x79, 0xe1, 0x79,
    0x01, 0x49, 0x81, 0x69, 0xc2, 0x79, 0xa1, 0x71, 0x61, 0x61, 0x02, 0x82, 0x41, 0x59, 0x80, 0x38,
    0x26, 0x62, 0xff, 0xff, 0x00, 0x00, 0x00, 0x00, 0x00, 0x00, 0x00, 0x00, 0xff, 0xff, 0x4a, 0x93,
    0x82, 0x61, 0xa0, 0x40, 0x80, 0x40, 0xe0, 0x50, 0x40, 0x59, 0x81, 0x61, 0xa2, 0x69, 0xa2, 0x69,
    0x81, 0x61, 0x23, 0x82, 0x43, 0x92, 0xe2, 0x79, 0x01, 0x49, 0x61, 0x61, 0x81, 0x69, 0x61, 0x61,
    0xa2, 0x69, 0x81, 0x71, 0x01, 0x49, 0x4b, 0x83, 0xff, 0xff, 0x00, 0x00, 0x00, 0x00, 0x00, 0x00,
    0x00, 0x00, 0x00, 0x00, 0x00, 0x00, 0x00, 0x00, 0xb6, 0xbd, 0xf2, 0xb4, 0xcd, 0x9b, 0xa7, 0x7a,
    0xc3, 0x69, 0x40, 0x61, 0xe0, 0x50, 0xc0, 0x50, 0xc0, 0x48, 0x20, 0x59, 0xa1, 0x79, 0x20, 0x51,
    0xc0, 0x40, 0x00, 0x51, 0x20, 0x59, 0x20, 0x59, 0x00, 0x61, 0xe9, 0x82, 0xff, 0xff, 0x00, 0x00,
    0x00, 0x00, 0x00, 0x00, 0x00, 0x00, 0x00, 0x00, 0x00, 0x00, 0x00, 0x00, 0x00, 0x00, 0x00, 0x00,
    0x00, 0x00, 0x00, 0x00, 0x00, 0x00, 0x00, 0x00, 0x00, 0x00, 0x74, 0xbd, 0x12, 0xb5, 0x70, 0xac,
    0xcc, 0x9b, 0x09, 0x83, 0x46, 0x6a, 0xe5, 0x61, 0xc4, 0x61, 0xe4, 0x69, 0x45, 0x7a, 0xc8, 0x8a,
    0x90, 0xac, 0x00, 0x00, 0x00, 0x00, 0x00, 0x00, 0x00, 0x00, 0x00, 0x00, 0x00, 0x00, 0x00, 0x00,
    0x00, 0x00, 0x00, 0x00, 0x00, 0x00, 0x00, 0x00, 0x00, 0x00, 0x00, 0x00, 0x00, 0x00, 0x00, 0x00,
    0x00, 0x00, 0x00, 0x00, 0x00, 0x00, 0x00, 0x00, 0x00, 0x00, 0x00, 0x00, 0x00, 0x00, 0x00, 0x00,
    0x00, 0x00, 0x00, 0x00, 0x00, 0x00, 0x00, 0x00, 0x00, 0x00, 0x00, 0x00, 0x00, 0x00, 0x00, 0x00,
    0x00, 0x00, 0x00, 0x00, 0x00, 0x00, 0x00, 0x00, 0x00, 0x00, 0x00, 0x00, 0x00, 0x00, 0x00, 0x00,
    0x00, 0x00, 0x00, 0x00, 0x00, 0x00, 0x00, 0x00, 0x00, 0x00, 0x00, 0x00, 0x00, 0x00, 0x00, 0x00,
    0x00, 0x00, 0x00, 0x00, 0x00, 0x00, 0x00, 0x00, 0x00, 0x00, 0x00, 0x00, 0x00, 0x00, 0x00, 0x00,
    0x00, 0x00, 0x00, 0x00, 0x00, 0x00, 0x00, 0x00, 0x00, 0x00, 0x00, 0x00, 0x00, 0x00, 0x00, 0x00,
    0x00, 0x00, 0x00, 0x00, 0x00, 0x00, 0x00, 0x00, 0x00, 0x00, 0x00, 0x00, 0x00, 0x00, 0x00, 0x00,
    0x00, 0x00, 0x00, 0x00, 0x00, 0x00, 0x00, 0x00, 0x00, 0x00, 0x00, 0x00, 0x00, 0x00, 0x00, 0x00,
    0x00, 0x00, 0x00, 0x00, 0x00, 0x00, 0x00, 0x00, 0x00, 0x00, 0x00, 0x00, 0x00, 0x00, 0x00, 0x00,
    0x00, 0x00, 0x00, 0x00, 0x00, 0x00, 0x00, 0x00, 0x00, 0x00, 0x00, 0x00, 0x00, 0x00, 0x00, 0x00,
    0x00, 0xff, 0xff, 0xff, 0xff, 0xff, 0xff, 0xff, 0xff, 0x00, 0x00, 0x00, 0x00, 0x00, 0x00, 0x00,
    0x00, 0x00, 0x00, 0x00, 0x00, 0x00, 0x00, 0x00, 0x00, 0x00, 0x00, 0x00, 0xff, 0xff, 0xff, 0xff,
    0xff, 0xff, 0xff, 0xff, 0xff, 0xff, 0x00, 0x00, 0x00, 0x00, 0x00, 0x00, 0x00, 0x00, 0x00, 0x00,
    0x00, 0x00, 0x00, 0x00, 0x00, 0x00, 0x00, 0xff, 0xff, 0xff, 0xff, 0xff, 0xff, 0xff, 0xff, 0xff,
    0xff, 0xff, 0xff, 0x00, 0x00, 0x00, 0x00, 0x00, 0x00, 0x00, 0x00, 0x00, 0x00, 0x00, 0x00, 0xff,
    0xff, 0xff, 0xff, 0xff, 0xff, 0xff, 0xff, 0xff, 0xff, 0xff, 0xff, 0xff, 0xff, 0xff, 0xff, 0x00,
    0x00, 0x00, 0x00, 0x00, 0x00, 0x00, 0x00, 0x00, 0x00, 0x00, 0xff, 0xff, 0xff, 0xff, 0xff, 0xff,
    0xff, 0xff, 0xff, 0xff, 0xff, 0xff, 0xff, 0xff, 0xff, 0xff, 0xff, 0xff, 0xff, 0xff, 0xff, 0xff,
    0x00, 0x00, 0x00, 0x00, 0x00, 0x00, 0xff, 0xff, 0xff, 0xff, 0xff, 0xff, 0xff, 0xff, 0xff, 0xff,
    0xff, 0xff, 0xff, 0xff, 0xff, 0xff, 0xff, 0xff, 0xff, 0xff, 0xff, 0xff, 0xff, 0x00, 0x00, 0x00,
    0x00, 0xff, 0xff, 0xff, 0xff, 0xff, 0xff, 0xff, 0xff, 0xff, 0xff, 0xff, 0xff, 0xff, 0xff, 0xff,
    0xff, 0xff, 0xff, 0xff, 0xff, 0xff, 0xff, 0xff, 0xff, 0x00, 0x00, 0x00, 0x00, 0xff, 0xff, 0xff,
    0xff, 0xff, 0xff, 0xff, 0xff, 0xff, 0xff, 0xff, 0xff, 0xff, 0xff, 0xff, 0xff, 0xff, 0xff, 0xff,
    0xff, 0xff, 0xff, 0xff, 0xff, 0x00, 0x00, 0x00, 0x00, 0xff, 0xff, 0xff, 0xff, 0xff, 0xff, 0xff,
    0xff, 0xff, 0xff, 0xff, 0xff, 0xff, 0xff, 0xff, 0xff, 0xff, 0xff, 0xff, 0xff, 0xff, 0xff, 0xff,
    0xff, 0x00, 0x00, 0x00, 0x00, 0xff, 0xff, 0xff, 0xff, 0xff, 0xff, 0xff, 0xff, 0xff, 0xff, 0xff,
    0xff, 0xff, 0xff, 0xff, 0xff, 0xff, 0xff, 0xff, 0xff, 0xff, 0xff, 0xff, 0xff, 0x00, 0x00, 0x00,
    0x00, 0xff, 0xff, 0xff, 0xff, 0xff, 0xff, 0xff, 0xff, 0xff, 0xff, 0xff, 0xff, 0xff, 0xff, 0xff,
    0xff, 0xff, 0xff, 0xff, 0xff, 0xff, 0xff, 0xff, 0xff, 0x00, 0x00, 0x00, 0x00, 0xff, 0xff, 0xff,
    0xff, 0xff, 0xff, 0xff, 0xff, 0xff, 0xff, 0xff, 0xff, 0xff, 0xff, 0xff, 0xff, 0xff, 0xff, 0xff,
    0xff, 0xff, 0xff, 0xff, 0xff, 0xff, 0x00, 0x00, 0x00, 0xff, 0xff, 0xff, 0xff, 0xff, 0xff, 0xff,
    0xff, 0xff, 0xff, 0xff, 0xff, 0xff, 0xff, 0xff, 0xff, 0xff, 0xff, 0xff, 0xff, 0xff, 0xff, 0xff,
    0xff, 0xff, 0x00, 0x00, 0x00, 0xff, 0xff, 0xff, 0xff, 0xff, 0xff, 0xff, 0xff, 0xff, 0xff, 0xff,
    0xff, 0xff, 0xff, 0xff, 0xff, 0xff, 0xff, 0xff, 0xff, 0xff, 0xff, 0xff, 0xff, 0xff, 0x00, 0x00,
    0x00, 0xff, 0xff, 0xff, 0xff, 0xff, 0xff, 0xff, 0xff, 0xff, 0xff, 0xff, 0xff, 0xff, 0xff, 0xff,
    0xff, 0xff, 0xff, 0xff, 0xff, 0xff, 0xff, 0xff, 0xff, 0xff, 0x00, 0x00, 0x00, 0xff, 0xff, 0xff,
    0xff, 0xff, 0xff, 0xff, 0xff, 0xff, 0xff, 0xff, 0xff, 0xff, 0xff, 0xff, 0xff, 0xff, 0xff, 0xff,
    0xff, 0xff, 0xff, 0xff, 0xff, 0xff, 0x00, 0x00, 0x00, 0xff, 0xff, 0xff, 0xff, 0xff, 0xff, 0xff,
    0xff, 0xff, 0xff, 0xff, 0xff, 0xff, 0xff, 0xff, 0xff, 0xff, 0xff, 0xff, 0xff, 0xff, 0xff, 0xff,
    0xff, 0xff, 0x00, 0x00, 0x00, 0xff, 0xff, 0xff, 0xff, 0xff, 0xff, 0xff, 0xff, 0xff, 0xff, 0xff,
    0xff, 0xff, 0xff, 0xff, 0xff, 0xff, 0xff, 0xff, 0xff, 0xff, 0xff, 0xff, 0xff, 0xff, 0x00, 0x00,
    0x00, 0xff, 0xff, 0xff, 0xff, 0xff, 0xff, 0xff, 0xff, 0xff, 0xff, 0xff, 0xff, 0xff, 0xff, 0xff,
    0xff, 0xff, 0xff, 0xff, 0xff, 0xff, 0xff, 0xff, 0xff, 0xff, 0x00, 0x00, 0x00, 0xff, 0xff, 0xff,
    0xff, 0xff, 0xff, 0xff, 0xff, 0xff, 0xff, 0xff, 0xff, 0xff, 0xff, 0xff, 0xff, 0xff, 0xff, 0xff,
    0xff, 0xff, 0xff, 0xff, 0xff, 0xff, 0x00, 0x00, 0x00, 0xff, 0xff, 0xff, 0xff, 0xff, 0xff, 0xff,
    0xff, 0xff, 0xff, 0xff, 0xff, 0xff, 0xff, 0xff, 0xff, 0xff, 0xff, 0xff, 0xff, 0xff, 0xff, 0xff,
    0xff, 0xff, 0x00, 0x00, 0x00, 0x00, 0xff, 0xff, 0xff, 0xff, 0xff, 0xff, 0xff, 0xff, 0xff, 0xff,
    0xff, 0xff, 0xff, 0xff, 0xff, 0xff, 0xff, 0xff, 0xff, 0xff, 0xff, 0xff, 0xff, 0x00, 0x00, 0x00,
    0x00, 0x00, 0x00, 0x00, 0xff, 0xff, 0xff, 0xff, 0xff, 0xff, 0xff, 0xff, 0xff, 0xff, 0xff, 0xff,
    0xff, 0xff, 0xff, 0xff, 0xff, 0xff, 0xff, 0x00, 0x00, 0x00, 0x00, 0x00, 0x00, 0x00, 0x00, 0x00,
    0x00, 0x00, 0x00, 0x00, 0x00, 0xff, 0xff, 0xff, 0xff, 0xff, 0xff, 0xff, 0xff, 0xff, 0xff, 0xff,
    0xff, 0x00, 0x00, 0x00, 0x00, 0x00, 0x00, 0x00, 0x00, 0x00, 0x00, 0x00, 0x00, 0x00, 0x00, 0x00,
    0x00, 0x00, 0x00, 0x00, 0x00, 0x00, 0x00, 0x00, 0x00, 0x00, 0x00, 0x00, 0x00, 0x00, 0x00, 0x00,
    0x00, 0x00, 0x00, 0x00, 0x00, 0x00, 0x00, 0x00, 0x00, 0x00, 0x00, 0x00, 0x00, 0x00, 0x00, 0x00,
    0x00, 0x00, 0x00, 0x00, 0x00, 0x00, 0x00, 0x00, 0x00, 0x00, 0x00, 0x00, 0x00, 0x00, 0x00, 0x00,
};

static const LV_ATTRIBUTE_MEM_ALIGN uint8_t app_farm_ico_steal_map[] = {
    0x00, 0x00, 0x00, 0x00, 0x00, 0x00, 0x00, 0x00, 0x00, 0x00, 0x00, 0x00, 0x00, 0x00, 0x00, 0x00,
    0x00, 0x00, 0x00, 0x00, 0x00, 0x00, 0x00, 0x00, 0x00, 0x00, 0x00, 0x00, 0x00, 0x00, 0x00, 0x00,
    0x00, 0x00, 0x00, 0x00, 0x00, 0x00, 0x00, 0x00, 0x00, 0x00, 0x00, 0x00, 0x00, 0x00, 0x00, 0x00,
    0x00, 0x00, 0x00, 0x00, 0x00, 0x00, 0x00, 0x00, 0x00, 0x00, 0x00, 0x00, 0x00, 0x00, 0x00, 0x00,
    0x00, 0x00, 0xff, 0xff, 0xff, 0xff, 0xff, 0xff, 0xff, 0xff, 0xff, 0xff, 0xff, 0xff, 0x00, 0x00,
    0x00, 0x00, 0x00, 0x00, 0x00, 0x00, 0x00, 0x00, 0x00, 0x00, 0x00, 0x00, 0x00, 0x00, 0x00, 0x00,
    0x00, 0x00, 0x00, 0x00, 0x00, 0x00, 0x00, 0x00, 0x00, 0x00, 0x00, 0x00, 0x00, 0x00, 0x00, 0x00,
    0x00, 0x00, 0x00, 0x00, 0x00, 0x00, 0x00, 0x00, 0xff, 0xff, 0x4e, 0xfe, 0x27, 0xf6, 0xe5, 0xfd,
    0x84, 0xfd, 0xc4, 0xfd, 0x08, 0xfe, 0xff, 0xff, 0xff, 0xff, 0x00, 0x00, 0x00, 0x00, 0x00, 0x00,
    0x00, 0x00, 0x00, 0x00, 0x00, 0x00, 0x00, 0x00, 0x00, 0x00, 0x00, 0x00, 0x00, 0x00, 0x00, 0x00,
    0x00, 0x00, 0x00, 0x00, 0x00, 0x00, 0x00, 0x00, 0x00, 0x00, 0x00, 0x00, 0x00, 0x00, 0xff, 0xff,
    0xc9, 0xf5, 0x45, 0xfe, 0x89, 0xfe, 0xcb, 0xfe, 0xa9, 0xfe, 0x02, 0xf5, 0x61, 0xec, 0x00, 0xe4,
    0x0a, 0xe5, 0xff, 0xff, 0xff, 0xff, 0xff, 0xff, 0x00, 0x00, 0x00, 0x00, 0x00, 0x00, 0x00, 0x00,
    0x00, 0x00, 0x00, 0x00, 0x00, 0x00, 0x00, 0x00, 0x00, 0x00, 0x00, 0x00, 0x00, 0x00, 0x00, 0x00,
    0x00, 0x00, 0x00, 0x00, 0x00, 0x00, 0xee, 0xfd, 0x40, 0xf5, 0x46, 0xfe, 0xca, 0xfe, 0xa8, 0xfe,
    0x61, 0xe4, 0x27, 0xdc, 0x6e, 0xed, 0x11, 0xf6, 0x31, 0xf6, 0x12, 0xfe, 0x52, 0xfe, 0x73, 0xfe,
    0xff, 0xff, 0xff, 0xff, 0xff, 0xff, 0xff, 0xff, 0x00, 0x00, 0x00, 0x00, 0x00, 0x00, 0x00, 0x00,
    0x00, 0x00, 0x00, 0x00, 0x00, 0x00, 0x00, 0x00, 0x00, 0x00, 0x00, 0x00, 0xff, 0xff, 0xc1, 0xec,
    0x01, 0xfd, 0xa4, 0xfd, 0x45, 0xfe, 0x01, 0xdc, 0x0d, 0xed, 0xd5, 0xfe, 0xf5, 0xfe, 0xd4, 0xfe,
    0xd4, 0xfe, 0xb4, 0xfe, 0xb4, 0xfe, 0x93, 0xfe, 0x93, 0xfe, 0x52, 0xfe, 0x11, 0xf6, 0x53, 0xfe,
    0xff, 0xff, 0x00, 0x00, 0x00, 0x00, 0x00, 0x00, 0x00, 0x00, 0x00, 0x00, 0x00, 0x00, 0x00, 0x00,
    0x00, 0x00, 0x00, 0x00, 0xff, 0xff, 0x80, 0xec, 0x42, 0xfd, 0x82, 0xfd, 0xc0, 0xe3, 0x0c, 0xed,
    0xf5, 0xfe, 0xb3, 0xfe, 0xb4, 0xfe, 0xb4, 0xfe, 0xb4, 0xfe, 0xb4, 0xfe, 0xb4, 0xfe, 0xb4, 0xfe,
    0xb4, 0xfe, 0x93, 0xfe, 0x93, 0xfe, 0x72, 0xfe, 0xb0, 0xf5, 0xff, 0xff, 0x00, 0x00, 0x00, 0x00,
    0x00, 0x00, 0x00, 0x00, 0x00, 0x00, 0x00, 0x00, 0x00, 0x00, 0x00, 0x00, 0x8e, 0xed, 0xa0, 0xe3,
    0x42, 0xfd, 0xe0, 0xf4, 0xc5, 0xdb, 0x92, 0xfe, 0x93, 0xfe, 0xb3, 0xfe, 0xb4, 0xfe, 0xb4, 0xfe,
    0xb4, 0xfe, 0xb4, 0xfe, 0xb4, 0xfe, 0xb4, 0xfe, 0xb4, 0xfe, 0xb4, 0xfe, 0x32, 0xfe, 0x31, 0xfe,
    0x92, 0xfe, 0x6e, 0xf5, 0xff, 0xff, 0xff, 0xff, 0x00, 0x00, 0x00, 0x00, 0x00, 0x00, 0x00, 0x00,
    0x00, 0x00, 0x00, 0x00, 0xd0, 0xed, 0x00, 0xd3, 0x81, 0xf4, 0xa0, 0xdb, 0x69, 0xec, 0x92, 0xfe,
    0x93, 0xfe, 0xb3, 0xfe, 0xb3, 0xfe, 0x93, 0xfe, 0x93, 0xfe, 0x93, 0xfe, 0x93, 0xfe, 0x93, 0xfe,
    0xb3, 0xfe, 0xb4, 0xfe, 0xb4, 0xfe, 0xf1, 0xfd, 0xf0, 0xfd, 0x51, 0xfe, 0x0b, 0xf5, 0x39, 0xff,
    0x00, 0x00, 0x00, 0x00, 0x00, 0x00, 0x00, 0x00, 0x00, 0x00, 0x00, 0x00, 0xff, 0xff, 0x40, 0xd3,
    0xc0, 0xe3, 0x00, 0xcb, 0x69, 0xec, 0x51, 0xfe, 0x93, 0xfe, 0xb3, 0xfe, 0x93, 0xfe, 0x72, 0xfe,
    0x52, 0xfe, 0x10, 0xfe, 0xef, 0xfd, 0x10, 0xfe, 0x72, 0xfe, 0x93, 0xfe, 0x93, 0xfe, 0xd4, 0xfe,
    0xaf, 0xfd, 0xae, 0xfd, 0x8e, 0xfd, 0xeb, 0xf4, 0xff, 0xff, 0x00, 0x00, 0x00, 0x00, 0x00, 0x00,
    0x00, 0x00, 0x00, 0x00, 0x00, 0x00, 0xff, 0xff, 0xa1, 0xd3, 0x00, 0xcb, 0xc7, 0xdb, 0x10, 0xfe,
    0x72, 0xfe, 0x93, 0xfe, 0x93, 0xfe, 0x51, 0xfe, 0x2b, 0xfd, 0xc5, 0xeb, 0x03, 0xd3, 0x24, 0xdb,
    0x69, 0xf4, 0xae, 0xfd, 0x72, 0xfe, 0x73, 0xfe, 0x73, 0xfe, 0x0c, 0xf5, 0x6d, 0xfd, 0x48, 0xec,
    0x76, 0xfe, 0x00, 0x00, 0x00, 0x00, 0x00, 0x00, 0x00, 0x00, 0x00, 0x00, 0x00, 0x00, 0x00, 0x00,
    0xff, 0xff, 0x83, 0xd3, 0x01, 0xcb, 0x6d, 0xfd, 0x72, 0xfe, 0x93, 0xfe, 0x93, 0xfe, 0xae, 0xfd,
    0x24, 0xd3, 0x10, 0xdd, 0x16, 0xe6, 0x0b, 0xcc, 0x41, 0xa2, 0x44, 0xd3, 0x6d, 0xfd, 0x51, 0xfe,
    0x72, 0xfe, 0x4d, 0xf5, 0xca, 0xf4, 0x48, 0xec, 0x6f, 0xf5, 0x00, 0x00, 0x00, 0x00, 0x00, 0x00,
    0x00, 0x00, 0x00, 0x00, 0x00, 0x00, 0x00, 0x00, 0x00, 0x00, 0xff, 0xff, 0x77, 0xee, 0x8a, 0xec,
    0x30, 0xfe, 0x93, 0xfe, 0xb3, 0xfe, 0xca, 0xf4, 0x93, 0xe5, 0xff, 0xff, 0xff, 0xff, 0xb3, 0xb6,
    0x20, 0x55, 0xa1, 0x8a, 0x25, 0xe3, 0xae, 0xfd, 0x31, 0xfe, 0xaf, 0xf5, 0x69, 0xec, 0x07, 0xec,
    0xee, 0xec, 0x00, 0x00, 0x00, 0x00, 0x00, 0x00, 0x00, 0x00, 0x00, 0x00, 0x00, 0x00, 0x00, 0x00,
    0x00, 0x00, 0x00, 0x00, 0x00, 0x00, 0xff, 0xff, 0x2c, 0xf5, 0x72, 0xfe, 0x93, 0xfe, 0xeb, 0xf4,
    0x71, 0xc5, 0xec, 0x75, 0x67, 0x75, 0x85, 0x54, 0x61, 0x3c, 0x40, 0x33, 0xc0, 0x52, 0x07, 0xec,
    0xad, 0xfd, 0x6d, 0xfd, 0xe7, 0xeb, 0xa6, 0xe3, 0x56, 0xf6, 0x00, 0x00, 0x00, 0x00, 0x00, 0x00,
    0x00, 0x00, 0x00, 0x00, 0x00, 0x00, 0x00, 0x00, 0x00, 0x00, 0x00, 0x00, 0x00, 0x00, 0xff, 0xff,
    0xcb, 0xf4, 0x30, 0xfe, 0x72, 0xfe, 0x8d, 0xfd, 0x82, 0x92, 0x00, 0x43, 0xc0, 0x44, 0x20, 0x2c,
    0xa0, 0x23, 0xc0, 0x2b, 0x00, 0x24, 0xe0, 0x79, 0xa4, 0xe2, 0xa3, 0xc2, 0x85, 0xe3, 0x29, 0xec,
    0xff, 0xff, 0x00, 0x00, 0x00, 0x00, 0x00, 0x00, 0x00, 0x00, 0x00, 0x00, 0x00, 0x00, 0x00, 0x00,
    0x00, 0x00, 0x00, 0x00, 0x00, 0x00, 0x00, 0x00, 0x8f, 0xfd, 0xad, 0xfd, 0x31, 0xfe, 0x6d, 0xfd,
    0x02, 0xda, 0x61, 0xf1, 0xc0, 0xa1, 0xc2, 0x54, 0xa1, 0x3c, 0xe1, 0x2b, 0x82, 0x55, 0xe1, 0x4b,
    0xc0, 0xc0, 0xe1, 0xd0, 0xc2, 0xc1, 0x91, 0xf5, 0x00, 0x00, 0x00, 0x00, 0x00, 0x00, 0x00, 0x00,
    0x00, 0x00, 0x00, 0x00, 0x00, 0x00, 0x00, 0x00, 0x00, 0x00, 0x00, 0x00, 0x00, 0x00, 0x00, 0x00,
    0xff, 0xff, 0x32, 0xfe, 0x31, 0xfe, 0xca, 0xf4, 0xc0, 0xd1, 0x00, 0xfa, 0x80, 0xc2, 0x82, 0x3d,
    0x60, 0x53, 0x40, 0xb1, 0x80, 0x82, 0x40, 0x43, 0xc0, 0xb9, 0x41, 0xf9, 0xc0, 0xc8, 0xb6, 0xed,
    0x00, 0x00, 0x00, 0x00, 0x00, 0x00, 0x00, 0x00, 0x00, 0x00, 0x00, 0x00, 0x00, 0x00, 0x00, 0x00,
    0x00, 0x00, 0x00, 0x00, 0x00, 0x00, 0x00, 0x00, 0xff, 0xff, 0xcf, 0xfd, 0xad, 0xfd, 0x24, 0xdb,
    0xe1, 0xe1, 0x4d, 0xfd, 0xe7, 0xdb, 0x80, 0x6a, 0x80, 0xd9, 0x01, 0xfa, 0xa0, 0xf9, 0x40, 0xf1,
    0x60, 0xf1, 0x40, 0xe9, 0xe0, 0xd8, 0x47, 0xd2, 0xff, 0xff, 0x00, 0x00, 0x00, 0x00, 0x00, 0x00,
    0x00, 0x00, 0x00, 0x00, 0x00, 0x00, 0x00, 0x00, 0x00, 0x00, 0x00, 0x00, 0x00, 0x00, 0x00, 0x00,
    0xff, 0xff, 0x85, 0xdb, 0x05, 0xdb, 0x40, 0xc9, 0x04, 0xfb, 0xb4, 0xfe, 0x6a, 0xfc, 0x62, 0xfa,
    0xe3, 0xfa, 0x41, 0xfa, 0x21, 0xfa, 0xc0, 0xf9, 0x60, 0xf1, 0x40, 0xe9, 0xe0, 0xd8, 0x01, 0xc9,
    0xff, 0xff, 0x00, 0x00, 0x00, 0x00, 0x00, 0x00, 0x00, 0x00, 0x00, 0x00, 0x00, 0x00, 0x00, 0x00,
    0x00, 0x00, 0x00, 0x00, 0x00, 0x00, 0x00, 0x00, 0x00, 0x00, 0x0a, 0xd3, 0x60, 0xc8, 0xc1, 0xf1,
    0x82, 0xfa, 0x65, 0xfb, 0x81, 0xfa, 0x8a, 0xfc, 0xe7, 0xfb, 0x00, 0xfa, 0xe1, 0xf9, 0xa0, 0xf1,
    0x60, 0xf1, 0x20, 0xe1, 0xe0, 0xd0, 0xa0, 0xc8, 0xff, 0xff, 0x00, 0x00, 0x00, 0x00, 0x00, 0x00,
    0x00, 0x00, 0x00, 0x00, 0x00, 0x00, 0x00, 0x00, 0x00, 0x00, 0x00, 0x00, 0x00, 0x00, 0x00, 0x00,
    0x00, 0x00, 0x4a, 0xeb, 0x00, 0xe9, 0xe1, 0xf9, 0x01, 0xfa, 0x20, 0xfa, 0x41, 0xfa, 0x82, 0xfa,
    0x41, 0xfa, 0xe0, 0xf9, 0xa0, 0xf9, 0x60, 0xf1, 0x40, 0xe9, 0xe0, 0xd8, 0xc0, 0xc8, 0xc0, 0xc8,
    0xff, 0xff, 0x00, 0x00, 0x00, 0x00, 0x00, 0x00, 0x00, 0x00, 0x00, 0x00, 0x00, 0x00, 0x00, 0x00,
    0x00, 0x00, 0x00, 0x00, 0x00, 0x00, 0x00, 0x00, 0x00, 0x00, 0x0e, 0xec, 0xe0, 0xe0, 0x80, 0xf1,
    0xc0, 0xf9, 0xe1, 0xf9, 0xe1, 0xf9, 0xe0, 0xf9, 0xc0, 0xf9, 0xa0, 0xf1, 0x60, 0xf1, 0x40, 0xe9,
    0x00, 0xe1, 0xc0, 0xd0, 0xc0, 0xc8, 0x22, 0xc9, 0xff, 0xff, 0x00, 0x00, 0x00, 0x00, 0x00, 0x00,
    0x00, 0x00, 0x00, 0x00, 0x00, 0x00, 0x00, 0x00, 0x00, 0x00, 0x00, 0x00, 0x00, 0x00, 0x00, 0x00,
    0x00, 0x00, 0xff, 0xff, 0xa0, 0xd8, 0x40, 0xe9, 0x60, 0xf1, 0x80, 0xf1, 0x80, 0xf1, 0x80, 0xf1,
    0x60, 0xf1, 0x40, 0xe9, 0x20, 0xe1, 0x00, 0xe1, 0xc0, 0xd0, 0xa0, 0xc0, 0xa0, 0xc8, 0xc9, 0xd2,
    0xff, 0xff, 0x00, 0x00, 0x00, 0x00, 0x00, 0x00, 0x00, 0x00, 0x00, 0x00, 0x00, 0x00, 0x00, 0x00,
    0x00, 0x00, 0x00, 0x00, 0x00, 0x00, 0x00, 0x00, 0x00, 0x00, 0xff, 0xff, 0xe9, 0xda, 0x80, 0xd8,
    0x20, 0xd9, 0x20, 0xe1, 0x20, 0xe1, 0x20, 0xe1, 0x00, 0xe1, 0x00, 0xe1, 0xe0, 0xd8, 0xc0, 0xc8,
    0xa0, 0xc0, 0xe1, 0xc8, 0xc1, 0xb8, 0xff, 0xff, 0x00, 0x00, 0x00, 0x00, 0x00, 0x00, 0x00, 0x00,
    0x00, 0x00, 0x00, 0x00, 0x00, 0x00, 0x00, 0x00, 0x00, 0x00, 0x00, 0x00, 0x00, 0x00, 0x00, 0x00,
    0x00, 0x00, 0x00, 0x00, 0xff, 0xff, 0x27, 0xca, 0x20, 0xc8, 0xa0, 0xd0, 0xc0, 0xd0, 0xe0, 0xd0,
    0xc0, 0xc8, 0xc0, 0xc8, 0xc0, 0xc0, 0xc0, 0xc0, 0xa0, 0xc8, 0xa1, 0xb8, 0xb6, 0xed, 0x00, 0x00,
    0x00, 0x00, 0x00, 0x00, 0x00, 0x00, 0x00, 0x00, 0x00, 0x00, 0x00, 0x00, 0x00, 0x00, 0x00, 0x00,
    0x00, 0x00, 0x00, 0x00, 0x00, 0x00, 0x00, 0x00, 0x00, 0x00, 0x00, 0x00, 0x00, 0x00, 0xff, 0xff,
    0x50, 0xe4, 0x22, 0xc9, 0x40, 0xc0, 0x40, 0xc0, 0x40, 0xc0, 0x40, 0xc0, 0x60, 0xc0, 0xc1, 0xc0,
    0x89, 0xca, 0xff, 0xff, 0x00, 0x00, 0x00, 0x00, 0x00, 0x00, 0x00, 0x00, 0x00, 0x00, 0x00, 0x00,
    0x00, 0x00, 0x00, 0x00, 0x00, 0x00, 0x00, 0x00, 0x00, 0x00, 0x00, 0x00, 0x00, 0x00, 0x00, 0x00,
    0x00, 0x00, 0x00, 0x00, 0x00, 0x00, 0x00, 0x00, 0x00, 0x00, 0xff, 0xff, 0xff, 0xff, 0x91, 0xe4,
    0xee, 0xdb, 0x0f, 0xdc, 0x13, 0xe5, 0xff, 0xff, 0xff, 0xff, 0x00, 0x00, 0x00, 0x00, 0x00, 0x00,
    0x00, 0x00, 0x00, 0x00, 0x00, 0x00, 0x00, 0x00, 0x00, 0x00, 0x00, 0x00, 0x00, 0x00, 0x00, 0x00,
    0x00, 0x00, 0x00, 0x00, 0x00, 0x00, 0x00, 0x00, 0x00, 0x00, 0x00, 0x00, 0x00, 0x00, 0x00, 0x00,
    0x00, 0x00, 0x00, 0x00, 0x00, 0x00, 0x00, 0x00, 0x00, 0x00, 0x00, 0x00, 0x00, 0x00, 0x00, 0x00,
    0x00, 0x00, 0x00, 0x00, 0x00, 0x00, 0x00, 0x00, 0x00, 0x00, 0x00, 0x00, 0x00, 0x00, 0x00, 0x00,
    0x00, 0x00, 0x00, 0x00, 0x00, 0x00, 0x00, 0x00, 0x00, 0x00, 0x00, 0x00, 0x00, 0x00, 0x00, 0x00,
    0x00, 0x00, 0x00, 0x00, 0x00, 0x00, 0x00, 0x00, 0x00, 0x00, 0x00, 0x00, 0x00, 0x00, 0x00, 0x00,
    0x00, 0xff, 0xff, 0xff, 0xff, 0xff, 0xff, 0x00, 0x00, 0x00, 0x00, 0x00, 0x00, 0x00, 0x00, 0x00,
    0x00, 0x00, 0x00, 0x00, 0x00, 0x00, 0x00, 0x00, 0x00, 0x00, 0x00, 0x00, 0xff, 0xff, 0xff, 0xff,
    0xff, 0xff, 0xff, 0xff, 0xff, 0x00, 0x00, 0x00, 0x00, 0x00, 0x00, 0x00, 0x00, 0x00, 0x00, 0x00,
    0x00, 0x00, 0x00, 0x00, 0x00, 0x00, 0x00, 0xff, 0xff, 0xff, 0xff, 0xff, 0xff, 0xff, 0xff, 0xff,
    0xff, 0xff, 0xff, 0xff, 0x00, 0x00, 0x00, 0x00, 0x00, 0x00, 0x00, 0x00, 0x00, 0x00, 0x00, 0x00,
    0x00, 0x00, 0x00, 0xff, 0xff, 0xff, 0xff, 0xff, 0xff, 0xff, 0xff, 0xff, 0xff, 0xff, 0xff, 0xff,
    0xff, 0xff, 0xff, 0xff, 0x00, 0x00, 0x00, 0x00, 0x00, 0x00, 0x00, 0x00, 0x00, 0x00, 0xff, 0xff,
    0xff, 0xff, 0xff, 0xff, 0xff, 0xff, 0xff, 0xff, 0xff, 0xff, 0xff, 0xff, 0xff, 0xff, 0xff, 0xff,
    0xff, 0x00, 0x00, 0x00, 0x00, 0x00, 0x00, 0x00, 0x00, 0x00, 0xff, 0xff, 0xff, 0xff, 0xff, 0xff,
    0xff, 0xff, 0xff, 0xff, 0xff, 0xff, 0xff, 0xff, 0xff, 0xff, 0xff, 0xff, 0xff, 0xff, 0x00, 0x00,
    0x00, 0x00, 0x00, 0x00, 0x00, 0x00, 0xff, 0xff, 0xff, 0xff, 0xff, 0xff, 0xff, 0xff, 0xff, 0xff,
    0xff, 0xff, 0xff, 0xff, 0xff, 0xff, 0xff, 0xff, 0xff, 0xff, 0xff, 0xff, 0x00, 0x00, 0x00, 0x00,
    0x00, 0x00, 0xff, 0xff, 0xff, 0xff, 0xff, 0xff, 0xff, 0xff, 0xff, 0xff, 0xff, 0xff, 0xff, 0xff,
    0xff, 0xff, 0xff, 0xff, 0xff, 0xff, 0xff, 0xff, 0x00, 0x00, 0x00, 0x00, 0x00, 0x00, 0xff, 0xff,
    0xff, 0xff, 0xff, 0xff, 0xff, 0xff, 0xff, 0xff, 0xff, 0xff, 0xff, 0xff, 0xff, 0xff, 0xff, 0xff,
    0xff, 0xff, 0xff, 0xff, 0xff, 0x00, 0x00, 0x00, 0x00, 0x00, 0x00, 0xff, 0xff, 0xff, 0xff, 0xff,
    0xff, 0xff, 0xff, 0xff, 0xff, 0xff, 0xff, 0xff, 0xff, 0xff, 0xff, 0xff, 0xff, 0xff, 0xff, 0xff,
    0xff, 0x00, 0x00, 0x00, 0x00, 0x00, 0x00, 0x00, 0xff, 0xff, 0xff, 0xff, 0xff, 0xff, 0xff, 0xff,
    0xff, 0xff, 0xff, 0xff, 0xff, 0xff, 0xff, 0xff, 0xff, 0xff, 0xff, 0xff, 0xff, 0x00, 0x00, 0x00,
    0x00, 0x00, 0x00, 0x00, 0x00, 0xff, 0xff, 0xff, 0xff, 0xff, 0xff, 0xff, 0xff, 0xff, 0xff, 0xff,
    0xff, 0xff, 0xff, 0xff, 0xff, 0xff, 0xff, 0xff, 0xff, 0x00, 0x00, 0x00, 0x00, 0x00, 0x00, 0x00,
    0x00, 0x00, 0x00, 0xff, 0xff, 0xff, 0xff, 0xff, 0xff, 0xff, 0xff, 0xff, 0xff, 0xff, 0xff, 0xff,
    0xff, 0xff, 0xff, 0xff, 0xff, 0x00, 0x00, 0x00, 0x00, 0x00, 0x00, 0x00, 0x00, 0x00, 0x00, 0xff,
    0xff, 0xff, 0xff, 0xff, 0xff, 0xff, 0xff, 0xff, 0xff, 0xff, 0xff, 0xff, 0xff, 0xff, 0xff, 0xff,
    0xff, 0x00, 0x00, 0x00, 0x00, 0x00, 0x00, 0x00, 0x00, 0x00, 0x00, 0x00, 0xff, 0xff, 0xff, 0xff,
    0xff, 0xff, 0xff, 0xff, 0xff, 0xff, 0xff, 0xff, 0xff, 0xff, 0xff, 0xff, 0x00, 0x00, 0x00, 0x00,
    0x00, 0x00, 0x00, 0x00, 0x00, 0x00, 0x00, 0x00, 0xff, 0xff, 0xff, 0xff, 0xff, 0xff, 0xff, 0xff,
    0xff, 0xff, 0xff, 0xff, 0xff, 0xff, 0xff, 0xff, 0x00, 0x00, 0x00, 0x00, 0x00, 0x00, 0x00, 0x00,
    0x00, 0x00, 0x00, 0x00, 0xff, 0xff, 0xff, 0xff, 0xff, 0xff, 0xff, 0xff, 0xff, 0xff, 0xff, 0xff,
    0xff, 0xff, 0xff, 0xff, 0xff, 0x00, 0x00, 0x00, 0x00, 0x00, 0x00, 0x00, 0x00, 0x00, 0x00, 0x00,
    0xff, 0xff, 0xff, 0xff, 0xff, 0xff, 0xff, 0xff, 0xff, 0xff, 0xff, 0xff, 0xff, 0xff, 0xff, 0xff,
    0xff, 0x00, 0x00, 0x00, 0x00, 0x00, 0x00, 0x00, 0x00, 0x00, 0x00, 0x00, 0x00, 0xff, 0xff, 0xff,
    0xff, 0xff, 0xff, 0xff, 0xff, 0xff, 0xff, 0xff, 0xff, 0xff, 0xff, 0xff, 0xff, 0x00, 0x00, 0x00,
    0x00, 0x00, 0x00, 0x00, 0x00, 0x00, 0x00, 0x00, 0x00, 0xff, 0xff, 0xff, 0xff, 0xff, 0xff, 0xff,
    0xff, 0xff, 0xff, 0xff, 0xff, 0xff, 0xff, 0xff, 0xff, 0x00, 0x00, 0x00, 0x00, 0x00, 0x00, 0x00,
    0x00, 0x00, 0x00, 0x00, 0x00, 0xff, 0xff, 0xff, 0xff, 0xff, 0xff, 0xff, 0xff, 0xff, 0xff, 0xff,
    0xff, 0xff, 0xff, 0xff, 0xff, 0x00, 0x00, 0x00, 0x00, 0x00, 0x00, 0x00, 0x00, 0x00, 0x00, 0x00,
    0x00, 0xff, 0xff, 0xff, 0xff, 0xff, 0xff, 0xff, 0xff, 0xff, 0xff, 0xff, 0xff, 0xff, 0xff, 0xff,
    0xff, 0x00, 0x00, 0x00, 0x00, 0x00, 0x00, 0x00, 0x00, 0x00, 0x00, 0x00, 0x00, 0xff, 0xff, 0xff,
    0xff, 0xff, 0xff, 0xff, 0xff, 0xff, 0xff, 0xff, 0xff, 0xff, 0xff, 0xff, 0x00, 0x00, 0x00, 0x00,
    0x00, 0x00, 0x00, 0x00, 0x00, 0x00, 0x00, 0x00, 0x00, 0x00, 0xff, 0xff, 0xff, 0xff, 0xff, 0xff,
    0xff, 0xff, 0xff, 0xff, 0xff, 0xff, 0xff, 0x00, 0x00, 0x00, 0x00, 0x00, 0x00, 0x00, 0x00, 0x00,
    0x00, 0x00, 0x00, 0x00, 0x00, 0x00, 0x00, 0xff, 0xff, 0xff, 0xff, 0xff, 0xff, 0xff, 0xff, 0xff,
    0xff, 0xff, 0x00, 0x00, 0x00, 0x00, 0x00, 0x00, 0x00, 0x00, 0x00, 0x00, 0x00, 0x00, 0x00, 0x00,
    0x00, 0x00, 0x00, 0x00, 0x00, 0xff, 0xff, 0xff, 0xff, 0xff, 0xff, 0xff, 0xff, 0x00, 0x00, 0x00,
    0x00, 0x00, 0x00, 0x00, 0x00, 0x00, 0x00, 0x00, 0x00, 0x00, 0x00, 0x00, 0x00, 0x00, 0x00, 0x00,
    0x00, 0x00, 0x00, 0x00, 0x00, 0x00, 0x00, 0x00, 0x00, 0x00, 0x00, 0x00, 0x00, 0x00, 0x00, 0x00,
};

static const LV_ATTRIBUTE_MEM_ALIGN uint8_t app_farm_ico_set_map[] = {
    0x00, 0x00, 0x00, 0x00, 0x00, 0x00, 0x00, 0x00, 0x00, 0x00, 0x00, 0x00, 0x00, 0x00, 0x00, 0x00,
    0x00, 0x00, 0x00, 0x00, 0x00, 0x00, 0x00, 0x00, 0x00, 0x00, 0x00, 0x00, 0x00, 0x00, 0x00, 0x00,
    0x00, 0x00, 0x00, 0x00, 0x00, 0x00, 0x00, 0x00, 0x00, 0x00, 0x00, 0x00, 0x00, 0x00, 0x00, 0x00,
    0x00, 0x00, 0x00, 0x00, 0x00, 0x00, 0x00, 0x00, 0x00, 0x00, 0x00, 0x00, 0x00, 0x00, 0x00, 0x00,
    0x00, 0x00, 0x00, 0x00, 0x00, 0x00, 0x00, 0x00, 0x00, 0x00, 0x00, 0x00, 0x00, 0x00, 0xff, 0xff,
    0xff, 0xff, 0xff, 0xff, 0xff, 0xff, 0xff, 0xff, 0x00, 0x00, 0x00, 0x00, 0x00, 0x00, 0x00, 0x00,
    0x00, 0x00, 0x00, 0x00, 0x00, 0x00, 0x00, 0x00, 0x00, 0x00, 0x00, 0x00, 0x00, 0x00, 0x00, 0x00,
    0x00, 0x00, 0x00, 0x00, 0x00, 0x00, 0x00, 0x00, 0x00, 0x00, 0x00, 0x00, 0x00, 0x00, 0x00, 0x00,
    0x00, 0x00, 0x00, 0x00, 0xff, 0xff, 0x10, 0xde, 0x10, 0xf7, 0xec, 0xf6, 0x2c, 0xf7, 0xc3, 0xc4,
    0xff, 0xff, 0x00, 0x00, 0x00, 0x00, 0x00, 0x00, 0x00, 0x00, 0x00, 0x00, 0x00, 0x00, 0x00, 0x00,
    0x00, 0x00, 0x00, 0x00, 0x00, 0x00, 0x00, 0x00, 0x00, 0x00, 0x00, 0x00, 0x00, 0x00, 0x00, 0x00,
    0x00, 0x00, 0x00, 0x00, 0xff, 0xff, 0x00, 0x00, 0x00, 0x00, 0x00, 0x00, 0xff, 0xff, 0xe9, 0xdd,
    0x29, 0xff, 0xa5, 0xfe, 0x27, 0xff, 0xe2, 0xd4, 0xff, 0xff, 0x00, 0x00, 0x00, 0x00, 0x00, 0x00,
    0xff, 0xff, 0x00, 0x00, 0x00, 0x00, 0x00, 0x00, 0x00, 0x00, 0x00, 0x00, 0x00, 0x00, 0x00, 0x00,
    0x00, 0x00, 0x00, 0x00, 0x00, 0x00, 0x00, 0x00, 0x00, 0x00, 0xff, 0xff, 0x13, 0xd6, 0xff, 0xff,
    0xff, 0xff, 0xff, 0xff, 0x15, 0xd6, 0x4b, 0xe6, 0x29, 0xff, 0xa6, 0xfe, 0x07, 0xff, 0x64, 0xdd,
    0xcd, 0xbc, 0xff, 0xff, 0xff, 0xff, 0xff, 0xff, 0x10, 0xd6, 0xff, 0xff, 0xff, 0xff, 0x00, 0x00,
    0x00, 0x00, 0x00, 0x00, 0x00, 0x00, 0x00, 0x00, 0x00, 0x00, 0x00, 0x00, 0x00, 0x00, 0x00, 0x00,
    0xff, 0xff, 0x71, 0xde, 0x8f, 0xff, 0x8b, 0xe6, 0xcf, 0xd5, 0x54, 0xde, 0xb2, 0xe6, 0x4d, 0xff,
    0xc7, 0xfe, 0xa6, 0xfe, 0xa5, 0xfe, 0xa6, 0xfe, 0x06, 0xe6, 0x8a, 0xd5, 0xf2, 0xd5, 0x8f, 0xe6,
    0xe8, 0xfe, 0xa3, 0xe5, 0xf1, 0xdd, 0x00, 0x00, 0x00, 0x00, 0x00, 0x00, 0x00, 0x00, 0x00, 0x00,
    0x00, 0x00, 0x00, 0x00, 0x00, 0x00, 0xff, 0xff, 0x4f, 0xde, 0x6b, 0xff, 0xc6, 0xfe, 0x2a, 0xff,
    0x2d, 0xff, 0x2e, 0xff, 0x29, 0xff, 0x28, 0xff, 0x49, 0xff, 0x27, 0xff, 0xe6, 0xfe, 0xa5, 0xfe,
    0xa5, 0xfe, 0xa6, 0xfe, 0xa9, 0xf6, 0x84, 0xfe, 0xe0, 0xfd, 0x84, 0xfe, 0x22, 0xd5, 0xff, 0xff,
    0x00, 0x00, 0x00, 0x00, 0x00, 0x00, 0x00, 0x00, 0x00, 0x00, 0x00, 0x00, 0x00, 0x00, 0xff, 0xff,
    0x43, 0xd5, 0x28, 0xff, 0xc7, 0xfe, 0xe8, 0xfe, 0xe7, 0xfe, 0x08, 0xff, 0x2a, 0xff, 0x48, 0xee,
    0x26, 0xd5, 0xc4, 0xcc, 0x25, 0xd5, 0x06, 0xee, 0xa5, 0xfe, 0x63, 0xfe, 0x23, 0xfe, 0x22, 0xfe,
    0x02, 0xfe, 0x63, 0xfe, 0x60, 0xcc, 0xf3, 0xd5, 0x00, 0x00, 0x00, 0x00, 0x00, 0x00, 0x00, 0x00,
    0x00, 0x00, 0x00, 0x00, 0x00, 0x00, 0xff, 0xff, 0xa4, 0xab, 0xe5, 0xed, 0x07, 0xff, 0xc7, 0xfe,
    0x28, 0xff, 0x8a, 0xf6, 0x03, 0xbc, 0xe0, 0x9a, 0x20, 0xa3, 0x60, 0xab, 0x20, 0xa3, 0xe0, 0x9a,
    0x23, 0xbc, 0x45, 0xf6, 0x85, 0xfe, 0x03, 0xf6, 0x22, 0xfe, 0x22, 0xe5, 0xc2, 0x92, 0xff, 0xff,
    0x00, 0x00, 0x00, 0x00, 0x00, 0x00, 0x00, 0x00, 0x00, 0x00, 0x00, 0x00, 0x00, 0x00, 0x00, 0x00,
    0xff, 0xff, 0x04, 0xcd, 0x28, 0xff, 0xe6, 0xfe, 0x69, 0xee, 0x21, 0xa3, 0x60, 0xab, 0x02, 0xdd,
    0x41, 0xed, 0x21, 0xe5, 0x01, 0xe5, 0xa1, 0xdc, 0x20, 0xa3, 0x81, 0xab, 0x24, 0xf6, 0x02, 0xfe,
    0x43, 0xfe, 0xc0, 0xbb, 0x91, 0xcd, 0x00, 0x00, 0x00, 0x00, 0x00, 0x00, 0x00, 0x00, 0x00, 0x00,
    0x00, 0x00, 0x00, 0x00, 0x00, 0x00, 0x00, 0x00, 0x32, 0xde, 0x68, 0xee, 0xc6, 0xfe, 0xe8, 0xfe,
    0xa2, 0xb3, 0xc1, 0xb3, 0xe3, 0xf5, 0x84, 0xe5, 0x0c, 0xe6, 0x2c, 0xe6, 0x85, 0xdd, 0xa1, 0xd4,
    0x01, 0xe5, 0x60, 0xab, 0x42, 0xc4, 0x43, 0xfe, 0x22, 0xfe, 0x01, 0xdd, 0x2f, 0xc5, 0x00, 0x00,
    0x00, 0x00, 0x00, 0x00, 0x00, 0x00, 0x00, 0x00, 0x00, 0x00, 0xff, 0xff, 0xff, 0xff, 0xff, 0xff,
    0xed, 0xd5, 0xc6, 0xfe, 0xc5, 0xfe, 0x66, 0xdd, 0x40, 0xa3, 0xc3, 0xf5, 0x85, 0xe5, 0x59, 0xef,
    0xb5, 0xff, 0x28, 0xff, 0x07, 0xff, 0xc3, 0xe5, 0x40, 0xcc, 0xa0, 0xdc, 0x60, 0xab, 0xc4, 0xf5,
    0xe2, 0xfd, 0xe3, 0xf5, 0x64, 0xc4, 0x11, 0xd6, 0xff, 0xff, 0xff, 0xff, 0x00, 0x00, 0x00, 0x00,
    0x00, 0x00, 0xff, 0xff, 0x0d, 0xde, 0xab, 0xf6, 0xe9, 0xfe, 0x63, 0xfe, 0xc6, 0xfe, 0x23, 0xbc,
    0x61, 0xcc, 0x62, 0xed, 0x4d, 0xe6, 0xb0, 0xff, 0xc6, 0xfe, 0x82, 0xfe, 0x21, 0xfe, 0xa3, 0xfe,
    0xa1, 0xcc, 0x40, 0xd4, 0xe0, 0xc3, 0x43, 0xdd, 0x03, 0xfe, 0xc2, 0xf5, 0x23, 0xfe, 0xe3, 0xed,
    0x01, 0xd5, 0x33, 0xde, 0x00, 0x00, 0x00, 0x00, 0x00, 0x00, 0xee, 0xdd, 0x64, 0xfe, 0x21, 0xfe,
    0x22, 0xfe, 0x42, 0xfe, 0xa5, 0xfe, 0xe2, 0xb3, 0xe1, 0xdc, 0x02, 0xdd, 0xa8, 0xf6, 0xa3, 0xfe,
    0x82, 0xfe, 0x62, 0xfe, 0x01, 0xfe, 0x21, 0xfe, 0xe2, 0xdc, 0xe0, 0xc3, 0x20, 0xd4, 0x23, 0xdd,
    0x03, 0xfe, 0xa1, 0xf5, 0xa1, 0xf5, 0xa1, 0xf5, 0x81, 0xed, 0xcb, 0xc4, 0x00, 0x00, 0x00, 0x00,
    0x00, 0x00, 0xed, 0xdd, 0x42, 0xf6, 0x21, 0xfe, 0x22, 0xfe, 0x42, 0xfe, 0x84, 0xfe, 0x02, 0xbc,
    0xc1, 0xdc, 0xa1, 0xd4, 0x03, 0xee, 0x62, 0xfe, 0x01, 0xfe, 0x01, 0xfe, 0xc0, 0xf5, 0x01, 0xfe,
    0x82, 0xcc, 0x80, 0xbb, 0x40, 0xd4, 0x84, 0xdd, 0xe3, 0xfd, 0x61, 0xed, 0x81, 0xf5, 0xa1, 0xf5,
    0x82, 0xed, 0xeb, 0xc4, 0x00, 0x00, 0x00, 0x00, 0x00, 0x00, 0x6d, 0xcd, 0xa2, 0xed, 0x23, 0xfe,
    0x42, 0xfe, 0xe1, 0xf5, 0x63, 0xfe, 0x83, 0xcc, 0x80, 0xd4, 0xa0, 0xd4, 0x61, 0xcc, 0x42, 0xfe,
    0xe0, 0xf5, 0xa0, 0xf5, 0x02, 0xfe, 0x46, 0xfe, 0x61, 0xab, 0xc0, 0xc3, 0x60, 0xd4, 0x28, 0xee,
    0xc2, 0xf5, 0x81, 0xf5, 0xa2, 0xf5, 0xe3, 0xf5, 0x03, 0xdd, 0xec, 0xc4, 0x00, 0x00, 0x00, 0x00,
    0x00, 0x00, 0xff, 0xff, 0x60, 0x92, 0xa0, 0x9a, 0x21, 0xbc, 0x22, 0xfe, 0x01, 0xfe, 0xa4, 0xe5,
    0xe0, 0xbb, 0x20, 0xed, 0x60, 0xab, 0x01, 0xc4, 0x82, 0xf5, 0xc2, 0xf5, 0xc5, 0xf5, 0x03, 0xc4,
    0xc0, 0x92, 0x40, 0xdc, 0x05, 0xd5, 0x8a, 0xf6, 0x60, 0xf5, 0xa2, 0xf5, 0x81, 0xb3, 0xa0, 0x9a,
    0x60, 0x8a, 0xff, 0xff, 0x00, 0x00, 0x00, 0x00, 0x00, 0x00, 0x00, 0x00, 0xff, 0xff, 0x51, 0xc5,
    0x24, 0x93, 0x82, 0xed, 0xe1, 0xfd, 0x43, 0xfe, 0xa2, 0xcc, 0x40, 0xcc, 0xc0, 0xdc, 0xe0, 0x9a,
    0xc0, 0x9a, 0x20, 0xa3, 0xc0, 0x9a, 0xa0, 0x92, 0x00, 0xcc, 0xa0, 0xdc, 0xb0, 0xee, 0xe5, 0xf5,
    0xa1, 0xf5, 0xa1, 0xd4, 0xc4, 0x8a, 0x71, 0xc5, 0xff, 0xff, 0x00, 0x00, 0x00, 0x00, 0x00, 0x00,
    0x00, 0x00, 0x00, 0x00, 0x00, 0x00, 0x00, 0x00, 0xb3, 0xd5, 0x81, 0xcc, 0x22, 0xfe, 0xc1, 0xf5,
    0x44, 0xf6, 0xa2, 0xcc, 0x20, 0xcc, 0x80, 0xdc, 0xa0, 0xbb, 0x20, 0xab, 0x60, 0xb3, 0x00, 0xcc,
    0xa1, 0xdc, 0x91, 0xe6, 0x6a, 0xf6, 0x40, 0xed, 0xe3, 0xfd, 0x60, 0xab, 0xb3, 0xcd, 0x00, 0x00,
    0x00, 0x00, 0x00, 0x00, 0x00, 0x00, 0x00, 0x00, 0x00, 0x00, 0x00, 0x00, 0x00, 0x00, 0x00, 0x00,
    0xff, 0xff, 0xe6, 0xe5, 0xc1, 0xf5, 0xa1, 0xf5, 0xc1, 0xf5, 0x24, 0xfe, 0x63, 0xdd, 0xa1, 0xcc,
    0x81, 0xd4, 0x81, 0xd4, 0xc3, 0xd4, 0x89, 0xdd, 0xd2, 0xee, 0x6a, 0xf6, 0x40, 0xed, 0x62, 0xf5,
    0xa2, 0xf5, 0xc1, 0xd4, 0xb1, 0xd5, 0x00, 0x00, 0x00, 0x00, 0x00, 0x00, 0x00, 0x00, 0x00, 0x00,
    0x00, 0x00, 0x00, 0x00, 0x00, 0x00, 0xff, 0xff, 0xe9, 0xdd, 0xe2, 0xf5, 0x60, 0xed, 0x81, 0xf5,
    0xc1, 0xf5, 0xa1, 0xf5, 0xc2, 0xf5, 0x24, 0xf6, 0x26, 0xee, 0x48, 0xee, 0x6b, 0xf6, 0x6a, 0xf6,
    0xa3, 0xf5, 0x60, 0xf5, 0x82, 0xf5, 0x61, 0xed, 0x41, 0xed, 0xc2, 0xfd, 0xa3, 0xcc, 0xff, 0xff,
    0x00, 0x00, 0x00, 0x00, 0x00, 0x00, 0x00, 0x00, 0x00, 0x00, 0x00, 0x00, 0x00, 0x00, 0xff, 0xff,
    0x20, 0xc4, 0x02, 0xfe, 0x60, 0xf5, 0xc1, 0xf5, 0x22, 0xe5, 0x82, 0xed, 0xc1, 0xfd, 0x60, 0xf5,
    0x81, 0xf5, 0xa2, 0xf5, 0x60, 0xf5, 0x60, 0xf5, 0xc2, 0xf5, 0x63, 0xed, 0x42, 0xe5, 0xa2, 0xf5,
    0x41, 0xed, 0x46, 0xfe, 0xa1, 0xb3, 0xff, 0xff, 0x00, 0x00, 0x00, 0x00, 0x00, 0x00, 0x00, 0x00,
    0x00, 0x00, 0x00, 0x00, 0x00, 0x00, 0xff, 0xff, 0x2a, 0xac, 0x00, 0xc4, 0x24, 0xfe, 0x81, 0xd4,
    0x00, 0x7a, 0x60, 0x8a, 0x01, 0xc4, 0x82, 0xed, 0x61, 0xf5, 0x61, 0xed, 0x82, 0xf5, 0x63, 0xe5,
    0x01, 0xc4, 0x60, 0x8a, 0x40, 0x82, 0xa1, 0xd4, 0x47, 0xfe, 0x02, 0xbc, 0x09, 0xb4, 0xff, 0xff,
    0x00, 0x00, 0x00, 0x00, 0x00, 0x00, 0x00, 0x00, 0x00, 0x00, 0x00, 0x00, 0x00, 0x00, 0x00, 0x00,
    0xff, 0xff, 0xe9, 0xab, 0xe0, 0xa2, 0xa1, 0x8a, 0xb2, 0xcd, 0x92, 0xcd, 0xc4, 0x8a, 0x03, 0xdd,
    0x81, 0xf5, 0x21, 0xed, 0xa1, 0xf5, 0x21, 0xc4, 0x84, 0x82, 0xb2, 0xcd, 0xb3, 0xcd, 0xa2, 0x92,
    0xe0, 0xa2, 0xe8, 0xab, 0xff, 0xff, 0x00, 0x00, 0x00, 0x00, 0x00, 0x00, 0x00, 0x00, 0x00, 0x00,
    0x00, 0x00, 0x00, 0x00, 0x00, 0x00, 0x00, 0x00, 0x00, 0x00, 0xff, 0xff, 0xff, 0xff, 0xff, 0xff,
    0x00, 0x00, 0x00, 0x00, 0xff, 0xff, 0xe2, 0xd4, 0x03, 0xfe, 0x81, 0xf5, 0x45, 0xfe, 0xc2, 0xb3,
    0x35, 0xde, 0x00, 0x00, 0x00, 0x00, 0xff, 0xff, 0xff, 0xff, 0xff, 0xff, 0x00, 0x00, 0x00, 0x00,
    0x00, 0x00, 0x00, 0x00, 0x00, 0x00, 0x00, 0x00, 0x00, 0x00, 0x00, 0x00, 0x00, 0x00, 0x00, 0x00,
    0x00, 0x00, 0x00, 0x00, 0x00, 0x00, 0x00, 0x00, 0x00, 0x00, 0x00, 0x00, 0xff, 0xff, 0xa2, 0xab,
    0xc0, 0xbb, 0x00, 0xc4, 0xe1, 0xbb, 0x63, 0xa3, 0xff, 0xff, 0x00, 0x00, 0x00, 0x00, 0x00, 0x00,
    0x00, 0x00, 0x00, 0x00, 0x00, 0x00, 0x00, 0x00, 0x00, 0x00, 0x00, 0x00, 0x00, 0x00, 0x00, 0x00,
    0x00, 0x00, 0x00, 0x00, 0x00, 0x00, 0x00, 0x00, 0x00, 0x00, 0x00, 0x00, 0x00, 0x00, 0x00, 0x00,
    0x00, 0x00, 0x00, 0x00, 0x00, 0x00, 0xff, 0xff, 0x8d, 0xb4, 0x8c, 0xb4, 0x8d, 0xb4, 0xff, 0xff,
    0x00, 0x00, 0x00, 0x00, 0x00, 0x00, 0x00, 0x00, 0x00, 0x00, 0x00, 0x00, 0x00, 0x00, 0x00, 0x00,
    0x00, 0x00, 0x00, 0x00, 0x00, 0x00, 0x00, 0x00, 0x00, 0x00, 0x00, 0x00, 0x00, 0x00, 0x00, 0x00,
    0x00, 0x00, 0x00, 0x00, 0x00, 0x00, 0x00, 0x00, 0x00, 0x00, 0x00, 0x00, 0x00, 0x00, 0x00, 0x00,
    0x00, 0x00, 0x00, 0x00, 0x00, 0x00, 0x00, 0x00, 0x00, 0x00, 0x00, 0x00, 0x00, 0x00, 0x00, 0x00,
    0x00, 0x00, 0x00, 0x00, 0x00, 0x00, 0x00, 0x00, 0x00, 0x00, 0x00, 0x00, 0x00, 0x00, 0x00, 0x00,
    0x00, 0x00, 0x00, 0x00, 0x00, 0x00, 0x00, 0x00, 0x00, 0x00, 0x00, 0x00, 0x00, 0x00, 0x00, 0x00,
    0x00, 0x00, 0x00, 0x00, 0x00, 0x00, 0x00, 0x00, 0x00, 0x00, 0x00, 0x00, 0x00, 0x00, 0x00, 0x00,
    0x00, 0x00, 0x00, 0x00, 0x00, 0x00, 0x00, 0xff, 0xff, 0xff, 0xff, 0xff, 0x00, 0x00, 0x00, 0x00,
    0x00, 0x00, 0x00, 0x00, 0x00, 0x00, 0x00, 0x00, 0x00, 0x00, 0x00, 0x00, 0x00, 0x00, 0x00, 0x00,
    0x00, 0x00, 0xff, 0xff, 0xff, 0xff, 0xff, 0xff, 0xff, 0x00, 0x00, 0x00, 0x00, 0x00, 0x00, 0x00,
    0x00, 0x00, 0x00, 0x00, 0x00, 0x00, 0x00, 0x00, 0x00, 0x00, 0xff, 0x00, 0x00, 0x00, 0xff, 0xff,
    0xff, 0xff, 0xff, 0xff, 0xff, 0x00, 0x00, 0x00, 0xff, 0x00, 0x00, 0x00, 0x00, 0x00, 0x00, 0x00,
    0x00, 0x00, 0x00, 0x00, 0x00, 0xff, 0xff, 0xff, 0xff, 0xff, 0xff, 0xff, 0xff, 0xff, 0xff, 0xff,
    0xff, 0xff, 0xff, 0xff, 0xff, 0xff, 0xff, 0x00, 0x00, 0x00, 0x00, 0x00, 0x00, 0x00, 0x00, 0x00,
    0xff, 0xff, 0xff, 0xff, 0xff, 0xff, 0xff, 0xff, 0xff, 0xff, 0xff, 0xff, 0xff, 0xff, 0xff, 0xff,
    0xff, 0xff, 0xff, 0x00, 0x00, 0x00, 0x00, 0x00, 0x00, 0x00, 0x00, 0xff, 0xff, 0xff, 0xff, 0xff,
    0xff, 0xff, 0xff, 0xff, 0xff, 0xff, 0xff, 0xff, 0xff, 0xff, 0xff, 0xff, 0xff, 0xff, 0xff, 0xff,
    0x00, 0x00, 0x00, 0x00, 0x00, 0x00, 0x00, 0xff, 0xff, 0xff, 0xff, 0xff, 0xff, 0xff, 0xff, 0xff,
    0xff, 0xff, 0xff, 0xff, 0xff, 0xff, 0xff, 0xff, 0xff, 0xff, 0xff, 0xff, 0x00, 0x00, 0x00, 0x00,
    0x00, 0x00, 0x00, 0xff, 0xff, 0xff, 0xff, 0xff, 0xff, 0xff, 0xff, 0xff, 0xff, 0xff, 0xff, 0xff,
    0xff, 0xff, 0xff, 0xff, 0xff, 0xff, 0xff, 0xff, 0x00, 0x00, 0x00, 0x00, 0x00, 0x00, 0x00, 0x00,
    0xff, 0xff, 0xff, 0xff, 0xff, 0xff, 0xff, 0xff, 0xff, 0xff, 0xff, 0xff, 0xff, 0xff, 0xff, 0xff,
    0xff, 0xff, 0xff, 0x00, 0x00, 0x00, 0x00, 0x00, 0x00, 0x00, 0x00, 0x00, 0xff, 0xff, 0xff, 0xff,
    0xff, 0xff, 0xff, 0xff, 0xff, 0xff, 0xff, 0xff, 0xff, 0xff, 0xff, 0xff, 0xff, 0xff, 0xff, 0x00,
    0x00, 0x00, 0x00, 0x00, 0x00, 0xff, 0xff, 0xff, 0xff, 0xff, 0xff, 0xff, 0xff, 0xff, 0xff, 0xff,
    0xff, 0xff, 0xff, 0xff, 0xff, 0xff, 0xff, 0xff, 0xff, 0xff, 0xff, 0xff, 0xff, 0xff, 0x00, 0x00,
    0x00, 0xff, 0xff, 0xff, 0xff, 0xff, 0xff, 0xff, 0xff, 0xff, 0xff, 0xff, 0xff, 0xff, 0xff, 0xff,
    0xff, 0xff, 0xff, 0xff, 0xff, 0xff, 0xff, 0xff, 0xff, 0xff, 0x00, 0x00, 0x00, 0xff, 0xff, 0xff,
    0xff, 0xff, 0xff, 0xff, 0xff, 0xff, 0xff, 0xff, 0xff, 0xff, 0xff, 0xff, 0xff, 0xff, 0xff, 0xff,
    0xff, 0xff, 0xff, 0xff, 0xff, 0xff, 0x00, 0x00, 0x00, 0xff, 0xff, 0xff, 0xff, 0xff, 0xff, 0xff,
    0xff, 0xff, 0xff, 0xff, 0xff, 0xff, 0xff, 0xff, 0xff, 0xff, 0xff, 0xff, 0xff, 0xff, 0xff, 0xff,
    0xff, 0xff, 0x00, 0x00, 0x00, 0xff, 0xff, 0xff, 0xff, 0xff, 0xff, 0xff, 0xff, 0xff, 0xff, 0xff,
    0xff, 0xff, 0xff, 0xff, 0xff, 0xff, 0xff, 0xff, 0xff, 0xff, 0xff, 0xff, 0xff, 0xff, 0x00, 0x00,
    0x00, 0xff, 0xff, 0xff, 0xff, 0xff, 0xff, 0xff, 0xff, 0xff, 0xff, 0xff, 0xff, 0xff, 0xff, 0xff,
    0xff, 0xff, 0xff, 0xff, 0xff, 0xff, 0xff, 0xff, 0xff, 0xff, 0x00, 0x00, 0x00, 0x00, 0xff, 0xff,
    0xff, 0xff, 0xff, 0xff, 0xff, 0xff, 0xff, 0xff, 0xff, 0xff, 0xff, 0xff, 0xff, 0xff, 0xff, 0xff,
    0xff, 0xff, 0xff, 0xff, 0xff, 0x00, 0x00, 0x00, 0x00, 0x00, 0x00, 0x00, 0xff, 0xff, 0xff, 0xff,
    0xff, 0xff, 0xff, 0xff, 0xff, 0xff, 0xff, 0xff, 0xff, 0xff, 0xff, 0xff, 0xff, 0xff, 0xff, 0x00,
    0x00, 0x00, 0x00, 0x00, 0x00, 0x00, 0x00, 0x00, 0xff, 0xff, 0xff, 0xff, 0xff, 0xff, 0xff, 0xff,
    0xff, 0xff, 0xff, 0xff, 0xff, 0xff, 0xff, 0xff, 0xff, 0xff, 0xff, 0x00, 0x00, 0x00, 0x00, 0x00,
    0x00, 0x00, 0x00, 0xff, 0xff, 0xff, 0xff, 0xff, 0xff, 0xff, 0xff, 0xff, 0xff, 0xff, 0xff, 0xff,
    0xff, 0xff, 0xff, 0xff, 0xff, 0xff, 0xff, 0xff, 0x00, 0x00, 0x00, 0x00, 0x00, 0x00, 0x00, 0xff,
    0xff, 0xff, 0xff, 0xff, 0xff, 0xff, 0xff, 0xff, 0xff, 0xff, 0xff, 0xff, 0xff, 0xff, 0xff, 0xff,
    0xff, 0xff, 0xff, 0xff, 0x00, 0x00, 0x00, 0x00, 0x00, 0x00, 0x00, 0xff, 0xff, 0xff, 0xff, 0xff,
    0xff, 0xff, 0xff, 0xff, 0xff, 0xff, 0xff, 0xff, 0xff, 0xff, 0xff, 0xff, 0xff, 0xff, 0xff, 0xff,
    0x00, 0x00, 0x00, 0x00, 0x00, 0x00, 0x00, 0x00, 0xff, 0xff, 0xff, 0xff, 0xff, 0xff, 0xff, 0xff,
    0xff, 0xff, 0xff, 0xff, 0xff, 0xff, 0xff, 0xff, 0xff, 0xff, 0xff, 0x00, 0x00, 0x00, 0x00, 0x00,
    0x00, 0x00, 0x00, 0x00, 0x00, 0xff, 0xff, 0xff, 0x00, 0x00, 0xff, 0xff, 0xff, 0xff, 0xff, 0xff,
    0xff, 0x00, 0x00, 0xff, 0xff, 0xff, 0x00, 0x00, 0x00, 0x00, 0x00, 0x00, 0x00, 0x00, 0x00, 0x00,
    0x00, 0x00, 0x00, 0x00, 0x00, 0x00, 0xff, 0xff, 0xff, 0xff, 0xff, 0xff, 0xff, 0x00, 0x00, 0x00,
    0x00, 0x00, 0x00, 0x00, 0x00, 0x00, 0x00, 0x00, 0x00, 0x00, 0x00, 0x00, 0x00, 0x00, 0x00, 0x00,
    0x00, 0x00, 0x00, 0xff, 0xff, 0xff, 0xff, 0xff, 0x00, 0x00, 0x00, 0x00, 0x00, 0x00, 0x00, 0x00,
    0x00, 0x00, 0x00, 0x00, 0x00, 0x00, 0x00, 0x00, 0x00, 0x00, 0x00, 0x00, 0x00, 0x00, 0x00, 0x00,
    0x00, 0x00, 0x00, 0x00, 0x00, 0x00, 0x00, 0x00, 0x00, 0x00, 0x00, 0x00, 0x00, 0x00, 0x00, 0x00,
};

static const LV_ATTRIBUTE_MEM_ALIGN uint8_t app_farm_ico_seed_map[] = {
    0x00, 0x00, 0x00, 0x00, 0x00, 0x00, 0x00, 0x00, 0x00, 0x00, 0x00, 0x00, 0x00, 0x00, 0x00, 0x00,
    0x00, 0x00, 0x00, 0x00, 0x00, 0x00, 0x00, 0x00, 0x00, 0x00, 0x00, 0x00, 0x00, 0x00, 0x00, 0x00,
    0x00, 0x00, 0x00, 0x00, 0x00, 0x00, 0x00, 0x00, 0x00, 0x00, 0x00, 0x00, 0x00, 0x00, 0x00, 0x00,
    0x00, 0x00, 0x00, 0x00, 0x00, 0x00, 0x00, 0x00, 0x00, 0x00, 0x00, 0x00, 0x00, 0x00, 0x00, 0x00,
    0x00, 0x00, 0x00, 0x00, 0x00, 0x00, 0x00, 0x00, 0x00, 0x00, 0x00, 0x00, 0x00, 0x00, 0x00, 0x00,
    0x00, 0x00, 0x00, 0x00, 0x00, 0x00, 0x00, 0x00, 0x00, 0x00, 0x00, 0x00, 0x00, 0x00, 0x00, 0x00,
    0x00, 0x00, 0x00, 0x00, 0x00, 0x00, 0x00, 0x00, 0x00, 0x00, 0x00, 0x00, 0x00, 0x00, 0x00, 0x00,
    0x00, 0x00, 0x00, 0x00, 0x00, 0x00, 0x00, 0x00, 0x00, 0x00, 0x00, 0x00, 0x00, 0x00, 0xff, 0xff,
    0xff, 0xff, 0xff, 0xff, 0xb4, 0xcd, 0x52, 0xc5, 0x31, 0xc5, 0x51, 0xc5, 0x93, 0xcd, 0xff, 0xff,
    0xff, 0xff, 0xff, 0xff, 0x00, 0x00, 0x00, 0x00, 0x00, 0x00, 0x00, 0x00, 0x00, 0x00, 0x00, 0x00,
    0x00, 0x00, 0x00, 0x00, 0x00, 0x00, 0x00, 0x00, 0x00, 0x00, 0x00, 0x00, 0x00, 0x00, 0x00, 0x00,
    0xff, 0xff, 0xff, 0xff, 0xf0, 0xc4, 0x6c, 0xb4, 0x89, 0xbc, 0xa9, 0xc4, 0x09, 0xcd, 0x29, 0xd5,
    0x08, 0xd5, 0xe8, 0xd4, 0xc7, 0xcc, 0x25, 0xc4, 0xc5, 0xb3, 0x09, 0xac, 0x32, 0xc5, 0xff, 0xff,
    0x00, 0x00, 0x00, 0x00, 0x00, 0x00, 0x00, 0x00, 0x00, 0x00, 0x00, 0x00, 0x00, 0x00, 0x00, 0x00,
    0x00, 0x00, 0x00, 0x00, 0xff, 0xff, 0xff, 0xff, 0xea, 0xa3, 0xaa, 0xbc, 0x8b, 0xd5, 0xaa, 0xe5,
    0x48, 0xed, 0xe6, 0xe4, 0x04, 0xcc, 0x63, 0xb3, 0xe4, 0xcb, 0xe4, 0xcb, 0x04, 0xcc, 0x04, 0xcc,
    0x45, 0xcc, 0x68, 0xe5, 0x66, 0xc4, 0x4d, 0xac, 0xff, 0xff, 0x00, 0x00, 0x00, 0x00, 0x00, 0x00,
    0x00, 0x00, 0x00, 0x00, 0x00, 0x00, 0x00, 0x00, 0x00, 0x00, 0xff, 0xff, 0x11, 0xbd, 0xa6, 0xab,
    0xeb, 0xed, 0x49, 0xe5, 0x24, 0xd4, 0x62, 0xbb, 0xe2, 0xa2, 0xa2, 0x9a, 0x42, 0x82, 0x43, 0x82,
    0x42, 0x82, 0x62, 0x8a, 0x62, 0x8a, 0xa2, 0x9a, 0xe0, 0x89, 0x85, 0xab, 0xcd, 0xfe, 0x03, 0x9b,
    0xff, 0xff, 0x00, 0x00, 0x00, 0x00, 0x00, 0x00, 0x00, 0x00, 0x00, 0x00, 0x00, 0x00, 0x00, 0x00,
    0x00, 0x00, 0xff, 0xff, 0x86, 0xa3, 0x8d, 0xfe, 0xa2, 0x9a, 0x81, 0x9a, 0xa2, 0x9a, 0x02, 0x7a,
    0x22, 0x82, 0xa1, 0x69, 0xa3, 0x92, 0xc3, 0x9a, 0xa1, 0x71, 0xe1, 0x81, 0x80, 0x71, 0xa1, 0x61,
    0x65, 0x9b, 0xeb, 0xed, 0x68, 0xed, 0x61, 0x92, 0xff, 0xff, 0x00, 0x00, 0x00, 0x00, 0x00, 0x00,
    0x00, 0x00, 0x00, 0x00, 0x00, 0x00, 0x00, 0x00, 0x00, 0x00, 0x53, 0xc5, 0xc3, 0xbb, 0x0a, 0xf6,
    0xe9, 0xcc, 0xc3, 0x92, 0xc2, 0x69, 0x81, 0x69, 0x81, 0x69, 0xc1, 0x79, 0xa1, 0x71, 0xc1, 0x71,
    0x23, 0x7a, 0x26, 0x8b, 0xaa, 0xbc, 0x4f, 0xe6, 0x6c, 0xfe, 0x67, 0xed, 0xc3, 0xc3, 0x68, 0x9b,
    0xff, 0xff, 0x00, 0x00, 0x00, 0x00, 0x00, 0x00, 0x00, 0x00, 0x00, 0x00, 0x00, 0x00, 0x00, 0x00,
    0x00, 0x00, 0xff, 0xff, 0x20, 0x8a, 0xc6, 0xe4, 0x88, 0xf5, 0xc9, 0xf5, 0xec, 0xed, 0x6c, 0xd5,
    0x0b, 0xc5, 0x2c, 0xc5, 0x6d, 0xcd, 0xcd, 0xdd, 0x4e, 0xee, 0x8d, 0xfe, 0x4b, 0xfe, 0x2a, 0xfe,
    0xc9, 0xf5, 0xa6, 0xdc, 0x00, 0x82, 0xb0, 0xb4, 0xff, 0xff, 0x00, 0x00, 0x00, 0x00, 0x00, 0x00,
    0x00, 0x00, 0x00, 0x00, 0x00, 0x00, 0x00, 0x00, 0x00, 0x00, 0xff, 0xff, 0x0d, 0xa4, 0xc2, 0x9a,
    0x45, 0xd4, 0xc6, 0xdc, 0x88, 0xf5, 0xe9, 0xfd, 0x0a, 0xfe, 0x2a, 0xfe, 0x0a, 0xfe, 0xe9, 0xf5,
    0xa8, 0xf5, 0x87, 0xf5, 0x87, 0xed, 0x67, 0xed, 0x86, 0xd4, 0x43, 0xb3, 0x63, 0xb3, 0xc4, 0x92,
    0xff, 0xff, 0x00, 0x00, 0x00, 0x00, 0x00, 0x00, 0x00, 0x00, 0x00, 0x00, 0x00, 0x00, 0x00, 0x00,
    0x00, 0x00, 0x00, 0x00, 0xff, 0xff, 0x02, 0x72, 0x02, 0xab, 0x83, 0xbb, 0x45, 0xd4, 0xe6, 0xe4,
    0x27, 0xed, 0x67, 0xed, 0x88, 0xf5, 0x87, 0xf5, 0x47, 0xed, 0x46, 0xed, 0x26, 0xe5, 0xa6, 0xdc,
    0x85, 0xdc, 0xa6, 0xdc, 0xc6, 0xe4, 0x05, 0xbc, 0xd1, 0xb4, 0xff, 0xff, 0x00, 0x00, 0x00, 0x00,
    0x00, 0x00, 0x00, 0x00, 0x00, 0x00, 0x00, 0x00, 0x00, 0x00, 0x00, 0x00, 0xff, 0xff, 0xc2, 0x9a,
    0x84, 0xbb, 0x63, 0xb3, 0xa4, 0xc3, 0x45, 0xd4, 0x85, 0xdc, 0xe6, 0xe4, 0xc5, 0xdc, 0x86, 0xd4,
    0x09, 0xdd, 0x09, 0xdd, 0xa7, 0xd4, 0xa5, 0xdc, 0x88, 0xed, 0xc9, 0xf5, 0x07, 0xe5, 0xe8, 0xdc,
    0x27, 0x93, 0xff, 0xff, 0x00, 0x00, 0x00, 0x00, 0x00, 0x00, 0x00, 0x00, 0x00, 0x00, 0x00, 0x00,
    0x00, 0x00, 0xff, 0xff, 0x4d, 0xac, 0x63, 0xbb, 0xe4, 0xcb, 0x65, 0xd4, 0x27, 0xed, 0x48, 0xed,
    0x47, 0xed, 0x65, 0xd4, 0x6c, 0xdd, 0x15, 0xf7, 0x77, 0xff, 0x97, 0xff, 0x77, 0xff, 0xef, 0xe5,
    0x85, 0xd4, 0x88, 0xed, 0x88, 0xed, 0xe7, 0xe4, 0x65, 0xa3, 0x37, 0xd6, 0x00, 0x00, 0x00, 0x00,
    0x00, 0x00, 0x00, 0x00, 0x00, 0x00, 0x00, 0x00, 0x00, 0x00, 0xff, 0xff, 0x47, 0x93, 0xc4, 0xc3,
    0xe4, 0xc3, 0xa6, 0xdc, 0x48, 0xed, 0x48, 0xed, 0x65, 0xd4, 0xce, 0xe5, 0x98, 0xff, 0x77, 0xff,
    0x97, 0xff, 0x15, 0xef, 0xab, 0x9d, 0xca, 0x95, 0xce, 0xdd, 0x85, 0xd4, 0x68, 0xed, 0xc6, 0xe4,
    0x26, 0xc4, 0x6f, 0xac, 0x00, 0x00, 0x00, 0x00, 0x00, 0x00, 0x00, 0x00, 0x00, 0x00, 0x00, 0x00,
    0x00, 0x00, 0xff, 0xff, 0xe5, 0x92, 0x04, 0xcc, 0x25, 0xcc, 0xe6, 0xe4, 0x07, 0xe5, 0xe6, 0xe4,
    0xe9, 0xdc, 0x91, 0xce, 0x45, 0x7d, 0x46, 0x85, 0x51, 0xc6, 0x8a, 0x9d, 0x00, 0x8e, 0x21, 0x6d,
    0x93, 0xe6, 0x87, 0xd4, 0xc6, 0xe4, 0xc6, 0xdc, 0x66, 0xd4, 0x69, 0x93, 0xff, 0xff, 0x00, 0x00,
    0x00, 0x00, 0x00, 0x00, 0x00, 0x00, 0x00, 0x00, 0x00, 0x00, 0xff, 0xff, 0xa4, 0x8a, 0x05, 0xcc,
    0x25, 0xcc, 0xa6, 0xe4, 0xe6, 0xe4, 0x64, 0xd4, 0xce, 0xed, 0x71, 0xce, 0x20, 0x65, 0x60, 0x96,
    0xa1, 0x64, 0xe1, 0x64, 0x00, 0x7e, 0xa3, 0x64, 0x14, 0xff, 0xc9, 0xd4, 0x85, 0xdc, 0xa6, 0xdc,
    0x04, 0xcc, 0xc5, 0x8a, 0xff, 0xff, 0x00, 0x00, 0x00, 0x00, 0x00, 0x00, 0x00, 0x00, 0x00, 0x00,
    0x00, 0x00, 0xff, 0xff, 0xa4, 0x8a, 0x04, 0xcc, 0x05, 0xcc, 0xa6, 0xdc, 0xe6, 0xe4, 0x24, 0xd4,
    0xad, 0xdd, 0x97, 0xff, 0x08, 0x85, 0xc0, 0x54, 0x00, 0x5d, 0x80, 0x54, 0x42, 0x54, 0xee, 0xc5,
    0x34, 0xff, 0x88, 0xcc, 0x85, 0xdc, 0x65, 0xd4, 0x04, 0xcc, 0xa3, 0x92, 0xff, 0xff, 0x00, 0x00,
    0x00, 0x00, 0x00, 0x00, 0x00, 0x00, 0x00, 0x00, 0x00, 0x00, 0xff, 0xff, 0xc5, 0x8a, 0xe4, 0xcb,
    0x04, 0xcc, 0x85, 0xdc, 0xc6, 0xe4, 0x65, 0xd4, 0xa9, 0xcc, 0x76, 0xff, 0xf4, 0xfe, 0xce, 0xc5,
    0xa6, 0x7c, 0x20, 0x44, 0xef, 0xd5, 0x13, 0xff, 0x0f, 0xe6, 0xc5, 0xbb, 0xc6, 0xe4, 0x84, 0xb3,
    0xc3, 0x9a, 0x22, 0x7a, 0xd1, 0xac, 0xff, 0xff, 0x00, 0x00, 0x00, 0x00, 0x00, 0x00, 0x00, 0x00,
    0x00, 0x00, 0xff, 0xff, 0x08, 0x93, 0x83, 0xbb, 0xc4, 0xc3, 0x45, 0xd4, 0x86, 0xdc, 0xa6, 0xdc,
    0xa4, 0xbb, 0xcf, 0xe5, 0x34, 0xff, 0x55, 0xff, 0x6b, 0xad, 0x80, 0x23, 0xee, 0xcd, 0x91, 0xfe,
    0x28, 0xbc, 0x83, 0xbb, 0x44, 0xab, 0x62, 0x8a, 0x45, 0xab, 0x82, 0x9a, 0x82, 0xa2, 0xa6, 0x8a,
    0xff, 0xff, 0x00, 0x00, 0x00, 0x00, 0x00, 0x00, 0x00, 0x00, 0x00, 0x00, 0xd0, 0xb4, 0xe2, 0xa2,
    0xa4, 0xc3, 0xc4, 0xc3, 0x65, 0xd4, 0x85, 0xdc, 0x45, 0xd4, 0xc4, 0xc3, 0x2c, 0xd5, 0x30, 0xee,
    0xee, 0xd5, 0x4a, 0xad, 0x4c, 0xd5, 0x27, 0xbc, 0x83, 0xbb, 0x62, 0x8a, 0xc2, 0x79, 0x42, 0x8a,
    0xe3, 0xb2, 0xc3, 0xb2, 0x04, 0xb3, 0x60, 0x71, 0xac, 0x93, 0xff, 0xff, 0x00, 0x00, 0x00, 0x00,
    0x00, 0x00, 0xff, 0xff, 0x33, 0xbd, 0x00, 0x82, 0xa4, 0xc3, 0x83, 0xbb, 0xe4, 0xcb, 0x45, 0xd4,
    0x65, 0xdc, 0x45, 0xd4, 0xa3, 0xbb, 0x84, 0xb3, 0x07, 0xc4, 0x07, 0xcc, 0x44, 0xb3, 0x43, 0xb3,
    0xe3, 0x9a, 0xa1, 0x69, 0x64, 0xbb, 0x04, 0xb3, 0xa1, 0x79, 0x22, 0x92, 0xa1, 0x79, 0xc3, 0x9a,
    0x84, 0xbb, 0x23, 0x7a, 0xff, 0xff, 0x00, 0x00, 0x00, 0x00, 0xff, 0xff, 0x43, 0x7a, 0xc4, 0xc3,
    0x23, 0xab, 0x03, 0xab, 0x83, 0xbb, 0xc4, 0xc3, 0x04, 0xcc, 0x24, 0xd4, 0x25, 0xd4, 0xe4, 0xcb,
    0xc3, 0xc3, 0xa3, 0xbb, 0x63, 0xbb, 0x62, 0x8a, 0x45, 0xa3, 0x01, 0x7a, 0x42, 0x9a, 0x42, 0x92,
    0xe2, 0x71, 0x61, 0x59, 0xe2, 0x79, 0x64, 0xc3, 0xc6, 0xd3, 0xa0, 0x81, 0x53, 0xbd, 0x00, 0x00,
    0x00, 0x00, 0xff, 0xff, 0xc0, 0x71, 0x25, 0xd4, 0xc5, 0xc3, 0x44, 0xb3, 0x64, 0xb3, 0x84, 0xbb,
    0x83, 0xbb, 0x83, 0xbb, 0x84, 0xbb, 0x84, 0xbb, 0x84, 0xbb, 0xa4, 0xc3, 0x63, 0xbb, 0xe1, 0x79,
    0xc3, 0xa2, 0x85, 0xab, 0xe2, 0x79, 0x63, 0x8a, 0xa8, 0xdc, 0x24, 0xb3, 0x81, 0x69, 0xe0, 0x89,
    0xc0, 0x89, 0x20, 0x61, 0x1b, 0xef, 0x00, 0x00, 0x00, 0x00, 0xff, 0xff, 0x4e, 0xa4, 0xa0, 0x71,
    0x20, 0x8a, 0x00, 0x8a, 0xc1, 0xa2, 0x42, 0xb3, 0x63, 0xbb, 0x63, 0xbb, 0x63, 0xbb, 0x43, 0xb3,
    0xe2, 0xaa, 0x61, 0x92, 0x41, 0x8a, 0x81, 0x61, 0x82, 0x9a, 0x87, 0xe4, 0x62, 0x92, 0x42, 0x9a,
    0x85, 0xcb, 0xc3, 0xb2, 0xc2, 0x69, 0xac, 0x93, 0x4a, 0x93, 0x78, 0xde, 0xff, 0xff, 0x00, 0x00,
    0x00, 0x00, 0x00, 0x00, 0xff, 0xff, 0xda, 0xe6, 0x53, 0xbd, 0x74, 0xc5, 0x2e, 0xa4, 0xe7, 0x8a,
    0x85, 0x82, 0x84, 0x82, 0xa5, 0x82, 0x07, 0x8b, 0xab, 0x9b, 0xf1, 0xb4, 0xda, 0xe6, 0x17, 0xce,
    0x40, 0x69, 0x60, 0x81, 0xa1, 0x69, 0x82, 0x69, 0x60, 0x79, 0xe0, 0x60, 0x2e, 0xa4, 0xff, 0xff,
    0xff, 0xff, 0x00, 0x00, 0x00, 0x00, 0x00, 0x00, 0x00, 0x00, 0x00, 0x00, 0x00, 0x00, 0x00, 0x00,
    0x00, 0x00, 0x00, 0x00, 0xff, 0xff, 0xff, 0xff, 0xff, 0xff, 0xff, 0xff, 0xff, 0xff, 0xff, 0xff,
    0xff, 0xff, 0x00, 0x00, 0x00, 0x00, 0xff, 0xff, 0x99, 0xde, 0xb1, 0xb4, 0x1b, 0xef, 0x5c, 0xef,
    0x12, 0xb5, 0x17, 0xd6, 0xff, 0xff, 0x00, 0x00, 0x00, 0x00, 0x00, 0x00, 0x00, 0x00, 0x00, 0x00,
    0x00, 0x00, 0x00, 0x00, 0x00, 0x00, 0x00, 0x00, 0x00, 0x00, 0x00, 0x00, 0x00, 0x00, 0x00, 0x00,
    0x00, 0x00, 0x00, 0x00, 0x00, 0x00, 0x00, 0x00, 0x00, 0x00, 0x00, 0x00, 0x00, 0x00, 0x00, 0x00,
    0x00, 0x00, 0x00, 0x00, 0x00, 0x00, 0x00, 0x00, 0x00, 0x00, 0x00, 0x00, 0x00, 0x00, 0x00, 0x00,
    0x00, 0x00, 0x00, 0x00, 0x00, 0x00, 0x00, 0x00, 0x00, 0x00, 0x00, 0x00, 0x00, 0x00, 0x00, 0x00,
    0x00, 0x00, 0x00, 0x00, 0x00, 0x00, 0x00, 0x00, 0x00, 0x00, 0x00, 0x00, 0x00, 0x00, 0x00, 0x00,
    0x00, 0x00, 0x00, 0x00, 0x00, 0x00, 0x00, 0x00, 0x00, 0x00, 0x00, 0x00, 0x00, 0x00, 0x00, 0x00,
    0x00, 0x00, 0x00, 0x00, 0x00, 0x00, 0x00, 0x00, 0x00, 0x00, 0x00, 0x00, 0x00, 0x00, 0x00, 0x00,
    0x00, 0x00, 0x00, 0x00, 0x00, 0x00, 0x00, 0x00, 0x00, 0x00, 0x00, 0x00, 0x00, 0x00, 0x00, 0x00,
    0x00, 0x00, 0x00, 0x00, 0x00, 0x00, 0x00, 0x00, 0x00, 0x00, 0x00, 0x00, 0x00, 0x00, 0x00, 0x00,
    0x00, 0x00, 0x00, 0x00, 0x00, 0x00, 0x00, 0x00, 0x00, 0x00, 0x00, 0x00, 0x00, 0x00, 0x00, 0x00,
    0x00, 0x00, 0x00, 0x00, 0x00, 0x00, 0x00, 0x00, 0x00, 0x00, 0x00, 0x00, 0x00, 0x00, 0x00, 0xff,
    0xff, 0xff, 0xff, 0xff, 0xff, 0xff, 0xff, 0xff, 0xff, 0xff, 0x00, 0x00, 0x00, 0x00, 0x00, 0x00,
    0x00, 0x00, 0x00, 0x00, 0x00, 0x00, 0x00, 0x00, 0xff, 0xff, 0xff, 0xff, 0xff, 0xff, 0xff, 0xff,
    0xff, 0xff, 0xff, 0xff, 0xff, 0xff, 0xff, 0xff, 0x00, 0x00, 0x00, 0x00, 0x00, 0x00, 0x00, 0x00,
    0x00, 0x00, 0xff, 0xff, 0xff, 0xff, 0xff, 0xff, 0xff, 0xff, 0xff, 0xff, 0xff, 0xff, 0xff, 0xff,
    0xff, 0xff, 0xff, 0xff, 0xff, 0x00, 0x00, 0x00, 0x00, 0x00, 0x00, 0x00, 0x00, 0xff, 0xff, 0xff,
    0xff, 0xff, 0xff, 0xff, 0xff, 0xff, 0xff, 0xff, 0xff, 0xff, 0xff, 0xff, 0xff, 0xff, 0xff, 0xff,
    0xff, 0x00, 0x00, 0x00, 0x00, 0x00, 0x00, 0x00, 0x00, 0xff, 0xff, 0xff, 0xff, 0xff, 0xff, 0xff,
    0xff, 0xff, 0xff, 0xff, 0xff, 0xff, 0xff, 0xff, 0xff, 0xff, 0xff, 0xff, 0xff, 0x00, 0x00, 0x00,
    0x00, 0x00, 0x00, 0x00, 0x00, 0xff, 0xff, 0xff, 0xff, 0xff, 0xff, 0xff, 0xff, 0xff, 0xff, 0xff,
    0xff, 0xff, 0xff, 0xff, 0xff, 0xff, 0xff, 0xff, 0xff, 0x00, 0x00, 0x00, 0x00, 0x00, 0x00, 0x00,
    0x00, 0xff, 0xff, 0xff, 0xff, 0xff, 0xff, 0xff, 0xff, 0xff, 0xff, 0xff, 0xff, 0xff, 0xff, 0xff,
    0xff, 0xff, 0xff, 0xff, 0xff, 0x00, 0x00, 0x00, 0x00, 0x00, 0x00, 0x00, 0x00, 0xff, 0xff, 0xff,
    0xff, 0xff, 0xff, 0xff, 0xff, 0xff, 0xff, 0xff, 0xff, 0xff, 0xff, 0xff, 0xff, 0xff, 0xff, 0xff,
    0xff, 0x00, 0x00, 0x00, 0x00, 0x00, 0x00, 0x00, 0x00, 0x00, 0xff, 0xff, 0xff, 0xff, 0xff, 0xff,
    0xff, 0xff, 0xff, 0xff, 0xff, 0xff, 0xff, 0xff, 0xff, 0xff, 0xff, 0xff, 0xff, 0xff, 0x00, 0x00,
    0x00, 0x00, 0x00, 0x00, 0x00, 0x00, 0xff, 0xff, 0xff, 0xff, 0xff, 0xff, 0xff, 0xff, 0xff, 0xff,
    0xff, 0xff, 0xff, 0xff, 0xff, 0xff, 0xff, 0xff, 0xff, 0xff, 0x00, 0x00, 0x00, 0x00, 0x00, 0x00,
    0x00, 0xff, 0xff, 0xff, 0xff, 0xff, 0xff, 0xff, 0xff, 0xff, 0xff, 0xff, 0xff, 0xff, 0xff, 0xff,
    0xff, 0xff, 0xff, 0xff, 0xff, 0xff, 0x00, 0x00, 0x00, 0x00, 0x00, 0x00, 0x00, 0xff, 0xff, 0xff,
    0xff, 0xff, 0xff, 0xff, 0xff, 0xff, 0xff, 0xff, 0xff, 0xff, 0xff, 0xff, 0xff, 0xff, 0xff, 0xff,
    0xff, 0xff, 0x00, 0x00, 0x00, 0x00, 0x00, 0x00, 0x00, 0xff, 0xff, 0xff, 0xff, 0xff, 0xff, 0xff,
    0xff, 0xff, 0xff, 0xff, 0xff, 0xff, 0xff, 0xff, 0xff, 0xff, 0xff, 0xff, 0xff, 0xff, 0xff, 0x00,
    0x00, 0x00, 0x00, 0x00, 0x00, 0xff, 0xff, 0xff, 0xff, 0xff, 0xff, 0xff, 0xff, 0xff, 0xff, 0xff,
    0xff, 0xff, 0xff, 0xff, 0xff, 0xff, 0xff, 0xff, 0xff, 0xff, 0xff, 0x00, 0x00, 0x00, 0x00, 0x00,
    0x00, 0xff, 0xff, 0xff, 0xff, 0xff, 0xff, 0xff, 0xff, 0xff, 0xff, 0xff, 0xff, 0xff, 0xff, 0xff,
    0xff, 0xff, 0xff, 0xff, 0xff, 0xff, 0xff, 0x00, 0x00, 0x00, 0x00, 0x00, 0x00, 0xff, 0xff, 0xff,
    0xff, 0xff, 0xff, 0xff, 0xff, 0xff, 0xff, 0xff, 0xff, 0xff, 0xff, 0xff, 0xff, 0xff, 0xff, 0xff,
    0xff, 0xff, 0xff, 0xff, 0x00, 0x00, 0x00, 0x00, 0x00, 0xff, 0xff, 0xff, 0xff, 0xff, 0xff, 0xff,
    0xff, 0xff, 0xff, 0xff, 0xff, 0xff, 0xff, 0xff, 0xff, 0xff, 0xff, 0xff, 0xff, 0xff, 0xff, 0xff,
    0xff, 0x00, 0x00, 0x00, 0x00, 0x00, 0xff, 0xff, 0xff, 0xff, 0xff, 0xff, 0xff, 0xff, 0xff, 0xff,
    0xff, 0xff, 0xff, 0xff, 0xff, 0xff, 0xff, 0xff, 0xff, 0xff, 0xff, 0xff, 0xff, 0xff, 0x00, 0x00,
    0x00, 0xff, 0xff, 0xff, 0xff, 0xff, 0xff, 0xff, 0xff, 0xff, 0xff, 0xff, 0xff, 0xff, 0xff, 0xff,
    0xff, 0xff, 0xff, 0xff, 0xff, 0xff, 0xff, 0xff, 0xff, 0xff, 0xff, 0x00, 0x00, 0xff, 0xff, 0xff,
    0xff, 0xff, 0xff, 0xff, 0xff, 0xff, 0xff, 0xff, 0xff, 0xff, 0xff, 0xff, 0xff, 0xff, 0xff, 0xff,
    0xff, 0xff, 0xff, 0xff, 0xff, 0xff, 0xff, 0x00, 0x00, 0xff, 0xff, 0xff, 0xff, 0xff, 0xff, 0xff,
    0xff, 0xff, 0xff, 0xff, 0xff, 0xff, 0xff, 0xff, 0xff, 0xff, 0xff, 0xff, 0xff, 0xff, 0xff, 0xff,
    0xff, 0xff, 0xff, 0x00, 0x00, 0xff, 0xff, 0xff, 0xff, 0xff, 0xff, 0xff, 0xff, 0xff, 0xff, 0xff,
    0xff, 0xff, 0xff, 0xff, 0xff, 0xff, 0xff, 0xff, 0xff, 0xff, 0xff, 0xff, 0xff, 0xff, 0xff, 0x00,
    0x00, 0x00, 0xff, 0xff, 0xff, 0xff, 0xff, 0xff, 0xff, 0xff, 0xff, 0xff, 0xff, 0xff, 0xff, 0xff,
    0xff, 0xff, 0xff, 0xff, 0xff, 0xff, 0xff, 0xff, 0xff, 0x00, 0x00, 0x00, 0x00, 0x00, 0x00, 0x00,
    0x00, 0x00, 0xff, 0xff, 0xff, 0xff, 0xff, 0xff, 0xff, 0x00, 0x00, 0xff, 0xff, 0xff, 0xff, 0xff,
    0xff, 0xff, 0xff, 0x00, 0x00, 0x00, 0x00, 0x00, 0x00, 0x00, 0x00, 0x00, 0x00, 0x00, 0x00, 0x00,
    0x00, 0x00, 0x00, 0x00, 0x00, 0x00, 0x00, 0x00, 0x00, 0x00, 0x00, 0x00, 0x00, 0x00, 0x00, 0x00,
    0x00, 0x00, 0x00, 0x00, 0x00, 0x00, 0x00, 0x00, 0x00, 0x00, 0x00, 0x00, 0x00, 0x00, 0x00, 0x00,
    0x00, 0x00, 0x00, 0x00, 0x00, 0x00, 0x00, 0x00, 0x00, 0x00, 0x00, 0x00, 0x00, 0x00, 0x00, 0x00,
};

static const LV_ATTRIBUTE_MEM_ALIGN uint8_t app_farm_ico_plant_map[] = {
    0x00, 0x00, 0x00, 0x00, 0x00, 0x00, 0x00, 0x00, 0x00, 0x00, 0x00, 0x00, 0x00, 0x00, 0x00, 0x00,
    0x00, 0x00, 0x00, 0x00, 0x00, 0x00, 0x00, 0x00, 0x00, 0x00, 0x00, 0x00, 0x00, 0x00, 0x00, 0x00,
    0x00, 0x00, 0x00, 0x00, 0x00, 0x00, 0x00, 0x00, 0x00, 0x00, 0x00, 0x00, 0x00, 0x00, 0x00, 0x00,
    0x00, 0x00, 0x00, 0x00, 0x00, 0x00, 0x00, 0x00, 0x00, 0x00, 0x00, 0x00, 0x00, 0x00, 0x00, 0x00,
    0x00, 0x00, 0x00, 0x00, 0xff, 0xff, 0xff, 0xff, 0xff, 0xff, 0x00, 0x00, 0x00, 0x00, 0x00, 0x00,
    0x00, 0x00, 0x00, 0x00, 0x00, 0x00, 0x00, 0x00, 0x00, 0x00, 0xff, 0xff, 0xff, 0xff, 0x00, 0x00,
    0x00, 0x00, 0x00, 0x00, 0xff, 0xff, 0xff, 0xff, 0x00, 0x00, 0x00, 0x00, 0x00, 0x00, 0x00, 0x00,
    0x00, 0x00, 0x00, 0x00, 0x00, 0x00, 0x00, 0x00, 0xff, 0xff, 0x00, 0x00, 0x00, 0x00, 0x00, 0x00,
    0x00, 0x00, 0x00, 0x00, 0xff, 0xff, 0xff, 0xff, 0x00, 0x00, 0x00, 0x00, 0x00, 0x00, 0xff, 0xff,
    0xff, 0xff, 0x09, 0x6c, 0x28, 0x74, 0x00, 0x00, 0x00, 0x00, 0x00, 0x00, 0x00, 0x00, 0x00, 0x00,
    0xff, 0xff, 0x00, 0x00, 0x00, 0x00, 0x00, 0x00, 0x00, 0x00, 0x00, 0x00, 0x00, 0x00, 0xff, 0xff,
    0xe8, 0x63, 0x00, 0x00, 0x00, 0x00, 0x00, 0x00, 0x00, 0x00, 0x00, 0x00, 0x00, 0x00, 0x00, 0x00,
    0xff, 0xff, 0x00, 0x00, 0xff, 0xff, 0x14, 0xb6, 0xa5, 0x5b, 0xd0, 0xd6, 0xf4, 0xff, 0x00, 0x00,
    0x00, 0x00, 0x00, 0x00, 0x00, 0x00, 0x00, 0x00, 0x00, 0x00, 0x00, 0x00, 0x00, 0x00, 0x00, 0x00,
    0x00, 0x00, 0x00, 0x00, 0x00, 0x00, 0x00, 0x00, 0x00, 0x00, 0x00, 0x00, 0x00, 0x00, 0x00, 0x00,
    0x00, 0x00, 0x00, 0x00, 0x00, 0x00, 0x00, 0x00, 0x00, 0x00, 0xff, 0xff, 0xd8, 0xd6, 0xe6, 0x63,
    0x4b, 0xd7, 0x24, 0xc7, 0xe3, 0xc6, 0x00, 0x00, 0x00, 0x00, 0x00, 0x00, 0x00, 0x00, 0x00, 0x00,
    0x00, 0x00, 0x00, 0x00, 0x00, 0x00, 0x00, 0x00, 0x00, 0x00, 0x00, 0x00, 0x00, 0x00, 0x00, 0x00,
    0x00, 0x00, 0x00, 0x00, 0x00, 0x00, 0x00, 0x00, 0x00, 0x00, 0x00, 0x00, 0x00, 0x00, 0x00, 0x00,
    0x00, 0x00, 0x00, 0x00, 0x00, 0x00, 0x00, 0x00, 0x00, 0x00, 0x00, 0x00, 0x00, 0x00, 0x00, 0x00,
    0x00, 0x00, 0x00, 0x00, 0x00, 0x00, 0x00, 0x00, 0xff, 0xff, 0x00, 0x00, 0x00, 0x00, 0x00, 0x00,
    0x00, 0x00, 0x00, 0x00, 0x00, 0x00, 0xff, 0xff, 0x00, 0x00, 0x00, 0x00, 0x00, 0x00, 0x00, 0x00,
    0x00, 0x00, 0x00, 0x00, 0x00, 0x00, 0x00, 0x00, 0x00, 0x00, 0x00, 0x00, 0x00, 0x00, 0x00, 0x00,
    0x00, 0x00, 0x00, 0x00, 0x00, 0x00, 0x00, 0x00, 0x00, 0x00, 0x00, 0x00, 0x00, 0x00, 0x00, 0x00,
    0xff, 0xff, 0x00, 0x00, 0x00, 0x00, 0x00, 0x00, 0x00, 0x00, 0x00, 0x00, 0x00, 0x00, 0xff, 0xff,
    0x00, 0x00, 0x00, 0x00, 0x00, 0x00, 0x00, 0x00, 0x00, 0x00, 0x00, 0x00, 0x00, 0x00, 0x00, 0x00,
    0x00, 0x00, 0x00, 0x00, 0x00, 0x00, 0x00, 0x00, 0x00, 0x00, 0x00, 0x00, 0x00, 0x00, 0x00, 0x00,
    0x00, 0x00, 0x00, 0x00, 0x00, 0x00, 0x00, 0x00, 0xff, 0xff, 0x00, 0x00, 0x00, 0x00, 0x00, 0x00,
    0x00, 0x00, 0x00, 0x00, 0x00, 0x00, 0x00, 0x00, 0xff, 0xff, 0x00, 0x00, 0x00, 0x00, 0x00, 0x00,
    0x00, 0x00, 0x00, 0x00, 0x00, 0x00, 0x00, 0x00, 0x00, 0x00, 0x00, 0x00, 0x00, 0x00, 0x00, 0x00,
    0x00, 0x00, 0x00, 0x00, 0x00, 0x00, 0x00, 0x00, 0x00, 0x00, 0x00, 0x00, 0x00, 0x00, 0xff, 0xff,
    0x00, 0x00, 0x00, 0x00, 0x00, 0x00, 0x00, 0x00, 0x00, 0x00, 0x00, 0x00, 0x00, 0x00, 0x00, 0x00,
    0xff, 0xff, 0x00, 0x00, 0x00, 0x00, 0x00, 0x00, 0x00, 0x00, 0x00, 0x00, 0x00, 0x00, 0x00, 0x00,
    0x00, 0x00, 0x00, 0x00, 0x00, 0x00, 0x00, 0x00, 0x00, 0x00, 0x00, 0x00, 0x00, 0x00, 0x00, 0x00,
    0x00, 0x00, 0x00, 0x00, 0xff, 0xff, 0x00, 0x00, 0x00, 0x00, 0x00, 0x00, 0x00, 0x00, 0x00, 0x00,
    0x00, 0x00, 0x00, 0x00, 0x00, 0x00, 0x00, 0x00, 0x00, 0x00, 0xff, 0xff, 0x00, 0x00, 0x00, 0x00,
    0x00, 0x00, 0x00, 0x00, 0x00, 0x00, 0x00, 0x00, 0x00, 0x00, 0x00, 0x00, 0x00, 0x00, 0x00, 0x00,
    0x00, 0x00, 0x00, 0x00, 0x00, 0x00, 0x00, 0x00, 0x00, 0x00, 0xff, 0xff, 0x00, 0x00, 0x00, 0x00,
    0x00, 0x00, 0x00, 0x00, 0x00, 0x00, 0x00, 0x00, 0x00, 0x00, 0x00, 0x00, 0x00, 0x00, 0x00, 0x00,
    0x00, 0x00, 0x00, 0x00, 0x00, 0x00, 0xff, 0xff, 0xff, 0xff, 0x00, 0x00, 0x00, 0x00, 0x00, 0x00,
    0x00, 0x00, 0x00, 0x00, 0x00, 0x00, 0x00, 0x00, 0x00, 0x00, 0x00, 0x00, 0xff, 0xff, 0xff, 0xff,
    0xff, 0xff, 0x00, 0x00, 0x00, 0x00, 0x00, 0x00, 0x00, 0x00, 0x00, 0x00, 0x00, 0x00, 0x00, 0x00,
    0x00, 0x00, 0x00, 0x00, 0x00, 0x00, 0x00, 0x00, 0x00, 0x00, 0x00, 0x00, 0x00, 0x00, 0x00, 0x00,
    0x00, 0x00, 0xff, 0xff, 0xff, 0xff, 0xff, 0xff, 0x00, 0x00, 0x00, 0x00, 0x00, 0x00, 0x00, 0x00,
    0xff, 0xff, 0x00, 0x00, 0x00, 0x00, 0x00, 0x00, 0x00, 0x00, 0x00, 0x00, 0x00, 0x00, 0x00, 0x00,
    0x00, 0x00, 0x00, 0x00, 0x00, 0x00, 0x00, 0x00, 0x00, 0x00, 0x00, 0x00, 0x00, 0x00, 0x00, 0x00,
    0x00, 0x00, 0x00, 0x00, 0x00, 0x00, 0x00, 0x00, 0x00, 0x00, 0x00, 0x00, 0x00, 0x00, 0x00, 0x00,
    0x00, 0x00, 0x00, 0x00, 0x00, 0x00, 0x00, 0x00, 0x00, 0x00, 0x00, 0x00, 0x00, 0x00, 0x00, 0x00,
    0x00, 0x00, 0x00, 0x00, 0x00, 0x00, 0x00, 0x00, 0x00, 0x00, 0x00, 0x00, 0x00, 0x00, 0x00, 0x00,
    0x00, 0x00, 0x00, 0x00, 0x00, 0x00, 0x00, 0x00, 0x00, 0x00, 0x00, 0x00, 0x00, 0x00, 0x00, 0x00,
    0x00, 0x00, 0x00, 0x00, 0x00, 0x00, 0x00, 0x00, 0x00, 0x00, 0x00, 0x00, 0x00, 0x00, 0x00, 0x00,
    0xff, 0xff, 0x00, 0x00, 0x00, 0x00, 0x00, 0x00, 0x00, 0x00, 0x00, 0x00, 0x00, 0x00, 0x00, 0x00,
    0x00, 0x00, 0x00, 0x00, 0x00, 0x00, 0x00, 0x00, 0x00, 0x00, 0x00, 0x00, 0x00, 0x00, 0x00, 0x00,
    0x00, 0x00, 0x00, 0x00, 0x00, 0x00, 0x00, 0x00, 0x00, 0x00, 0xff, 0xff, 0xff, 0xff, 0xff, 0xff,
    0x00, 0x00, 0x00, 0x00, 0x00, 0x00, 0x00, 0x00, 0xff, 0xff, 0xff, 0xff, 0xff, 0xff, 0x00, 0x00,
    0x00, 0x00, 0x00, 0x00, 0x00, 0x00, 0x00, 0x00, 0x00, 0x00, 0x00, 0x00, 0x00, 0x00, 0x00, 0x00,
    0x00, 0x00, 0x00, 0x00, 0x00, 0x00, 0x00, 0x00, 0x00, 0x00, 0x00, 0x00, 0x00, 0x00, 0x00, 0x00,
    0xff, 0xff, 0x74, 0xbd, 0xa5, 0x7a, 0x83, 0x82, 0x22, 0x4a, 0x00, 0x00, 0x00, 0x00, 0x21, 0x3a,
    0x41, 0x82, 0xe1, 0x69, 0xe8, 0x7a, 0xff, 0xff, 0xff, 0xff, 0x00, 0x00, 0x00, 0x00, 0x00, 0x00,
    0x00, 0x00, 0x00, 0x00, 0x00, 0x00, 0x00, 0x00, 0x00, 0x00, 0x00, 0x00, 0x00, 0x00, 0x00, 0x00,
    0x00, 0x00, 0x00, 0x00, 0x00, 0x00, 0xff, 0xff, 0xf1, 0xa4, 0xa0, 0x61, 0x84, 0xb3, 0xc3, 0x9a,
    0x41, 0x5a, 0x00, 0x00, 0x00, 0x00, 0x61, 0x4a, 0xa3, 0x92, 0xa3, 0x8a, 0x01, 0x72, 0x66, 0x6a,
    0x6f, 0x9c, 0xff, 0xff, 0x00, 0x00, 0x00, 0x00, 0x00, 0x00, 0x00, 0x00, 0x00, 0x00, 0x00, 0x00,
    0x00, 0x00, 0x00, 0x00, 0x00, 0x00, 0x00, 0x00, 0x00, 0x00, 0x00, 0x00, 0xff, 0xff, 0x95, 0xb5,
    0x62, 0x72, 0xe7, 0xdc, 0xa4, 0xb3, 0x42, 0x7a, 0xa1, 0x41, 0x00, 0x00, 0x00, 0x00, 0x00, 0x00,
    0xc2, 0x69, 0xa3, 0x8a, 0xc3, 0x92, 0x02, 0x6a, 0x00, 0x7a, 0x44, 0x6a, 0xff, 0xff, 0x00, 0x00,
    0x00, 0x00, 0x00, 0x00, 0x00, 0x00, 0x00, 0x00, 0x00, 0x00, 0x00, 0x00, 0x00, 0x00, 0x00, 0x00,
    0x00, 0x00, 0xff, 0xff, 0xa6, 0x72, 0x62, 0x7a, 0xe3, 0x92, 0x23, 0xab, 0xc3, 0x9a, 0xa3, 0x8a,
    0xc3, 0x82, 0x82, 0x62, 0x00, 0x00, 0x22, 0x62, 0x42, 0x7a, 0x83, 0x8a, 0xc3, 0x92, 0x43, 0x7a,
    0x83, 0x82, 0xe1, 0x69, 0xc8, 0x72, 0xff, 0xff, 0x00, 0x00, 0x00, 0x00, 0x00, 0x00, 0x00, 0x00,
    0x00, 0x00, 0x00, 0x00, 0x00, 0x00, 0x00, 0x00, 0xff, 0xff, 0x24, 0x62, 0xa3, 0xbb, 0x46, 0xd4,
    0xe3, 0x9a, 0x62, 0x82, 0xa3, 0x92, 0x05, 0xc4, 0x05, 0xcc, 0x03, 0xa3, 0x83, 0x8a, 0xe5, 0xc3,
    0x64, 0xb3, 0xa3, 0x92, 0x62, 0x7a, 0x83, 0x8a, 0x83, 0x82, 0xe4, 0x92, 0xa0, 0x69, 0x29, 0x7b,
    0xff, 0xff, 0x00, 0x00, 0x00, 0x00, 0x00, 0x00, 0x00, 0x00, 0x00, 0x00, 0x00, 0x00, 0x00, 0x00,
    0xff, 0xff, 0x21, 0x72, 0x85, 0xb3, 0x23, 0xa3, 0x03, 0xa3, 0xc3, 0x92, 0x23, 0xa3, 0x23, 0xa3,
    0x03, 0xa3, 0x03, 0xa3, 0x23, 0xa3, 0x43, 0xa3, 0x43, 0xab, 0xc3, 0x9a, 0x83, 0x82, 0x63, 0x82,
    0x43, 0x7a, 0xc3, 0x92, 0x43, 0x82, 0xe3, 0x59, 0xff, 0xff, 0x00, 0x00, 0x00, 0x00, 0x00, 0x00,
    0x00, 0x00, 0x00, 0x00, 0x00, 0x00, 0x00, 0x00, 0xff, 0xff, 0xc2, 0x59, 0x21, 0x82, 0xa2, 0x92,
    0x83, 0x82, 0x44, 0xab, 0x03, 0xa3, 0xc3, 0x92, 0x44, 0xab, 0x64, 0xb3, 0x03, 0xa3, 0xc3, 0x92,
    0xa3, 0x8a, 0xc3, 0x92, 0xa3, 0x8a, 0x83, 0x8a, 0x43, 0x7a, 0xc2, 0x61, 0x00, 0x49, 0xcc, 0x8b,
    0xff, 0xff, 0x00, 0x00, 0x00, 0x00, 0x00, 0x00, 0x00, 0x00, 0x00, 0x00, 0x00, 0x00, 0x00, 0x00,
    0xff, 0xff, 0x78, 0xd6, 0xe8, 0x7a, 0x04, 0x62, 0xe1, 0x69, 0x04, 0xa3, 0x42, 0x7a, 0xa3, 0x8a,
    0x24, 0xa3, 0xe3, 0x9a, 0xe3, 0x9a, 0xc3, 0x92, 0x43, 0x7a, 0xe5, 0xbb, 0x44, 0xa3, 0x63, 0x82,
    0x22, 0x7a, 0x04, 0x5a, 0x33, 0xb5, 0xff, 0xff, 0x00, 0x00, 0x00, 0x00, 0x00, 0x00, 0x00, 0x00,
    0x00, 0x00, 0x00, 0x00, 0x00, 0x00, 0x00, 0x00, 0x00, 0x00, 0x00, 0x00, 0xff, 0xff, 0x9d, 0xf7,
    0xc7, 0x72, 0x81, 0x59, 0xc3, 0x59, 0xc1, 0x69, 0xa3, 0x92, 0xc3, 0x92, 0xc3, 0x92, 0x42, 0x82,
    0x60, 0x51, 0xa0, 0x61, 0xe1, 0x71, 0xa0, 0x61, 0x20, 0x49, 0xf6, 0xc5, 0xff, 0xff, 0x00, 0x00,
    0x00, 0x00, 0x00, 0x00, 0x00, 0x00, 0x00, 0x00, 0x00, 0x00, 0x00, 0x00, 0x00, 0x00, 0x00, 0x00,
    0x00, 0x00, 0x00, 0x00, 0x00, 0x00, 0x00, 0x00, 0xff, 0xff, 0xff, 0xff, 0xde, 0xff, 0xed, 0x93,
    0x61, 0x59, 0x80, 0x61, 0x80, 0x59, 0xa2, 0x59, 0x12, 0xad, 0x73, 0xbd, 0x8b, 0x8b, 0x2e, 0x94,
    0xda, 0xe6, 0xff, 0xff, 0x00, 0x00, 0x00, 0x00, 0x00, 0x00, 0x00, 0x00, 0x00, 0x00, 0x00, 0x00,
    0x00, 0x00, 0x00, 0x00, 0x00, 0x00, 0x00, 0x00, 0x00, 0x00, 0x00, 0x00, 0x00, 0x00, 0x00, 0x00,
    0x00, 0x00, 0x00, 0x00, 0x00, 0x00, 0xff, 0xff, 0x3b, 0xef, 0xf6, 0xcd, 0x16, 0xce, 0xff, 0xff,
    0xff, 0xff, 0x00, 0x00, 0xff, 0xff, 0xff, 0xff, 0x00, 0x00, 0x00, 0x00, 0x00, 0x00, 0x00, 0x00,
    0x00, 0x00, 0x00, 0x00, 0x00, 0x00, 0x00, 0x00, 0x00, 0x00, 0x00, 0x00, 0x00, 0x00, 0x00, 0x00,
    0x00, 0x00, 0x00, 0x00, 0x00, 0x00, 0x00, 0x00, 0x00, 0x00, 0x00, 0x00, 0x00, 0x00, 0x00, 0x00,
    0x00, 0x00, 0x00, 0x00, 0x00, 0x00, 0x00, 0x00, 0x00, 0x00, 0x00, 0x00, 0x00, 0x00, 0x00, 0x00,
    0x00, 0x00, 0x00, 0x00, 0x00, 0x00, 0x00, 0x00, 0x00, 0x00, 0x00, 0x00, 0x00, 0x00, 0x00, 0x00,
    0x00, 0x00, 0x00, 0x00, 0x00, 0x00, 0x00, 0x00, 0x00, 0x00, 0x00, 0x00, 0x00, 0x00, 0x00, 0x00,
    0x00, 0x00, 0x00, 0x00, 0x00, 0x00, 0x00, 0x00, 0x00, 0x00, 0x00, 0x00, 0x00, 0x00, 0x00, 0x00,
    0x00, 0x00, 0xff, 0xff, 0xff, 0x00, 0x00, 0x00, 0x00, 0x00, 0x00, 0x00, 0x00, 0xff, 0xff, 0x00,
    0x00, 0x00, 0xff, 0xff, 0x00, 0x00, 0x00, 0x00, 0x00, 0x00, 0x00, 0x00, 0xff, 0x00, 0x00, 0x00,
    0x00, 0x00, 0xff, 0xff, 0x00, 0x00, 0x00, 0xff, 0xff, 0xff, 0xff, 0x00, 0x00, 0x00, 0x00, 0x00,
    0xff, 0x00, 0x00, 0x00, 0x00, 0x00, 0x00, 0xff, 0xff, 0x00, 0x00, 0x00, 0x00, 0x00, 0x00, 0x00,
    0xff, 0x00, 0xff, 0xff, 0xff, 0xff, 0xff, 0x00, 0x00, 0x00, 0x00, 0x00, 0x00, 0x00, 0x00, 0x00,
    0x00, 0x00, 0x00, 0x00, 0x00, 0x00, 0x00, 0x00, 0x00, 0x00, 0x00, 0x00, 0x00, 0xff, 0xff, 0xff,
    0xff, 0xff, 0xff, 0x00, 0x00, 0x00, 0x00, 0x00, 0x00, 0x00, 0x00, 0x00, 0x00, 0x00, 0x00, 0x00,
    0x00, 0x00, 0x00, 0x00, 0x00, 0x00, 0x00, 0x00, 0x00, 0x00, 0x00, 0x00, 0x00, 0x00, 0x00, 0x00,
    0x00, 0x00, 0x00, 0x00, 0xff, 0x00, 0x00, 0x00, 0x00, 0x00, 0x00, 0xff, 0x00, 0x00, 0x00, 0x00,
    0x00, 0x00, 0x00, 0x00, 0x00, 0x00, 0x00, 0x00, 0x00, 0x00, 0x00, 0x00, 0x00, 0x00, 0x00, 0x00,
    0xff, 0x00, 0x00, 0x00, 0x00, 0x00, 0x00, 0xff, 0x00, 0x00, 0x00, 0x00, 0x00, 0x00, 0x00, 0x00,
    0x00, 0x00, 0x00, 0x00, 0x00, 0x00, 0x00, 0x00, 0x00, 0x00, 0x00, 0x00, 0xff, 0x00, 0x00, 0x00,
    0x00, 0x00, 0x00, 0x00, 0xff, 0x00, 0x00, 0x00, 0x00, 0x00, 0x00, 0x00, 0x00, 0x00, 0x00, 0x00,
    0x00, 0x00, 0x00, 0x00, 0x00, 0x00, 0x00, 0xff, 0x00, 0x00, 0x00, 0x00, 0x00, 0x00, 0x00, 0x00,
    0xff, 0x00, 0x00, 0x00, 0x00, 0x00, 0x00, 0x00, 0x00, 0x00, 0x00, 0x00, 0x00, 0x00, 0x00, 0x00,
    0x00, 0x00, 0xff, 0x00, 0x00, 0x00, 0x00, 0x00, 0x00, 0x00, 0x00, 0x00, 0x00, 0xff, 0x00, 0x00,
    0x00, 0x00, 0x00, 0x00, 0x00, 0x00, 0x00, 0x00, 0x00, 0x00, 0x00, 0x00, 0x00, 0xff, 0x00, 0x00,
    0x00, 0x00, 0x00, 0x00, 0x00, 0x00, 0x00, 0x00, 0x00, 0x00, 0x00, 0xff, 0xff, 0x00, 0x00, 0x00,
    0x00, 0x00, 0x00, 0x00, 0x00, 0x00, 0xff, 0xff, 0xff, 0x00, 0x00, 0x00, 0x00, 0x00, 0x00, 0x00,
    0x00, 0x00, 0x00, 0x00, 0x00, 0x00, 0x00, 0x00, 0x00, 0xff, 0xff, 0xff, 0x00, 0x00, 0x00, 0x00,
    0xff, 0x00, 0x00, 0x00, 0x00, 0x00, 0x00, 0x00, 0x00, 0x00, 0x00, 0x00, 0x00, 0x00, 0x00, 0x00,
    0x00, 0x00, 0x00, 0x00, 0x00, 0x00, 0x00, 0x00, 0x00, 0x00, 0x00, 0x00, 0x00, 0x00, 0x00, 0x00,
    0x00, 0x00, 0x00, 0x00, 0x00, 0x00, 0x00, 0x00, 0x00, 0x00, 0x00, 0x00, 0x00, 0x00, 0x00, 0x00,
    0x00, 0x00, 0x00, 0x00, 0x00, 0x00, 0x00, 0x00, 0xff, 0x00, 0x00, 0x00, 0x00, 0x00, 0x00, 0x00,
    0x00, 0x00, 0x00, 0x00, 0x00, 0x00, 0x00, 0x00, 0x00, 0x00, 0x00, 0x00, 0x00, 0xff, 0xff, 0xff,
    0x00, 0x00, 0x00, 0x00, 0xff, 0xff, 0xff, 0x00, 0x00, 0x00, 0x00, 0x00, 0x00, 0x00, 0x00, 0x00,
    0x00, 0x00, 0x00, 0x00, 0x00, 0x00, 0x00, 0x00, 0xff, 0xff, 0xff, 0xff, 0xff, 0x00, 0x00, 0xff,
    0xff, 0xff, 0xff, 0xff, 0xff, 0x00, 0x00, 0x00, 0x00, 0x00, 0x00, 0x00, 0x00, 0x00, 0x00, 0x00,
    0x00, 0x00, 0x00, 0xff, 0xff, 0xff, 0xff, 0xff, 0xff, 0x00, 0x00, 0xff, 0xff, 0xff, 0xff, 0xff,
    0xff, 0xff, 0x00, 0x00, 0x00, 0x00, 0x00, 0x00, 0x00, 0x00, 0x00, 0x00, 0x00, 0x00, 0xff, 0xff,
    0xff, 0xff, 0xff, 0xff, 0xff, 0x00, 0x00, 0x00, 0xff, 0xff, 0xff, 0xff, 0xff, 0xff, 0xff, 0x00,
    0x00, 0x00, 0x00, 0x00, 0x00, 0x00, 0x00, 0x00, 0x00, 0xff, 0xff, 0xff, 0xff, 0xff, 0xff, 0xff,
    0xff, 0xff, 0x00, 0xff, 0xff, 0xff, 0xff, 0xff, 0xff, 0xff, 0xff, 0xff, 0x00, 0x00, 0x00, 0x00,
    0x00, 0x00, 0x00, 0x00, 0xff, 0xff, 0xff, 0xff, 0xff, 0xff, 0xff, 0xff, 0xff, 0xff, 0xff, 0xff,
    0xff, 0xff, 0xff, 0xff, 0xff, 0xff, 0xff, 0xff, 0xff, 0x00, 0x00, 0x00, 0x00, 0x00, 0x00, 0x00,
    0xff, 0xff, 0xff, 0xff, 0xff, 0xff, 0xff, 0xff, 0xff, 0xff, 0xff, 0xff, 0xff, 0xff, 0xff, 0xff,
    0xff, 0xff, 0xff, 0xff, 0xff, 0x00, 0x00, 0x00, 0x00, 0x00, 0x00, 0x00, 0xff, 0xff, 0xff, 0xff,
    0xff, 0xff, 0xff, 0xff, 0xff, 0xff, 0xff, 0xff, 0xff, 0xff, 0xff, 0xff, 0xff, 0xff, 0xff, 0xff,
    0xff, 0x00, 0x00, 0x00, 0x00, 0x00, 0x00, 0x00, 0xff, 0xff, 0xff, 0xff, 0xff, 0xff, 0xff, 0xff,
    0xff, 0xff, 0xff, 0xff, 0xff, 0xff, 0xff, 0xff, 0xff, 0xff, 0xff, 0xff, 0x00, 0x00, 0x00, 0x00,
    0x00, 0x00, 0x00, 0x00, 0x00, 0x00, 0xff, 0xff, 0xff, 0xff, 0xff, 0xff, 0xff, 0xff, 0xff, 0xff,
    0xff, 0xff, 0xff, 0xff, 0xff, 0xff, 0xff, 0x00, 0x00, 0x00, 0x00, 0x00, 0x00, 0x00, 0x00, 0x00,
    0x00, 0x00, 0x00, 0x00, 0xff, 0xff, 0xff, 0xff, 0xff, 0xff, 0xff, 0xff, 0xff, 0xff, 0xff, 0xff,
    0xff, 0xff, 0x00, 0x00, 0x00, 0x00, 0x00, 0x00, 0x00, 0x00, 0x00, 0x00, 0x00, 0x00, 0x00, 0x00,
    0x00, 0x00, 0x00, 0xff, 0xff, 0xff, 0xff, 0xff, 0xff, 0x00, 0xff, 0xff, 0x00, 0x00, 0x00, 0x00,
    0x00, 0x00, 0x00, 0x00, 0x00, 0x00, 0x00, 0x00, 0x00, 0x00, 0x00, 0x00, 0x00, 0x00, 0x00, 0x00,
    0x00, 0x00, 0x00, 0x00, 0x00, 0x00, 0x00, 0x00, 0x00, 0x00, 0x00, 0x00, 0x00, 0x00, 0x00, 0x00,
};

static const LV_ATTRIBUTE_MEM_ALIGN uint8_t app_farm_ico_water_map[] = {
    0x00, 0x00, 0x00, 0x00, 0x00, 0x00, 0x00, 0x00, 0x00, 0x00, 0x00, 0x00, 0x00, 0x00, 0x00, 0x00,
    0x00, 0x00, 0x00, 0x00, 0x00, 0x00, 0x00, 0x00, 0x00, 0x00, 0x00, 0x00, 0x00, 0x00, 0x00, 0x00,
    0x00, 0x00, 0x00, 0x00, 0x00, 0x00, 0x00, 0x00, 0x00, 0x00, 0x00, 0x00, 0x00, 0x00, 0x00, 0x00,
    0x00, 0x00, 0x00, 0x00, 0x00, 0x00, 0x00, 0x00, 0x00, 0x00, 0x00, 0x00, 0x00, 0x00, 0x00, 0x00,
    0x00, 0x00, 0x00, 0x00, 0x00, 0x00, 0x00, 0x00, 0x00, 0x00, 0x00, 0x00, 0x00, 0x00, 0x00, 0x00,
    0x00, 0x00, 0x00, 0x00, 0x00, 0x00, 0x00, 0x00, 0x00, 0x00, 0x00, 0x00, 0x00, 0x00, 0x00, 0x00,
    0x00, 0x00, 0x00, 0x00, 0x00, 0x00, 0x00, 0x00, 0x00, 0x00, 0x00, 0x00, 0x00, 0x00, 0x00, 0x00,
    0x00, 0x00, 0x00, 0x00, 0x00, 0x00, 0x00, 0x00, 0x00, 0x00, 0x00, 0x00, 0x00, 0x00, 0x00, 0x00,
    0x00, 0x00, 0x00, 0x00, 0x00, 0x00, 0x00, 0x00, 0x00, 0x00, 0x00, 0x00, 0x00, 0x00, 0x00, 0x00,
    0x00, 0x00, 0x00, 0x00, 0x00, 0x00, 0x00, 0x00, 0x00, 0x00, 0x00, 0x00, 0x00, 0x00, 0x00, 0x00,
    0x00, 0x00, 0x00, 0x00, 0x00, 0x00, 0x00, 0x00, 0x00, 0x00, 0x00, 0x00, 0x00, 0x00, 0x00, 0x00,
    0x00, 0x00, 0x00, 0x00, 0x00, 0x00, 0x00, 0x00, 0x00, 0x00, 0x00, 0x00, 0x00, 0x00, 0x00, 0x00,
    0x00, 0x00, 0x00, 0x00, 0x00, 0x00, 0x00, 0x00, 0x00, 0x00, 0x00, 0x00, 0x00, 0x00, 0x00, 0x00,
    0x00, 0x00, 0x00, 0x00, 0x00, 0x00, 0x00, 0x00, 0x00, 0x00, 0x00, 0x00, 0x00, 0x00, 0x00, 0x00,
    0x00, 0x00, 0x00, 0x00, 0x00, 0x00, 0x00, 0x00, 0x00, 0x00, 0xff, 0xff, 0xff, 0xff, 0x00, 0x00,
    0x00, 0x00, 0x00, 0x00, 0x00, 0x00, 0xff, 0xff, 0xd6, 0xc5, 0x54, 0xad, 0xf3, 0xa4, 0xd2, 0xa4,
    0x34, 0xad, 0xd6, 0xc5, 0xff, 0xff, 0x00, 0x00, 0x00, 0x00, 0x00, 0x00, 0x00, 0x00, 0x00, 0x00,
    0x00, 0x00, 0x00, 0x00, 0x00, 0x00, 0x00, 0x00, 0x00, 0x00, 0x00, 0x00, 0x00, 0x00, 0xff, 0xff,
    0x50, 0x94, 0x70, 0x94, 0xad, 0x7b, 0xff, 0xff, 0x00, 0x00, 0xff, 0xff, 0xd2, 0xa4, 0x2f, 0x8c,
    0x10, 0x7c, 0xcf, 0x73, 0xf0, 0x6b, 0xf0, 0x73, 0xf0, 0x73, 0x10, 0x7c, 0xce, 0x7b, 0x91, 0x9c,
    0xff, 0xff, 0x00, 0x00, 0x00, 0x00, 0x00, 0x00, 0x00, 0x00, 0x00, 0x00, 0x00, 0x00, 0x00, 0x00,
    0x00, 0x00, 0x00, 0x00, 0xff, 0xff, 0x2b, 0x6b, 0x74, 0xad, 0x37, 0xc6, 0xb6, 0xb5, 0xce, 0x7b,
    0xff, 0xff, 0x70, 0x94, 0xb1, 0x94, 0x51, 0x7c, 0xcc, 0x42, 0x8b, 0x3a, 0x8b, 0x3a, 0x6b, 0x32,
    0xac, 0x3a, 0x0d, 0x4b, 0x31, 0x74, 0x0f, 0x7c, 0xd2, 0xa4, 0xff, 0xff, 0xff, 0xff, 0x00, 0x00,
    0x00, 0x00, 0x00, 0x00, 0x00, 0x00, 0x00, 0x00, 0x00, 0x00, 0xff, 0xff, 0x8d, 0x7b, 0x95, 0xad,
    0x33, 0xa5, 0xb5, 0xb5, 0x13, 0x9d, 0xef, 0x7b, 0xde, 0xff, 0x4c, 0x6b, 0xfa, 0xde, 0x2d, 0x5b,
    0xe9, 0x29, 0x4a, 0x32, 0x4a, 0x32, 0x0a, 0x2a, 0x4a, 0x32, 0x4a, 0x32, 0x2c, 0x5b, 0x18, 0xbe,
    0x8a, 0x4a, 0x0f, 0x8c, 0x50, 0x94, 0x54, 0xb5, 0xff, 0xff, 0x00, 0x00, 0x00, 0x00, 0x00, 0x00,
    0x00, 0x00, 0x54, 0xb5, 0x50, 0x84, 0xf3, 0x94, 0x54, 0xa5, 0x54, 0xa5, 0x8e, 0x63, 0x54, 0xb5,
    0x7d, 0xf7, 0x2c, 0x63, 0x75, 0xa5, 0xd9, 0xde, 0x37, 0xc6, 0x34, 0xa5, 0xb2, 0x94, 0x91, 0x8c,
    0xb2, 0x94, 0x75, 0xad, 0xd6, 0xb5, 0x11, 0x74, 0xcc, 0x42, 0x72, 0x7c, 0x75, 0xa5, 0x91, 0x94,
    0x91, 0x9c, 0xff, 0xff, 0x00, 0x00, 0x00, 0x00, 0x00, 0x00, 0xd2, 0xa4, 0x0f, 0x74, 0xf3, 0x94,
    0x51, 0x7c, 0xf0, 0x6b, 0xcb, 0x42, 0x10, 0x84, 0x17, 0xce, 0xce, 0x73, 0x92, 0x84, 0x91, 0x8c,
    0xd5, 0xbd, 0x1a, 0xe7, 0xb9, 0xde, 0x77, 0xce, 0xf6, 0xbd, 0x34, 0x9d, 0xf0, 0x6b, 0xd0, 0x63,
    0x0d, 0x53, 0x6a, 0x42, 0x8a, 0x4a, 0xb3, 0x84, 0xae, 0x73, 0xff, 0xff, 0x00, 0x00, 0x00, 0x00,
    0x00, 0x00, 0xff, 0xff, 0x8d, 0x73, 0xab, 0x4a, 0x6a, 0x3a, 0x6b, 0x3a, 0xf0, 0x6b, 0xb2, 0x8c,
    0x48, 0x52, 0x30, 0x7c, 0x34, 0x9d, 0x33, 0xa5, 0x33, 0xa5, 0xb5, 0xb5, 0xf2, 0x9c, 0xb2, 0x8c,
    0x91, 0x8c, 0x71, 0x84, 0x51, 0x7c, 0x32, 0x74, 0xeb, 0x52, 0xd6, 0xc5, 0xfb, 0xe6, 0x6a, 0x4a,
    0xcf, 0x6b, 0xb2, 0x9c, 0x00, 0x00, 0x00, 0x00, 0x00, 0x00, 0x00, 0x00, 0xff, 0xff, 0xff, 0xff,
    0x17, 0xce, 0x6a, 0x42, 0xf0, 0x6b, 0xb6, 0xb5, 0x54, 0xa5, 0xaf, 0x63, 0xf3, 0x94, 0x54, 0xa5,
    0xd5, 0xb5, 0x98, 0xd6, 0x94, 0xb5, 0x95, 0xad, 0x34, 0x9d, 0x14, 0x9d, 0xb2, 0x8c, 0x52, 0x74,
    0x2d, 0x53, 0xb5, 0xbd, 0xff, 0xff, 0x8d, 0x73, 0x4e, 0x53, 0x50, 0x8c, 0x00, 0x00, 0x00, 0x00,
    0x00, 0x00, 0x00, 0x00, 0x00, 0x00, 0x00, 0x00, 0xff, 0xff, 0x50, 0x94, 0x0d, 0x4b, 0xf3, 0x94,
    0x17, 0xc6, 0x95, 0xad, 0x51, 0x7c, 0x54, 0xa5, 0xb5, 0xb5, 0x16, 0xbe, 0x74, 0xa5, 0x33, 0x9d,
    0xb5, 0xb5, 0x75, 0xa5, 0x92, 0x84, 0x31, 0x74, 0x4d, 0x5b, 0xf2, 0xa4, 0xff, 0xff, 0x6d, 0x73,
    0x2d, 0x53, 0x50, 0x8c, 0x00, 0x00, 0x00, 0x00, 0x00, 0x00, 0x00, 0x00, 0x00, 0x00, 0x00, 0x00,
    0x00, 0x00, 0xff, 0xff, 0x8a, 0x4a, 0x51, 0x74, 0xd3, 0x94, 0x54, 0xa5, 0x51, 0x7c, 0x33, 0x9d,
    0x95, 0xad, 0xb5, 0xb5, 0x33, 0x9d, 0xb5, 0xb5, 0x3f, 0xbf, 0xfd, 0xbe, 0xd3, 0x94, 0xf0, 0x63,
    0x4e, 0x53, 0xb2, 0x9c, 0xde, 0xff, 0xaa, 0x52, 0x4e, 0x53, 0xb2, 0x9c, 0x00, 0x00, 0x00, 0x00,
    0x00, 0x00, 0x00, 0x00, 0x00, 0x00, 0x00, 0x00, 0x00, 0x00, 0xff, 0xff, 0x2f, 0x8c, 0xcc, 0x42,
    0x31, 0x74, 0xf3, 0x94, 0x30, 0x74, 0x13, 0x9d, 0x54, 0xa5, 0x54, 0xa5, 0x13, 0x9d, 0xfc, 0xd6,
    0xdf, 0x5e, 0xdf, 0x6e, 0x59, 0xc6, 0xaf, 0x5b, 0x8f, 0x5b, 0xee, 0x83, 0x0f, 0x8c, 0xcf, 0x6b,
    0x0c, 0x53, 0xff, 0xff, 0x00, 0x00, 0x00, 0x00, 0x00, 0x00, 0x00, 0x00, 0x00, 0x00, 0x00, 0x00,
    0x00, 0x00, 0x00, 0x00, 0xff, 0xff, 0x29, 0x3a, 0xb0, 0x5b, 0x31, 0x74, 0xf0, 0x73, 0x14, 0x9d,
    0x34, 0x9d, 0xf3, 0x94, 0x58, 0xce, 0x1f, 0x97, 0x9f, 0xb7, 0xbf, 0x46, 0xbe, 0x96, 0xd3, 0x94,
    0xf1, 0x63, 0x28, 0x42, 0x2d, 0x53, 0xcf, 0x6b, 0xce, 0x7b, 0xff, 0xff, 0x00, 0x00, 0x00, 0x00,
    0x00, 0x00, 0x00, 0x00, 0x00, 0x00, 0x00, 0x00, 0x00, 0x00, 0x00, 0x00, 0x00, 0x00, 0x71, 0x94,
    0xcc, 0x42, 0x6e, 0x5b, 0x10, 0x74, 0x14, 0x9d, 0x13, 0x95, 0x54, 0xad, 0xfd, 0xae, 0x5f, 0xaf,
    0x9f, 0xaf, 0xff, 0x46, 0xff, 0x3d, 0xd9, 0xad, 0xf0, 0x6b, 0xed, 0x42, 0x6b, 0x3a, 0xeb, 0x62,
    0xff, 0xff, 0x00, 0x00, 0x00, 0x00, 0x00, 0x00, 0x00, 0x00, 0x00, 0x00, 0x00, 0x00, 0x00, 0x00,
    0x00, 0x00, 0x00, 0x00, 0x00, 0x00, 0xff, 0xff, 0xe8, 0x31, 0x2e, 0x53, 0x51, 0x7c, 0xf3, 0x94,
    0xf3, 0x8c, 0x74, 0xb5, 0xde, 0x96, 0x1f, 0x67, 0x1f, 0x5f, 0xdf, 0x4e, 0x1f, 0x2e, 0xd9, 0x9d,
    0xf0, 0x6b, 0x8b, 0x42, 0x0f, 0x8c, 0xff, 0xff, 0x00, 0x00, 0x00, 0x00, 0x00, 0x00, 0x00, 0x00,
    0x00, 0x00, 0x00, 0x00, 0x00, 0x00, 0x00, 0x00, 0x00, 0x00, 0x00, 0x00, 0x00, 0x00, 0x74, 0xb5,
    0x0d, 0x53, 0x31, 0x6c, 0x51, 0x7c, 0xd3, 0x8c, 0xd3, 0x8c, 0x13, 0x9d, 0xdd, 0xc6, 0x1f, 0x2e,
    0x3f, 0x26, 0x5f, 0x2e, 0x5e, 0x5e, 0x97, 0xa5, 0x6f, 0x53, 0xaa, 0x4a, 0xff, 0xff, 0x00, 0x00,
    0x00, 0x00, 0x00, 0x00, 0x00, 0x00, 0x00, 0x00, 0x00, 0x00, 0x00, 0x00, 0x00, 0x00, 0x00, 0x00,
    0x00, 0x00, 0x00, 0x00, 0x00, 0x00, 0x2f, 0x8c, 0xf0, 0x6b, 0x6f, 0x53, 0xf0, 0x6b, 0xd3, 0x8c,
    0xf3, 0x94, 0xd3, 0x8c, 0x75, 0xad, 0x9d, 0xae, 0xde, 0x55, 0x1e, 0x66, 0x9c, 0xbe, 0xd0, 0x6b,
    0x0e, 0x43, 0xcc, 0x4a, 0xb6, 0xbd, 0x00, 0x00, 0x00, 0x00, 0x00, 0x00, 0x00, 0x00, 0x00, 0x00,
    0x00, 0x00, 0x00, 0x00, 0x00, 0x00, 0x00, 0x00, 0x00, 0x00, 0x00, 0x00, 0x00, 0x00, 0x91, 0x9c,
    0x2e, 0x53, 0xb0, 0x63, 0x6f, 0x5b, 0x10, 0x74, 0x72, 0x7c, 0x92, 0x84, 0x10, 0x74, 0x71, 0x84,
    0x35, 0x9d, 0xd3, 0x94, 0x6e, 0x5b, 0x4e, 0x53, 0xf1, 0x63, 0x6a, 0x42, 0xff, 0xff, 0x00, 0x00,
    0x00, 0x00, 0x00, 0x00, 0x00, 0x00, 0x00, 0x00, 0x00, 0x00, 0x00, 0x00, 0x00, 0x00, 0x00, 0x00,
    0x00, 0x00, 0x00, 0x00, 0x00, 0x00, 0xff, 0xff, 0xca, 0x5a, 0x6b, 0x3a, 0xf1, 0x6b, 0xf4, 0x8c,
    0xf3, 0x94, 0xb2, 0x84, 0x92, 0x84, 0x72, 0x7c, 0x10, 0x6c, 0x8f, 0x5b, 0x6f, 0x53, 0x8f, 0x5b,
    0x6a, 0x3a, 0xb1, 0x9c, 0xff, 0xff, 0x00, 0x00, 0x00, 0x00, 0x00, 0x00, 0x00, 0x00, 0x00, 0x00,
    0x00, 0x00, 0x00, 0x00, 0x00, 0x00, 0x00, 0x00, 0x00, 0x00, 0x00, 0x00, 0x00, 0x00, 0x00, 0x00,
    0xff, 0xff, 0xb2, 0xa4, 0xcb, 0x52, 0xab, 0x4a, 0x2d, 0x53, 0x8f, 0x63, 0xcf, 0x6b, 0xaf, 0x63,
    0x6e, 0x5b, 0x0c, 0x4b, 0x6a, 0x42, 0x2c, 0x63, 0xf7, 0xc5, 0xff, 0xff, 0x00, 0x00, 0x00, 0x00,
    0x00, 0x00, 0x00, 0x00, 0x00, 0x00, 0x00, 0x00, 0x00, 0x00, 0x00, 0x00, 0x00, 0x00, 0x00, 0x00,
    0x00, 0x00, 0x00, 0x00, 0x00, 0x00, 0x00, 0x00, 0x00, 0x00, 0x00, 0x00, 0xff, 0xff, 0xff, 0xff,
    0x75, 0xb5, 0xd2, 0x9c, 0x71, 0x8c, 0x71, 0x94, 0xf3, 0xa4, 0xb6, 0xbd, 0xff, 0xff, 0xff, 0xff,
    0x00, 0x00, 0x00, 0x00, 0x00, 0x00, 0x00, 0x00, 0x00, 0x00, 0x00, 0x00, 0x00, 0x00, 0x00, 0x00,
    0x00, 0x00, 0x00, 0x00, 0x00, 0x00, 0x00, 0x00, 0x00, 0x00, 0x00, 0x00, 0x00, 0x00, 0x00, 0x00,
    0x00, 0x00, 0x00, 0x00, 0x00, 0x00, 0x00, 0x00, 0x00, 0x00, 0x00, 0x00, 0x00, 0x00, 0x00, 0x00,
    0x00, 0x00, 0x00, 0x00, 0x00, 0x00, 0x00, 0x00, 0x00, 0x00, 0x00, 0x00, 0x00, 0x00, 0x00, 0x00,
    0x00, 0x00, 0x00, 0x00, 0x00, 0x00, 0x00, 0x00, 0x00, 0x00, 0x00, 0x00, 0x00, 0x00, 0x00, 0x00,
    0x00, 0x00, 0x00, 0x00, 0x00, 0x00, 0x00, 0x00, 0x00, 0x00, 0x00, 0x00, 0x00, 0x00, 0x00, 0x00,
    0x00, 0x00, 0x00, 0x00, 0x00, 0x00, 0x00, 0x00, 0x00, 0x00, 0x00, 0x00, 0x00, 0x00, 0x00, 0x00,
    0x00, 0x00, 0x00, 0x00, 0x00, 0x00, 0x00, 0x00, 0x00, 0x00, 0x00, 0x00, 0x00, 0x00, 0x00, 0x00,
    0x00, 0x00, 0x00, 0x00, 0x00, 0x00, 0x00, 0x00, 0x00, 0x00, 0x00, 0x00, 0x00, 0x00, 0x00, 0x00,
    0x00, 0x00, 0x00, 0x00, 0x00, 0x00, 0x00, 0x00, 0x00, 0x00, 0x00, 0x00, 0x00, 0x00, 0x00, 0x00,
    0x00, 0x00, 0x00, 0x00, 0x00, 0x00, 0x00, 0x00, 0x00, 0x00, 0x00, 0x00, 0x00, 0x00, 0x00, 0x00,
    0x00, 0x00, 0x00, 0x00, 0x00, 0x00, 0x00, 0x00, 0x00, 0x00, 0x00, 0x00, 0x00, 0x00, 0x00, 0x00,
    0x00, 0x00, 0x00, 0x00, 0x00, 0x00, 0x00, 0x00, 0x00, 0x00, 0x00, 0x00, 0x00, 0x00, 0x00, 0x00,
    0x00, 0x00, 0x00, 0x00, 0x00, 0x00, 0x00, 0x00, 0x00, 0x00, 0x00, 0x00, 0x00, 0x00, 0x00, 0x00,
    0x00, 0x00, 0x00, 0x00, 0x00, 0x00, 0x00, 0x00, 0x00, 0x00, 0x00, 0x00, 0x00, 0x00, 0x00, 0x00,
    0x00, 0x00, 0x00, 0x00, 0x00, 0x00, 0x00, 0x00, 0x00, 0x00, 0x00, 0x00, 0x00, 0x00, 0x00, 0x00,
    0x00, 0x00, 0x00, 0x00, 0x00, 0x00, 0x00, 0x00, 0x00, 0x00, 0x00, 0x00, 0x00, 0x00, 0x00, 0x00,
    0x00, 0x00, 0x00, 0x00, 0x00, 0x00, 0x00, 0x00, 0x00, 0x00, 0x00, 0x00, 0x00, 0x00, 0x00, 0x00,
    0x00, 0x00, 0x00, 0x00, 0x00, 0x00, 0x00, 0x00, 0x00, 0x00, 0x00, 0x00, 0x00, 0x00, 0x00, 0x00,
    0x00, 0x00, 0x00, 0x00, 0x00, 0x00, 0x00, 0x00, 0x00, 0x00, 0x00, 0x00, 0x00, 0x00, 0x00, 0x00,
    0x00, 0x00, 0x00, 0x00, 0x00, 0x00, 0x00, 0x00, 0x00, 0x00, 0x00, 0x00, 0x00, 0x00, 0x00, 0x00,
    0x00, 0x00, 0x00, 0x00, 0x00, 0x00, 0x00, 0x00, 0x00, 0x00, 0x00, 0x00, 0x00, 0x00, 0x00, 0x00,
    0x00, 0x00, 0x00, 0x00, 0x00, 0xff, 0xff, 0x00, 0x00, 0x00, 0x00, 0xff, 0xff, 0xff, 0xff, 0xff,
    0xff, 0xff, 0xff, 0x00, 0x00, 0x00, 0x00, 0x00, 0x00, 0x00, 0x00, 0x00, 0x00, 0x00, 0x00, 0xff,
    0xff, 0xff, 0xff, 0xff, 0x00, 0xff, 0xff, 0xff, 0xff, 0xff, 0xff, 0xff, 0xff, 0xff, 0xff, 0xff,
    0xff, 0x00, 0x00, 0x00, 0x00, 0x00, 0x00, 0x00, 0x00, 0x00, 0xff, 0xff, 0xff, 0xff, 0xff, 0xff,
    0xff, 0xff, 0xff, 0xff, 0xff, 0xff, 0xff, 0xff, 0xff, 0xff, 0xff, 0xff, 0xff, 0xff, 0xff, 0x00,
    0x00, 0x00, 0x00, 0x00, 0x00, 0xff, 0xff, 0xff, 0xff, 0xff, 0xff, 0xff, 0xff, 0xff, 0xff, 0xff,
    0xff, 0xff, 0xff, 0xff, 0xff, 0xff, 0xff, 0xff, 0xff, 0xff, 0xff, 0xff, 0xff, 0x00, 0x00, 0x00,
    0x00, 0xff, 0xff, 0xff, 0xff, 0xff, 0xff, 0xff, 0xff, 0xff, 0xff, 0xff, 0xff, 0xff, 0xff, 0xff,
    0xff, 0xff, 0xff, 0xff, 0xff, 0xff, 0xff, 0xff, 0xff, 0xff, 0x00, 0x00, 0x00, 0xff, 0xff, 0xff,
    0xff, 0xff, 0xff, 0xff, 0xff, 0xff, 0xff, 0xff, 0xff, 0xff, 0xff, 0xff, 0xff, 0xff, 0xff, 0xff,
    0xff, 0xff, 0xff, 0xff, 0xff, 0xff, 0x00, 0x00, 0x00, 0xff, 0xff, 0xff, 0xff, 0xff, 0xff, 0xff,
    0xff, 0xff, 0xff, 0xff, 0xff, 0xff, 0xff, 0xff, 0xff, 0xff, 0xff, 0xff, 0xff, 0xff, 0xff, 0xff,
    0xff, 0xff, 0x00, 0x00, 0x00, 0x00, 0xff, 0xff, 0xff, 0xff, 0xff, 0xff, 0xff, 0xff, 0xff, 0xff,
    0xff, 0xff, 0xff, 0xff, 0xff, 0xff, 0xff, 0xff, 0xff, 0xff, 0xff, 0xff, 0xff, 0xff, 0x00, 0x00,
    0x00, 0x00, 0x00, 0x00, 0xff, 0xff, 0xff, 0xff, 0xff, 0xff, 0xff, 0xff, 0xff, 0xff, 0xff, 0xff,
    0xff, 0xff, 0xff, 0xff, 0xff, 0xff, 0xff, 0xff, 0xff, 0xff, 0x00, 0x00, 0x00, 0x00, 0x00, 0x00,
    0x00, 0xff, 0xff, 0xff, 0xff, 0xff, 0xff, 0xff, 0xff, 0xff, 0xff, 0xff, 0xff, 0xff, 0xff, 0xff,
    0xff, 0xff, 0xff, 0xff, 0xff, 0xff, 0x00, 0x00, 0x00, 0x00, 0x00, 0x00, 0x00, 0xff, 0xff, 0xff,
    0xff, 0xff, 0xff, 0xff, 0xff, 0xff, 0xff, 0xff, 0xff, 0xff, 0xff, 0xff, 0xff, 0xff, 0xff, 0xff,
    0xff, 0xff, 0x00, 0x00, 0x00, 0x00, 0x00, 0x00, 0x00, 0x00, 0xff, 0xff, 0xff, 0xff, 0xff, 0xff,
    0xff, 0xff, 0xff, 0xff, 0xff, 0xff, 0xff, 0xff, 0xff, 0xff, 0xff, 0xff, 0xff, 0xff, 0x00, 0x00,
    0x00, 0x00, 0x00, 0x00, 0x00, 0x00, 0x00, 0xff, 0xff, 0xff, 0xff, 0xff, 0xff, 0xff, 0xff, 0xff,
    0xff, 0xff, 0xff, 0xff, 0xff, 0xff, 0xff, 0xff, 0xff, 0x00, 0x00, 0x00, 0x00, 0x00, 0x00, 0x00,
    0x00, 0x00, 0x00, 0xff, 0xff, 0xff, 0xff, 0xff, 0xff, 0xff, 0xff, 0xff, 0xff, 0xff, 0xff, 0xff,
    0xff, 0xff, 0xff, 0xff, 0x00, 0x00, 0x00, 0x00, 0x00, 0x00, 0x00, 0x00, 0x00, 0x00, 0x00, 0xff,
    0xff, 0xff, 0xff, 0xff, 0xff, 0xff, 0xff, 0xff, 0xff, 0xff, 0xff, 0xff, 0xff, 0xff, 0xff, 0x00,
    0x00, 0x00, 0x00, 0x00, 0x00, 0x00, 0x00, 0x00, 0x00, 0x00, 0x00, 0xff, 0xff, 0xff, 0xff, 0xff,
    0xff, 0xff, 0xff, 0xff, 0xff, 0xff, 0xff, 0xff, 0xff, 0xff, 0xff, 0x00, 0x00, 0x00, 0x00, 0x00,
    0x00, 0x00, 0x00, 0x00, 0x00, 0x00, 0x00, 0xff, 0xff, 0xff, 0xff, 0xff, 0xff, 0xff, 0xff, 0xff,
    0xff, 0xff, 0xff, 0xff, 0xff, 0xff, 0xff, 0x00, 0x00, 0x00, 0x00, 0x00, 0x00, 0x00, 0x00, 0x00,
    0x00, 0x00, 0x00, 0xff, 0xff, 0xff, 0xff, 0xff, 0xff, 0xff, 0xff, 0xff, 0xff, 0xff, 0xff, 0xff,
    0xff, 0xff, 0xff, 0x00, 0x00, 0x00, 0x00, 0x00, 0x00, 0x00, 0x00, 0x00, 0x00, 0x00, 0x00, 0x00,
    0xff, 0xff, 0xff, 0xff, 0xff, 0xff, 0xff, 0xff, 0xff, 0xff, 0xff, 0xff, 0xff, 0xff, 0x00, 0x00,
    0x00, 0x00, 0x00, 0x00, 0x00, 0x00, 0x00, 0x00, 0x00, 0x00, 0x00, 0x00, 0x00, 0x00, 0xff, 0xff,
    0xff, 0xff, 0xff, 0xff, 0xff, 0xff, 0xff, 0xff, 0x00, 0x00, 0x00, 0x00, 0x00, 0x00, 0x00, 0x00,
    0x00, 0x00, 0x00, 0x00, 0x00, 0x00, 0x00, 0x00, 0x00, 0x00, 0x00, 0x00, 0x00, 0x00, 0x00, 0x00,
    0x00, 0x00, 0x00, 0x00, 0x00, 0x00, 0x00, 0x00, 0x00, 0x00, 0x00, 0x00, 0x00, 0x00, 0x00, 0x00,
    0x00, 0x00, 0x00, 0x00, 0x00, 0x00, 0x00, 0x00, 0x00, 0x00, 0x00, 0x00, 0x00, 0x00, 0x00, 0x00,
    0x00, 0x00, 0x00, 0x00, 0x00, 0x00, 0x00, 0x00, 0x00, 0x00, 0x00, 0x00, 0x00, 0x00, 0x00, 0x00,
    0x00, 0x00, 0x00, 0x00, 0x00, 0x00, 0x00, 0x00, 0x00, 0x00, 0x00, 0x00, 0x00, 0x00, 0x00, 0x00,
    0x00, 0x00, 0x00, 0x00, 0x00, 0x00, 0x00, 0x00, 0x00, 0x00, 0x00, 0x00, 0x00, 0x00, 0x00, 0x00,
    0x00, 0x00, 0x00, 0x00, 0x00, 0x00, 0x00, 0x00, 0x00, 0x00, 0x00, 0x00, 0x00, 0x00, 0x00, 0x00,
};

static const LV_ATTRIBUTE_MEM_ALIGN uint8_t app_farm_ico_weed_map[] = {
    0x00, 0x00, 0x00, 0x00, 0x00, 0x00, 0x00, 0x00, 0x00, 0x00, 0x00, 0x00, 0x00, 0x00, 0x00, 0x00,
    0x00, 0x00, 0x00, 0x00, 0x00, 0x00, 0x00, 0x00, 0x00, 0x00, 0x00, 0x00, 0x00, 0x00, 0x00, 0x00,
    0x00, 0x00, 0x00, 0x00, 0x00, 0x00, 0x00, 0x00, 0x00, 0x00, 0x00, 0x00, 0x00, 0x00, 0x00, 0x00,
    0x00, 0x00, 0x00, 0x00, 0x00, 0x00, 0x00, 0x00, 0x00, 0x00, 0x00, 0x00, 0x00, 0x00, 0x00, 0x00,
    0x00, 0x00, 0x00, 0x00, 0x00, 0x00, 0x00, 0x00, 0x00, 0x00, 0x00, 0x00, 0x00, 0x00, 0xff, 0xff,
    0xff, 0xff, 0xff, 0xff, 0xff, 0xff, 0xff, 0xff, 0xff, 0xff, 0x00, 0x00, 0x00, 0x00, 0x00, 0x00,
    0x00, 0x00, 0x00, 0x00, 0x00, 0x00, 0x00, 0x00, 0x00, 0x00, 0x00, 0x00, 0x00, 0x00, 0x00, 0x00,
    0x00, 0x00, 0x00, 0x00, 0x00, 0x00, 0x00, 0x00, 0x00, 0x00, 0x00, 0x00, 0x00, 0x00, 0x00, 0x00,
    0x00, 0x00, 0xff, 0xff, 0xff, 0xff, 0x8a, 0x4c, 0x24, 0x34, 0x63, 0x44, 0x23, 0x3c, 0xe5, 0x33,
    0x91, 0x8d, 0xff, 0xff, 0xff, 0xff, 0x00, 0x00, 0x00, 0x00, 0x00, 0x00, 0x00, 0x00, 0x00, 0x00,
    0x00, 0x00, 0x00, 0x00, 0x00, 0x00, 0x00, 0x00, 0x00, 0x00, 0x00, 0x00, 0x00, 0x00, 0x00, 0x00,
    0x00, 0x00, 0x00, 0x00, 0x00, 0x00, 0x00, 0x00, 0xff, 0xff, 0x13, 0x9e, 0xe2, 0x2b, 0xe4, 0x95,
    0x05, 0xcf, 0xe3, 0xb6, 0xa1, 0x9e, 0x21, 0x8e, 0x40, 0x3c, 0x09, 0x44, 0xff, 0xff, 0x00, 0x00,
    0x00, 0x00, 0x00, 0x00, 0x00, 0x00, 0x00, 0x00, 0x00, 0x00, 0x00, 0x00, 0x00, 0x00, 0x00, 0x00,
    0x00, 0x00, 0x00, 0x00, 0x00, 0x00, 0x00, 0x00, 0x00, 0x00, 0x00, 0x00, 0x00, 0x00, 0xff, 0xff,
    0xf9, 0xce, 0xe2, 0x2b, 0xc5, 0xbe, 0x87, 0xe7, 0x46, 0xdf, 0xa1, 0x9e, 0x80, 0x96, 0x60, 0x86,
    0xc1, 0x96, 0x40, 0x3c, 0x8d, 0x5c, 0xff, 0xff, 0x00, 0x00, 0x00, 0x00, 0x00, 0x00, 0x00, 0x00,
    0x00, 0x00, 0x00, 0x00, 0x00, 0x00, 0x00, 0x00, 0x00, 0x00, 0x00, 0x00, 0x00, 0x00, 0x00, 0x00,
    0x00, 0x00, 0x00, 0x00, 0x00, 0x00, 0xff, 0xff, 0x8a, 0x4c, 0xe4, 0x8d, 0x44, 0xcf, 0xe4, 0xbe,
    0xc3, 0xae, 0x60, 0x8e, 0xa0, 0x9e, 0x80, 0x96, 0x20, 0x76, 0x60, 0x86, 0x61, 0x1b, 0x3b, 0xdf,
    0x00, 0x00, 0x00, 0x00, 0x00, 0x00, 0x00, 0x00, 0x00, 0x00, 0x00, 0x00, 0x00, 0x00, 0x00, 0x00,
    0x00, 0x00, 0x00, 0x00, 0x00, 0x00, 0x00, 0x00, 0x00, 0x00, 0x00, 0x00, 0x00, 0x00, 0xff, 0xff,
    0x04, 0x34, 0xa3, 0xa6, 0xc2, 0xae, 0x81, 0x96, 0x40, 0x7e, 0x40, 0x76, 0xa1, 0xa6, 0xc0, 0xb6,
    0x40, 0x86, 0x40, 0x6e, 0x00, 0x34, 0xb3, 0x95, 0xff, 0xff, 0x00, 0x00, 0x00, 0x00, 0x00, 0x00,
    0x00, 0x00, 0x00, 0x00, 0x00, 0x00, 0x00, 0x00, 0x00, 0x00, 0x00, 0x00, 0x00, 0x00, 0x00, 0x00,
    0x00, 0x00, 0x00, 0x00, 0x00, 0x00, 0xff, 0xff, 0x22, 0x34, 0x81, 0x96, 0xc2, 0xae, 0xc1, 0xae,
    0x00, 0x66, 0x00, 0x66, 0xa0, 0xae, 0x60, 0x8e, 0x00, 0x76, 0x00, 0x5e, 0x40, 0x34, 0x0f, 0x7d,
    0xff, 0xff, 0x00, 0x00, 0x00, 0x00, 0x00, 0x00, 0x00, 0x00, 0x00, 0x00, 0x00, 0x00, 0x00, 0x00,
    0x00, 0x00, 0x00, 0x00, 0x00, 0x00, 0x00, 0x00, 0x00, 0x00, 0x00, 0x00, 0x00, 0x00, 0xff, 0xff,
    0xe3, 0x2b, 0x20, 0x76, 0x40, 0x86, 0xa0, 0xae, 0x20, 0x76, 0xc0, 0x55, 0x40, 0x7e, 0x80, 0x96,
    0x40, 0x86, 0xe0, 0x4d, 0xc0, 0x1b, 0x51, 0x8d, 0xff, 0xff, 0x00, 0x00, 0x00, 0x00, 0x00, 0x00,
    0x00, 0x00, 0x00, 0x00, 0x00, 0x00, 0x00, 0x00, 0x00, 0x00, 0x00, 0x00, 0x00, 0x00, 0x00, 0x00,
    0x00, 0x00, 0xff, 0xff, 0xff, 0xff, 0xff, 0xff, 0x8b, 0x5c, 0x20, 0x55, 0x20, 0x66, 0x00, 0x76,
    0x00, 0x6e, 0x80, 0x45, 0x20, 0x76, 0x40, 0x86, 0xc0, 0x55, 0x80, 0x3d, 0x62, 0x23, 0xd9, 0xde,
    0xff, 0xff, 0xff, 0xff, 0x00, 0x00, 0x00, 0x00, 0x00, 0x00, 0x00, 0x00, 0x00, 0x00, 0x00, 0x00,
    0x00, 0x00, 0x00, 0x00, 0x00, 0x00, 0xff, 0xff, 0xff, 0xff, 0xad, 0x64, 0x08, 0x44, 0x49, 0x4c,
    0x87, 0x33, 0x21, 0x0b, 0xc0, 0x55, 0xa0, 0x4d, 0x80, 0x45, 0x40, 0x35, 0xc0, 0x5d, 0x80, 0x45,
    0xa0, 0x3d, 0xe0, 0x1b, 0xa5, 0x12, 0x6c, 0x64, 0x4b, 0x5c, 0x10, 0x7d, 0xff, 0xff, 0xff, 0xff,
    0x00, 0x00, 0x00, 0x00, 0x00, 0x00, 0x00, 0x00, 0x00, 0x00, 0x00, 0x00, 0xff, 0xff, 0x71, 0x85,
    0x82, 0x23, 0x43, 0x75, 0x03, 0x8e, 0xe1, 0x85, 0x60, 0x65, 0x01, 0x3c, 0xc1, 0x23, 0x40, 0x35,
    0x40, 0x35, 0xe0, 0x24, 0x40, 0x35, 0x40, 0x2d, 0x20, 0x1c, 0x41, 0x23, 0xa1, 0x54, 0x40, 0x5d,
    0x60, 0x65, 0xa0, 0x4c, 0x41, 0x1b, 0x92, 0x95, 0xff, 0xff, 0x00, 0x00, 0x00, 0x00, 0x00, 0x00,
    0x00, 0x00, 0xff, 0xff, 0x56, 0xb6, 0xa1, 0x23, 0x26, 0xcf, 0x65, 0xd7, 0x81, 0x8e, 0x40, 0x7e,
    0x60, 0x86, 0x20, 0x6e, 0x00, 0x4d, 0xe0, 0x1b, 0xa0, 0x1c, 0xa0, 0x1c, 0xc0, 0x1c, 0xe0, 0x1b,
    0x61, 0x44, 0x00, 0x6e, 0xa1, 0x96, 0xa1, 0x9e, 0x60, 0x7e, 0x81, 0x7e, 0x20, 0x7e, 0x40, 0x13,
    0x56, 0xb6, 0xff, 0xff, 0x00, 0x00, 0x00, 0x00, 0x00, 0x00, 0xff, 0xff, 0x07, 0x3c, 0x03, 0x8e,
    0x65, 0xdf, 0x26, 0xdf, 0xa1, 0xa6, 0x20, 0x76, 0xe0, 0x6d, 0xe0, 0x65, 0x80, 0x3d, 0xe0, 0x2c,
    0xe0, 0x13, 0x20, 0x0c, 0xc0, 0x0b, 0x80, 0x2c, 0xc0, 0x4d, 0xe0, 0x65, 0x60, 0x96, 0x40, 0x86,
    0x40, 0x7e, 0x20, 0x7e, 0x40, 0x6e, 0x60, 0x5d, 0xc7, 0x3b, 0xff, 0xff, 0x00, 0x00, 0x00, 0x00,
    0x00, 0x00, 0xff, 0xff, 0xe3, 0x33, 0x81, 0x96, 0x81, 0x9e, 0x82, 0xa6, 0x40, 0x86, 0x20, 0x7e,
    0x80, 0x45, 0x20, 0x35, 0xe0, 0x2c, 0xa0, 0x1c, 0x40, 0x14, 0xc0, 0x03, 0x20, 0x0c, 0xc0, 0x1c,
    0xe0, 0x2c, 0x60, 0x45, 0x60, 0x45, 0xe0, 0x65, 0x60, 0x96, 0xa0, 0xa6, 0x20, 0x7e, 0xe0, 0x65,
    0x82, 0x23, 0x7b, 0xef, 0x00, 0x00, 0x00, 0x00, 0x00, 0x00, 0xff, 0xff, 0xe1, 0x2b, 0x40, 0x7e,
    0x20, 0x7e, 0x40, 0x86, 0xe0, 0x65, 0xa0, 0x55, 0xe0, 0x75, 0xc0, 0x5d, 0xa0, 0x4d, 0x20, 0x35,
    0xc0, 0x1c, 0xc0, 0x0b, 0xa0, 0x1c, 0x40, 0x35, 0xa0, 0x5d, 0xe0, 0x6d, 0x01, 0x7e, 0xc0, 0x5d,
    0xe0, 0x5d, 0x20, 0x76, 0xe0, 0x65, 0xe0, 0x5d, 0xa1, 0x23, 0x1a, 0xdf, 0x00, 0x00, 0x00, 0x00,
    0x00, 0x00, 0xff, 0xff, 0xa3, 0x23, 0xc0, 0x5d, 0xc0, 0x5d, 0xc0, 0x5d, 0xe0, 0x65, 0xa2, 0xae,
    0x81, 0x9e, 0x20, 0x7e, 0x00, 0x6e, 0x60, 0x3d, 0xc0, 0x24, 0xe1, 0x02, 0x60, 0x24, 0xa0, 0x45,
    0x40, 0x86, 0x80, 0x96, 0x80, 0x96, 0x60, 0x8e, 0xe0, 0x65, 0xa0, 0x4d, 0xa0, 0x4d, 0xa0, 0x4d,
    0x62, 0x23, 0x7c, 0xef, 0x00, 0x00, 0x00, 0x00, 0x00, 0x00, 0xff, 0xff, 0x4a, 0x54, 0x60, 0x2c,
    0xe0, 0x55, 0x80, 0x4d, 0x00, 0x6e, 0x60, 0x96, 0x60, 0x96, 0x20, 0x7e, 0x80, 0x4d, 0x60, 0x35,
    0x80, 0x13, 0xe1, 0x02, 0x21, 0x13, 0x80, 0x4d, 0xc0, 0x55, 0x60, 0x96, 0x60, 0x9e, 0x00, 0x76,
    0x00, 0x6e, 0x80, 0x4d, 0xa0, 0x45, 0x60, 0x24, 0xc9, 0x43, 0xff, 0xff, 0x00, 0x00, 0x00, 0x00,
    0x00, 0x00, 0xff, 0xff, 0x5b, 0xe7, 0x24, 0x1b, 0xa0, 0x34, 0xe0, 0x4d, 0xc0, 0x5d, 0x40, 0x8e,
    0x00, 0x76, 0xa0, 0x45, 0xa0, 0x3d, 0x20, 0x1c, 0x62, 0x0a, 0xa0, 0x13, 0xa1, 0x02, 0x40, 0x13,
    0xc0, 0x4d, 0xc0, 0x55, 0x00, 0x7e, 0xc0, 0x5d, 0x80, 0x4d, 0x80, 0x45, 0x20, 0x3d, 0xe3, 0x12,
    0xf9, 0xd6, 0xff, 0xff, 0x00, 0x00, 0x00, 0x00, 0x00, 0x00, 0x00, 0x00, 0xff, 0xff, 0xd9, 0xd6,
    0x02, 0x13, 0x00, 0x35, 0xe0, 0x4d, 0xe0, 0x55, 0xc0, 0x45, 0x60, 0x3d, 0xa0, 0x13, 0xa8, 0x43,
    0x2b, 0x64, 0xc0, 0x0b, 0xa5, 0x2b, 0x0c, 0x5c, 0x40, 0x0b, 0x20, 0x3d, 0xa0, 0x45, 0xa0, 0x45,
    0xa0, 0x45, 0x80, 0x45, 0x00, 0x03, 0x72, 0x9d, 0xff, 0xff, 0x00, 0x00, 0x00, 0x00, 0x00, 0x00,
    0x00, 0x00, 0x00, 0x00, 0x00, 0x00, 0xff, 0xff, 0x36, 0xb6, 0x03, 0x1b, 0xa0, 0x13, 0x00, 0x1c,
    0xc0, 0x13, 0x21, 0x13, 0x2b, 0x5c, 0xfa, 0xee, 0x08, 0x44, 0x80, 0x2c, 0xa5, 0x2b, 0x1a, 0xef,
    0x10, 0x8d, 0x03, 0x1b, 0x80, 0x13, 0x00, 0x1c, 0xe0, 0x1b, 0xe0, 0x0a, 0x6d, 0x6c, 0xff, 0xff,
    0x00, 0x00, 0x00, 0x00, 0x00, 0x00, 0x00, 0x00, 0x00, 0x00, 0x00, 0x00, 0x00, 0x00, 0x00, 0x00,
    0xff, 0xff, 0xbc, 0xf7, 0x72, 0x9d, 0xcf, 0x7c, 0x31, 0x8d, 0x36, 0xc6, 0x9c, 0xff, 0x57, 0xc6,
    0xa1, 0x2b, 0x20, 0x45, 0xa7, 0x33, 0x5b, 0xf7, 0xff, 0xff, 0x7b, 0xf7, 0xb3, 0xa5, 0xce, 0x74,
    0xef, 0x84, 0x97, 0xce, 0xff, 0xff, 0x00, 0x00, 0x00, 0x00, 0x00, 0x00, 0x00, 0x00, 0x00, 0x00,
    0x00, 0x00, 0x00, 0x00, 0x00, 0x00, 0x00, 0x00, 0x00, 0x00, 0x00, 0x00, 0xff, 0xff, 0xff, 0xff,
    0xff, 0xff, 0x5b, 0xf7, 0xdd, 0xff, 0x0a, 0x4c, 0x61, 0x6d, 0x80, 0x34, 0x6c, 0x5c, 0xff, 0xff,
    0x00, 0x00, 0x00, 0x00, 0xff, 0xff, 0xff, 0xff, 0xff, 0xff, 0x00, 0x00, 0x00, 0x00, 0x00, 0x00,
    0x00, 0x00, 0x00, 0x00, 0x00, 0x00, 0x00, 0x00, 0x00, 0x00, 0x00, 0x00, 0x00, 0x00, 0x00, 0x00,
    0x00, 0x00, 0x00, 0x00, 0x00, 0x00, 0x00, 0x00, 0x00, 0x00, 0xff, 0xff, 0x92, 0x95, 0x21, 0x4c,
    0xc3, 0x9e, 0x40, 0x03, 0xf4, 0xad, 0xff, 0xff, 0x00, 0x00, 0x00, 0x00, 0x00, 0x00, 0x00, 0x00,
    0x00, 0x00, 0x00, 0x00, 0x00, 0x00, 0x00, 0x00, 0x00, 0x00, 0x00, 0x00, 0x00, 0x00, 0x00, 0x00,
    0x00, 0x00, 0x00, 0x00, 0x00, 0x00, 0x00, 0x00, 0x00, 0x00, 0x00, 0x00, 0x00, 0x00, 0x00, 0x00,
    0x00, 0x00, 0xff, 0xff, 0x65, 0x2b, 0x40, 0x55, 0x00, 0x3d, 0x24, 0x1b, 0xdd, 0xff, 0x00, 0x00,
    0x00, 0x00, 0x00, 0x00, 0x00, 0x00, 0x00, 0x00, 0x00, 0x00, 0x00, 0x00, 0x00, 0x00, 0x00, 0x00,
    0x00, 0x00, 0x00, 0x00, 0x00, 0x00, 0x00, 0x00, 0x00, 0x00, 0x00, 0x00, 0x00, 0x00, 0x00, 0x00,
    0x00, 0x00, 0x00, 0x00, 0x00, 0x00, 0x00, 0x00, 0x00, 0x00, 0xff, 0xff, 0x71, 0x8d, 0xe1, 0x02,
    0xe2, 0x0a, 0x15, 0xb6, 0xff, 0xff, 0x00, 0x00, 0x00, 0x00, 0x00, 0x00, 0x00, 0x00, 0x00, 0x00,
    0x00, 0x00, 0x00, 0x00, 0x00, 0x00, 0x00, 0x00, 0x00, 0x00, 0x00, 0x00, 0x00, 0x00, 0x00, 0x00,
    0x00, 0x00, 0x00, 0x00, 0x00, 0x00, 0x00, 0x00, 0x00, 0x00, 0x00, 0x00, 0x00, 0x00, 0x00, 0x00,
    0x00, 0x00, 0x00, 0x00, 0xff, 0xff, 0x3a, 0xe7, 0x5a, 0xef, 0xff, 0xff, 0x00, 0x00, 0x00, 0x00,
    0x00, 0x00, 0x00, 0x00, 0x00, 0x00, 0x00, 0x00, 0x00, 0x00, 0x00, 0x00, 0x00, 0x00, 0x00, 0x00,
    0x00, 0x00, 0x00, 0x00, 0x00, 0x00, 0x00, 0x00, 0x00, 0x00, 0x00, 0x00, 0x00, 0x00, 0x00, 0x00,
    0x00, 0x00, 0x00, 0x00, 0x00, 0x00, 0x00, 0x00, 0x00, 0x00, 0x00, 0x00, 0x00, 0x00, 0x00, 0x00,
    0x00, 0x00, 0x00, 0x00, 0x00, 0x00, 0x00, 0x00, 0x00, 0x00, 0x00, 0x00, 0x00, 0x00, 0x00, 0x00,
    0x00, 0x00, 0x00, 0x00, 0x00, 0x00, 0x00, 0x00, 0x00, 0x00, 0x00, 0x00, 0x00, 0x00, 0x00, 0x00,
    0x00, 0x00, 0x00, 0x00, 0x00, 0x00, 0x00, 0x00, 0x00, 0x00, 0x00, 0x00, 0x00, 0x00, 0x00, 0x00,
    0x00, 0x00, 0x00, 0x00, 0x00, 0x00, 0x00, 0x00, 0x00, 0x00, 0x00, 0x00, 0x00, 0x00, 0x00, 0x00,
    0x00, 0x00, 0x00, 0x00, 0x00, 0x00, 0x00, 0xff, 0xff, 0xff, 0xff, 0xff, 0xff, 0x00, 0x00, 0x00,
    0x00, 0x00, 0x00, 0x00, 0x00, 0x00, 0x00, 0x00, 0x00, 0x00, 0x00, 0x00, 0x00, 0x00, 0x00, 0x00,
    0x00, 0xff, 0xff, 0xff, 0xff, 0xff, 0xff, 0xff, 0xff, 0xff, 0xff, 0x00, 0x00, 0x00, 0x00, 0x00,
    0x00, 0x00, 0x00, 0x00, 0x00, 0x00, 0x00, 0x00, 0x00, 0x00, 0x00, 0x00, 0xff, 0xff, 0xff, 0xff,
    0xff, 0xff, 0xff, 0xff, 0xff, 0xff, 0xff, 0x00, 0x00, 0x00, 0x00, 0x00, 0x00, 0x00, 0x00, 0x00,
    0x00, 0x00, 0x00, 0x00, 0x00, 0x00, 0x00, 0xff, 0xff, 0xff, 0xff, 0xff, 0xff, 0xff, 0xff, 0xff,
    0xff, 0xff, 0xff, 0xff, 0x00, 0x00, 0x00, 0x00, 0x00, 0x00, 0x00, 0x00, 0x00, 0x00, 0x00, 0x00,
    0x00, 0x00, 0x00, 0xff, 0xff, 0xff, 0xff, 0xff, 0xff, 0xff, 0xff, 0xff, 0xff, 0xff, 0xff, 0xff,
    0x00, 0x00, 0x00, 0x00, 0x00, 0x00, 0x00, 0x00, 0x00, 0x00, 0x00, 0x00, 0x00, 0x00, 0x00, 0xff,
    0xff, 0xff, 0xff, 0xff, 0xff, 0xff, 0xff, 0xff, 0xff, 0xff, 0xff, 0xff, 0xff, 0x00, 0x00, 0x00,
    0x00, 0x00, 0x00, 0x00, 0x00, 0x00, 0x00, 0x00, 0x00, 0x00, 0x00, 0xff, 0xff, 0xff, 0xff, 0xff,
    0xff, 0xff, 0xff, 0xff, 0xff, 0xff, 0xff, 0xff, 0xff, 0x00, 0x00, 0x00, 0x00, 0x00, 0x00, 0x00,
    0x00, 0x00, 0x00, 0x00, 0x00, 0x00, 0x00, 0xff, 0xff, 0xff, 0xff, 0xff, 0xff, 0xff, 0xff, 0xff,
    0xff, 0xff, 0xff, 0xff, 0xff, 0x00, 0x00, 0x00, 0x00, 0x00, 0x00, 0x00, 0x00, 0x00, 0x00, 0x00,
    0x00, 0xff, 0xff, 0xff, 0xff, 0xff, 0xff, 0xff, 0xff, 0xff, 0xff, 0xff, 0xff, 0xff, 0xff, 0xff,
    0xff, 0xff, 0x00, 0x00, 0x00, 0x00, 0x00, 0x00, 0x00, 0x00, 0x00, 0xff, 0xff, 0xff, 0xff, 0xff,
    0xff, 0xff, 0xff, 0xff, 0xff, 0xff, 0xff, 0xff, 0xff, 0xff, 0xff, 0xff, 0xff, 0xff, 0xff, 0xff,
    0x00, 0x00, 0x00, 0x00, 0x00, 0x00, 0xff, 0xff, 0xff, 0xff, 0xff, 0xff, 0xff, 0xff, 0xff, 0xff,
    0xff, 0xff, 0xff, 0xff, 0xff, 0xff, 0xff, 0xff, 0xff, 0xff, 0xff, 0xff, 0xff, 0x00, 0x00, 0x00,
    0x00, 0xff, 0xff, 0xff, 0xff, 0xff, 0xff, 0xff, 0xff, 0xff, 0xff, 0xff, 0xff, 0xff, 0xff, 0xff,
    0xff, 0xff, 0xff, 0xff, 0xff, 0xff, 0xff, 0xff, 0xff, 0xff, 0x00, 0x00, 0x00, 0xff, 0xff, 0xff,
    0xff, 0xff, 0xff, 0xff, 0xff, 0xff, 0xff, 0xff, 0xff, 0xff, 0xff, 0xff, 0xff, 0xff, 0xff, 0xff,
    0xff, 0xff, 0xff, 0xff, 0xff, 0xff, 0x00, 0x00, 0x00, 0xff, 0xff, 0xff, 0xff, 0xff, 0xff, 0xff,
    0xff, 0xff, 0xff, 0xff, 0xff, 0xff, 0xff, 0xff, 0xff, 0xff, 0xff, 0xff, 0xff, 0xff, 0xff, 0xff,
    0xff, 0xff, 0x00, 0x00, 0x00, 0xff, 0xff, 0xff, 0xff, 0xff, 0xff, 0xff, 0xff, 0xff, 0xff, 0xff,
    0xff, 0xff, 0xff, 0xff, 0xff, 0xff, 0xff, 0xff, 0xff, 0xff, 0xff, 0xff, 0xff, 0xff, 0x00, 0x00,
    0x00, 0xff, 0xff, 0xff, 0xff, 0xff, 0xff, 0xff, 0xff, 0xff, 0xff, 0xff, 0xff, 0xff, 0xff, 0xff,
    0xff, 0xff, 0xff, 0xff, 0xff, 0xff, 0xff, 0xff, 0xff, 0xff, 0x00, 0x00, 0x00, 0xff, 0xff, 0xff,
    0xff, 0xff, 0xff, 0xff, 0xff, 0xff, 0xff, 0xff, 0xff, 0xff, 0xff, 0xff, 0xff, 0xff, 0xff, 0xff,
    0xff, 0xff, 0xff, 0xff, 0xff, 0xff, 0x00, 0x00, 0x00, 0xff, 0xff, 0xff, 0xff, 0xff, 0xff, 0xff,
    0xff, 0xff, 0xff, 0xff, 0xff, 0xff, 0xff, 0xff, 0xff, 0xff, 0xff, 0xff, 0xff, 0xff, 0xff, 0xff,
    0xff, 0xff, 0x00, 0x00, 0x00, 0x00, 0xff, 0xff, 0xff, 0xff, 0xff, 0xff, 0xff, 0xff, 0xff, 0xff,
    0xff, 0xff, 0xff, 0xff, 0xff, 0xff, 0xff, 0xff, 0xff, 0xff, 0xff, 0xff, 0xff, 0x00, 0x00, 0x00,
    0x00, 0x00, 0x00, 0xff, 0xff, 0xff, 0xff, 0xff, 0xff, 0xff, 0xff, 0xff, 0xff, 0xff, 0xff, 0xff,
    0xff, 0xff, 0xff, 0xff, 0xff, 0xff, 0xff, 0xff, 0x00, 0x00, 0x00, 0x00, 0x00, 0x00, 0x00, 0x00,
    0xff, 0xff, 0xff, 0xff, 0xff, 0xff, 0xff, 0xff, 0xff, 0xff, 0xff, 0xff, 0xff, 0xff, 0xff, 0xff,
    0xff, 0xff, 0xff, 0x00, 0x00, 0x00, 0x00, 0x00, 0x00, 0x00, 0x00, 0x00, 0x00, 0x00, 0xff, 0xff,
    0xff, 0xff, 0xff, 0xff, 0xff, 0xff, 0xff, 0xff, 0x00, 0x00, 0xff, 0xff, 0xff, 0x00, 0x00, 0x00,
    0x00, 0x00, 0x00, 0x00, 0x00, 0x00, 0x00, 0x00, 0x00, 0x00, 0x00, 0x00, 0x00, 0xff, 0xff, 0xff,
    0xff, 0xff, 0xff, 0xff, 0x00, 0x00, 0x00, 0x00, 0x00, 0x00, 0x00, 0x00, 0x00, 0x00, 0x00, 0x00,
    0x00, 0x00, 0x00, 0x00, 0x00, 0x00, 0x00, 0x00, 0x00, 0xff, 0xff, 0xff, 0xff, 0xff, 0xff, 0x00,
    0x00, 0x00, 0x00, 0x00, 0x00, 0x00, 0x00, 0x00, 0x00, 0x00, 0x00, 0x00, 0x00, 0x00, 0x00, 0x00,
    0x00, 0x00, 0x00, 0x00, 0x00, 0xff, 0xff, 0xff, 0xff, 0xff, 0xff, 0x00, 0x00, 0x00, 0x00, 0x00,
    0x00, 0x00, 0x00, 0x00, 0x00, 0x00, 0x00, 0x00, 0x00, 0x00, 0x00, 0x00, 0x00, 0x00, 0x00, 0x00,
    0x00, 0x00, 0xff, 0xff, 0xff, 0xff, 0x00, 0x00, 0x00, 0x00, 0x00, 0x00, 0x00, 0x00, 0x00, 0x00,
    0x00, 0x00, 0x00, 0x00, 0x00, 0x00, 0x00, 0x00, 0x00, 0x00, 0x00, 0x00, 0x00, 0x00, 0x00, 0x00,
    0x00, 0x00, 0x00, 0x00, 0x00, 0x00, 0x00, 0x00, 0x00, 0x00, 0x00, 0x00, 0x00, 0x00, 0x00, 0x00,
};

static const LV_ATTRIBUTE_MEM_ALIGN uint8_t app_farm_ico_pest_map[] = {
    0x00, 0x00, 0x00, 0x00, 0x00, 0x00, 0x00, 0x00, 0x00, 0x00, 0x00, 0x00, 0x00, 0x00, 0x00, 0x00,
    0x00, 0x00, 0x00, 0x00, 0x00, 0x00, 0x00, 0x00, 0x00, 0x00, 0x00, 0x00, 0x00, 0x00, 0x00, 0x00,
    0x00, 0x00, 0x00, 0x00, 0x00, 0x00, 0x00, 0x00, 0x00, 0x00, 0x00, 0x00, 0x00, 0x00, 0x00, 0x00,
    0x00, 0x00, 0x00, 0x00, 0x00, 0x00, 0x00, 0x00, 0x00, 0x00, 0x00, 0x00, 0x00, 0x00, 0x00, 0x00,
    0x00, 0x00, 0x00, 0x00, 0x00, 0x00, 0x00, 0x00, 0x00, 0x00, 0x00, 0x00, 0xff, 0xff, 0xff, 0xff,
    0xd5, 0xc5, 0x12, 0xb5, 0x12, 0xb5, 0xb5, 0xc5, 0xff, 0xff, 0xff, 0xff, 0x00, 0x00, 0x00, 0x00,
    0x00, 0x00, 0x00, 0x00, 0x00, 0x00, 0x00, 0x00, 0x00, 0x00, 0x00, 0x00, 0x00, 0x00, 0x00, 0x00,
    0x00, 0x00, 0x00, 0x00, 0x00, 0x00, 0x00, 0x00, 0x00, 0x00, 0x00, 0x00, 0x00, 0x00, 0x00, 0x00,
    0x00, 0x00, 0xff, 0xff, 0x70, 0x9c, 0x6a, 0x8b, 0x2c, 0xa4, 0x8d, 0xac, 0x8d, 0xac, 0x2c, 0x9c,
    0x08, 0x7b, 0x33, 0xb5, 0xff, 0xff, 0x00, 0x00, 0x00, 0x00, 0x00, 0x00, 0x00, 0x00, 0x00, 0x00,
    0x00, 0x00, 0x00, 0x00, 0x00, 0x00, 0x00, 0x00, 0x00, 0x00, 0x00, 0x00, 0x00, 0x00, 0x00, 0x00,
    0x00, 0x00, 0x00, 0x00, 0x00, 0x00, 0x00, 0x00, 0xff, 0xff, 0x09, 0x73, 0x8d, 0xac, 0xef, 0xb4,
    0x8b, 0x8b, 0x09, 0x7b, 0x09, 0x7b, 0xcb, 0x8b, 0x51, 0xc5, 0x48, 0x83, 0xd1, 0xac, 0xff, 0xff,
    0x00, 0x00, 0x00, 0x00, 0x00, 0x00, 0x00, 0x00, 0x00, 0x00, 0x00, 0x00, 0x00, 0x00, 0x00, 0x00,
    0x00, 0x00, 0x00, 0x00, 0x00, 0x00, 0x00, 0x00, 0x00, 0x00, 0x00, 0x00, 0x00, 0x00, 0xff, 0xff,
    0x29, 0x7b, 0x50, 0xc5, 0xec, 0x93, 0xc8, 0x6a, 0xed, 0x8b, 0x93, 0xc5, 0xf4, 0xcd, 0x8b, 0x83,
    0x87, 0x6a, 0xb2, 0xcd, 0x49, 0x83, 0x3b, 0xef, 0x00, 0x00, 0x00, 0x00, 0x00, 0x00, 0x00, 0x00,
    0x00, 0x00, 0x00, 0x00, 0x00, 0x00, 0x00, 0x00, 0x00, 0x00, 0x00, 0x00, 0x00, 0x00, 0x00, 0x00,
    0x00, 0x00, 0x00, 0x00, 0xff, 0xff, 0x4f, 0x9c, 0x30, 0xbd, 0xec, 0x93, 0x09, 0x73, 0xf8, 0xee,
    0x76, 0xde, 0xb7, 0xe6, 0xf8, 0xee, 0xb7, 0xe6, 0xaf, 0xa4, 0xab, 0x8b, 0x71, 0xc5, 0x90, 0xa4,
    0xff, 0xff, 0x00, 0x00, 0x00, 0x00, 0x00, 0x00, 0x00, 0x00, 0x00, 0x00, 0x00, 0x00, 0x00, 0x00,
    0x00, 0x00, 0x00, 0x00, 0x00, 0x00, 0x00, 0x00, 0x00, 0x00, 0x00, 0x00, 0xff, 0xff, 0xcb, 0x93,
    0x10, 0xbd, 0xa8, 0x6a, 0x14, 0xce, 0xd7, 0xee, 0x19, 0xef, 0x55, 0xd6, 0x35, 0xd6, 0x39, 0xef,
    0xb7, 0xe6, 0x29, 0x7b, 0xb2, 0xcd, 0xe8, 0x6a, 0xde, 0xff, 0x00, 0x00, 0x00, 0x00, 0x00, 0x00,
    0x00, 0x00, 0x00, 0x00, 0x00, 0x00, 0x00, 0x00, 0x00, 0x00, 0x00, 0x00, 0x00, 0x00, 0x00, 0x00,
    0x00, 0x00, 0xff, 0xff, 0xb0, 0xa4, 0xef, 0xb4, 0x09, 0x7b, 0xd4, 0xc5, 0x35, 0xd6, 0xf8, 0xee,
    0x5a, 0xf7, 0x14, 0xce, 0x14, 0xce, 0x76, 0xde, 0x35, 0xd6, 0x6a, 0x83, 0xcf, 0xb4, 0xc8, 0x6a,
    0xb3, 0xb5, 0xff, 0xff, 0x00, 0x00, 0x00, 0x00, 0x00, 0x00, 0x00, 0x00, 0x00, 0x00, 0x00, 0x00,
    0x00, 0x00, 0x00, 0x00, 0x00, 0x00, 0x00, 0x00, 0x00, 0x00, 0xff, 0xff, 0xcc, 0x8b, 0xae, 0xac,
    0x2a, 0x7b, 0x39, 0xf7, 0x35, 0xd6, 0xb7, 0xe6, 0x35, 0xd6, 0xd7, 0xe6, 0x55, 0xd6, 0xf8, 0xee,
    0x5a, 0xf7, 0xab, 0x83, 0x6d, 0xa4, 0x4a, 0x7b, 0xf4, 0xc5, 0xfa, 0xde, 0x00, 0x00, 0x00, 0x00,
    0x00, 0x00, 0x00, 0x00, 0x00, 0x00, 0x00, 0x00, 0x00, 0x00, 0x00, 0x00, 0x00, 0x00, 0x00, 0x00,
    0x00, 0x00, 0xff, 0xff, 0xab, 0x8b, 0x4d, 0xa4, 0xec, 0x8b, 0x59, 0xf7, 0x97, 0xde, 0xd3, 0xcd,
    0xd7, 0xe6, 0x7a, 0xff, 0xb7, 0xde, 0xb7, 0xe6, 0x77, 0xde, 0xec, 0x93, 0x10, 0xbd, 0xe9, 0x72,
    0x9c, 0xff, 0x31, 0xad, 0xff, 0xff, 0x00, 0x00, 0x00, 0x00, 0x00, 0x00, 0x00, 0x00, 0x00, 0x00,
    0x00, 0x00, 0x00, 0x00, 0x00, 0x00, 0x00, 0x00, 0x00, 0x00, 0xff, 0xff, 0x8a, 0x83, 0x2d, 0x9c,
    0xd0, 0xa4, 0xd8, 0xe6, 0x92, 0xbd, 0xd8, 0xe6, 0x5a, 0xf7, 0xd7, 0xe6, 0x14, 0xce, 0x35, 0xd6,
    0x2e, 0x94, 0xef, 0xb4, 0x0c, 0x9c, 0xed, 0x8b, 0xfd, 0xff, 0x93, 0xbd, 0x15, 0xc6, 0xff, 0xff,
    0x00, 0x00, 0x00, 0x00, 0x00, 0x00, 0x00, 0x00, 0x00, 0x00, 0x00, 0x00, 0x00, 0x00, 0x00, 0x00,
    0x00, 0x00, 0xff, 0xff, 0x4a, 0x7b, 0x6d, 0xa4, 0xcc, 0x83, 0x56, 0xd6, 0x14, 0xce, 0x55, 0xd6,
    0xf8, 0xe6, 0xd4, 0xc5, 0xd7, 0xe6, 0x15, 0xce, 0x6a, 0x83, 0x30, 0xbd, 0x67, 0x62, 0x98, 0xde,
    0x5b, 0xf7, 0xd8, 0xe6, 0xf0, 0xa4, 0xff, 0xff, 0x00, 0x00, 0x00, 0x00, 0x00, 0x00, 0x00, 0x00,
    0x00, 0x00, 0x00, 0x00, 0x00, 0x00, 0x00, 0x00, 0x00, 0x00, 0xff, 0xff, 0x4b, 0x7b, 0x8e, 0xa4,
    0x09, 0x73, 0x19, 0xef, 0x39, 0xf7, 0x15, 0xd6, 0xf4, 0xcd, 0xf8, 0xee, 0x19, 0xef, 0xac, 0x8b,
    0x10, 0xb5, 0x4a, 0x83, 0x6a, 0x7b, 0xbc, 0xff, 0x56, 0xd6, 0x19, 0xef, 0x36, 0xce, 0x15, 0xc6,
    0xff, 0xff, 0x00, 0x00, 0x00, 0x00, 0x00, 0x00, 0x00, 0x00, 0x00, 0x00, 0x00, 0x00, 0x00, 0x00,
    0x00, 0x00, 0x00, 0x00, 0x74, 0xb5, 0x08, 0x7b, 0x10, 0xbd, 0x0d, 0x94, 0xb3, 0xc5, 0x76, 0xde,
    0x15, 0xce, 0x31, 0xb5, 0xab, 0x8b, 0xef, 0xb4, 0x2d, 0x9c, 0x46, 0x5a, 0x15, 0xd6, 0x5a, 0xf7,
    0x55, 0xd6, 0x7b, 0xf7, 0x3a, 0xef, 0xcf, 0xa4, 0xff, 0xff, 0x00, 0x00, 0x00, 0x00, 0x00, 0x00,
    0x00, 0x00, 0x00, 0x00, 0x00, 0x00, 0x00, 0x00, 0x00, 0x00, 0x00, 0x00, 0xff, 0xff, 0xc9, 0x6a,
    0xec, 0x93, 0x31, 0xbd, 0xab, 0x8b, 0xec, 0x8b, 0xec, 0x93, 0x0c, 0x94, 0x10, 0xb5, 0xab, 0x8b,
    0x26, 0x5a, 0x10, 0xad, 0x9b, 0xff, 0xbc, 0xff, 0x76, 0xde, 0xd8, 0xe6, 0xd8, 0xe6, 0x72, 0xbd,
    0x1a, 0xe7, 0x00, 0x00, 0x00, 0x00, 0x00, 0x00, 0x00, 0x00, 0x00, 0x00, 0x00, 0x00, 0x00, 0x00,
    0x00, 0x00, 0x00, 0x00, 0xff, 0xff, 0x4a, 0x73, 0x8f, 0x9c, 0x2e, 0x94, 0x4e, 0x9c, 0x8e, 0xa4,
    0x6e, 0x9c, 0xed, 0x93, 0x67, 0x5a, 0xc8, 0x6a, 0x35, 0xd6, 0x35, 0xd6, 0x97, 0xde, 0x14, 0xce,
    0xd8, 0xe6, 0xbd, 0xff, 0x76, 0xde, 0x93, 0xbd, 0x57, 0xce, 0x00, 0x00, 0x00, 0x00, 0x00, 0x00,
    0x00, 0x00, 0x00, 0x00, 0x00, 0x00, 0x00, 0x00, 0x00, 0x00, 0x00, 0x00, 0xff, 0xff, 0xe9, 0x6a,
    0xf4, 0xcd, 0x6f, 0x9c, 0x88, 0x5a, 0x67, 0x5a, 0x88, 0x5a, 0x87, 0x62, 0x31, 0xb5, 0x55, 0xd6,
    0x59, 0xf7, 0x76, 0xde, 0x51, 0xb5, 0xf4, 0xcd, 0xd8, 0xe6, 0x76, 0xd6, 0x7b, 0xf7, 0x97, 0xde,
    0x16, 0xce, 0x00, 0x00, 0x00, 0x00, 0x00, 0x00, 0x00, 0x00, 0x00, 0x00, 0x00, 0x00, 0x00, 0x00,
    0x00, 0x00, 0x00, 0x00, 0xff, 0xff, 0x81, 0x61, 0xa7, 0x72, 0x2a, 0x6b, 0x06, 0x4a, 0x58, 0xce,
    0xff, 0xff, 0xf5, 0xc5, 0x31, 0xb5, 0x10, 0xad, 0x71, 0xbd, 0x14, 0xd6, 0xd4, 0xcd, 0xf8, 0xee,
    0xf4, 0xcd, 0x51, 0xb5, 0xd7, 0xe6, 0xcf, 0xa4, 0x5b, 0xef, 0x00, 0x00, 0x00, 0x00, 0x00, 0x00,
    0x00, 0x00, 0x00, 0x00, 0x00, 0x00, 0x00, 0x00, 0x00, 0x00, 0xff, 0xff, 0xec, 0xa3, 0xc2, 0xd3,
    0x01, 0xbb, 0xc3, 0x61, 0xd6, 0xbd, 0xff, 0xff, 0x00, 0x00, 0xff, 0xff, 0xff, 0xff, 0x16, 0xc6,
    0xaf, 0x9c, 0x51, 0xb5, 0x31, 0xb5, 0x8e, 0x9c, 0x31, 0xb5, 0xb3, 0xc5, 0x4d, 0x94, 0x16, 0xc6,
    0xff, 0xff, 0x00, 0x00, 0x00, 0x00, 0x00, 0x00, 0x00, 0x00, 0x00, 0x00, 0x00, 0x00, 0x00, 0x00,
    0x00, 0x00, 0xff, 0xff, 0x04, 0x9b, 0x47, 0xfd, 0xe0, 0x91, 0xf1, 0xb4, 0xff, 0xff, 0x00, 0x00,
    0x00, 0x00, 0x00, 0x00, 0x00, 0x00, 0x00, 0x00, 0xff, 0xff, 0xff, 0xff, 0xb9, 0xde, 0x36, 0xce,
    0x36, 0xce, 0x77, 0xd6, 0xff, 0xff, 0xff, 0xff, 0x00, 0x00, 0x00, 0x00, 0x00, 0x00, 0x00, 0x00,
    0x00, 0x00, 0x00, 0x00, 0x00, 0x00, 0x00, 0x00, 0xff, 0xff, 0xec, 0xa3, 0x85, 0xdc, 0xc3, 0xdb,
    0xc2, 0x71, 0xff, 0xff, 0x00, 0x00, 0x00, 0x00, 0x00, 0x00, 0x00, 0x00, 0x00, 0x00, 0x00, 0x00,
    0x00, 0x00, 0x00, 0x00, 0x00, 0x00, 0x00, 0x00, 0x00, 0x00, 0x00, 0x00, 0x00, 0x00, 0x00, 0x00,
    0x00, 0x00, 0x00, 0x00, 0x00, 0x00, 0x00, 0x00, 0x00, 0x00, 0x00, 0x00, 0x00, 0x00, 0x00, 0x00,
    0xff, 0xff, 0x04, 0x9b, 0x47, 0xfd, 0xe0, 0x99, 0x90, 0xac, 0xff, 0xff, 0x00, 0x00, 0x00, 0x00,
    0x00, 0x00, 0x00, 0x00, 0x00, 0x00, 0x00, 0x00, 0x00, 0x00, 0x00, 0x00, 0x00, 0x00, 0x00, 0x00,
    0x00, 0x00, 0x00, 0x00, 0x00, 0x00, 0x00, 0x00, 0x00, 0x00, 0x00, 0x00, 0x00, 0x00, 0x00, 0x00,
    0x00, 0x00, 0x00, 0x00, 0x00, 0x00, 0xff, 0xff, 0xed, 0xa3, 0x65, 0xd4, 0x03, 0xe4, 0xa1, 0x79,
    0xff, 0xff, 0x00, 0x00, 0x00, 0x00, 0x00, 0x00, 0x00, 0x00, 0x00, 0x00, 0x00, 0x00, 0x00, 0x00,
    0x00, 0x00, 0x00, 0x00, 0x00, 0x00, 0x00, 0x00, 0x00, 0x00, 0x00, 0x00, 0x00, 0x00, 0x00, 0x00,
    0x00, 0x00, 0x00, 0x00, 0x00, 0x00, 0x00, 0x00, 0x00, 0x00, 0x00, 0x00, 0x00, 0x00, 0xff, 0xff,
    0xe3, 0x92, 0x26, 0xfd, 0x20, 0xa2, 0x0d, 0xa4, 0xff, 0xff, 0x00, 0x00, 0x00, 0x00, 0x00, 0x00,
    0x00, 0x00, 0x00, 0x00, 0x00, 0x00, 0x00, 0x00, 0x00, 0x00, 0x00, 0x00, 0x00, 0x00, 0x00, 0x00,
    0x00, 0x00, 0x00, 0x00, 0x00, 0x00, 0x00, 0x00, 0x00, 0x00, 0x00, 0x00, 0x00, 0x00, 0x00, 0x00,
    0x00, 0x00, 0x00, 0x00, 0x00, 0x00, 0xb0, 0xb4, 0x61, 0xc3, 0x64, 0xec, 0x80, 0x71, 0xff, 0xff,
    0x00, 0x00, 0x00, 0x00, 0x00, 0x00, 0x00, 0x00, 0x00, 0x00, 0x00, 0x00, 0x00, 0x00, 0x00, 0x00,
    0x00, 0x00, 0x00, 0x00, 0x00, 0x00, 0x00, 0x00, 0x00, 0x00, 0x00, 0x00, 0x00, 0x00, 0x00, 0x00,
    0x00, 0x00, 0x00, 0x00, 0x00, 0x00, 0x00, 0x00, 0x00, 0x00, 0x00, 0x00, 0x00, 0x00, 0xb5, 0xcd,
    0x40, 0x79, 0x60, 0x89, 0xac, 0x9b, 0xff, 0xff, 0x00, 0x00, 0x00, 0x00, 0x00, 0x00, 0x00, 0x00,
    0x00, 0x00, 0x00, 0x00, 0x00, 0x00, 0x00, 0x00, 0x00, 0x00, 0x00, 0x00, 0x00, 0x00, 0x00, 0x00,
    0x00, 0x00, 0x00, 0x00, 0x00, 0x00, 0x00, 0x00, 0x00, 0x00, 0x00, 0x00, 0x00, 0x00, 0x00, 0x00,
    0x00, 0x00, 0x00, 0x00, 0x00, 0x00, 0xff, 0xff, 0x17, 0xd6, 0xf2, 0xb4, 0xff, 0xff, 0x00, 0x00,
    0x00, 0x00, 0x00, 0x00, 0x00, 0x00, 0x00, 0x00, 0x00, 0x00, 0x00, 0x00, 0x00, 0x00, 0x00, 0x00,
    0x00, 0x00, 0x00, 0x00, 0x00, 0x00, 0x00, 0x00, 0x00, 0x00, 0x00, 0x00, 0x00, 0x00, 0x00, 0x00,
    0x00, 0x00, 0x00, 0x00, 0x00, 0x00, 0x00, 0x00, 0x00, 0x00, 0x00, 0x00, 0x00, 0x00, 0x00, 0x00,
    0x00, 0x00, 0x00, 0x00, 0x00, 0x00, 0x00, 0x00, 0x00, 0x00, 0x00, 0x00, 0x00, 0x00, 0x00, 0x00,
    0x00, 0x00, 0x00, 0x00, 0x00, 0x00, 0x00, 0x00, 0x00, 0x00, 0x00, 0x00, 0x00, 0x00, 0x00, 0x00,
    0x00, 0x00, 0x00, 0x00, 0x00, 0x00, 0x00, 0x00, 0x00, 0x00, 0x00, 0x00, 0x00, 0x00, 0x00, 0x00,
    0x00, 0x00, 0x00, 0x00, 0x00, 0x00, 0x00, 0x00, 0x00, 0x00, 0x00, 0x00, 0x00, 0x00, 0x00, 0x00,
    0x00, 0x00, 0x00, 0x00, 0x00, 0x00, 0x00, 0x00, 0x00, 0x00, 0x00, 0x00, 0x00, 0x00, 0x00, 0x00,
    0x00, 0x00, 0x00, 0x00, 0x00, 0x00, 0xff, 0xff, 0xff, 0xff, 0xff, 0xff, 0xff, 0xff, 0x00, 0x00,
    0x00, 0x00, 0x00, 0x00, 0x00, 0x00, 0x00, 0x00, 0x00, 0x00, 0x00, 0x00, 0x00, 0x00, 0x00, 0x00,
    0x00, 0xff, 0xff, 0xff, 0xff, 0xff, 0xff, 0xff, 0xff, 0xff, 0xff, 0x00, 0x00, 0x00, 0x00, 0x00,
    0x00, 0x00, 0x00, 0x00, 0x00, 0x00, 0x00, 0x00, 0x00, 0x00, 0x00, 0x00, 0xff, 0xff, 0xff, 0xff,
    0xff, 0xff, 0xff, 0xff, 0xff, 0xff, 0xff, 0xff, 0x00, 0x00, 0x00, 0x00, 0x00, 0x00, 0x00, 0x00,
    0x00, 0x00, 0x00, 0x00, 0x00, 0x00, 0x00, 0xff, 0xff, 0xff, 0xff, 0xff, 0xff, 0xff, 0xff, 0xff,
    0xff, 0xff, 0xff, 0xff, 0x00, 0x00, 0x00, 0x00, 0x00, 0x00, 0x00, 0x00, 0x00, 0x00, 0x00, 0x00,
    0x00, 0x00, 0xff, 0xff, 0xff, 0xff, 0xff, 0xff, 0xff, 0xff, 0xff, 0xff, 0xff, 0xff, 0xff, 0xff,
    0xff, 0x00, 0x00, 0x00, 0x00, 0x00, 0x00, 0x00, 0x00, 0x00, 0x00, 0x00, 0x00, 0x00, 0xff, 0xff,
    0xff, 0xff, 0xff, 0xff, 0xff, 0xff, 0xff, 0xff, 0xff, 0xff, 0xff, 0xff, 0xff, 0x00, 0x00, 0x00,
    0x00, 0x00, 0x00, 0x00, 0x00, 0x00, 0x00, 0x00, 0x00, 0xff, 0xff, 0xff, 0xff, 0xff, 0xff, 0xff,
    0xff, 0xff, 0xff, 0xff, 0xff, 0xff, 0xff, 0xff, 0xff, 0xff, 0x00, 0x00, 0x00, 0x00, 0x00, 0x00,
    0x00, 0x00, 0x00, 0x00, 0x00, 0xff, 0xff, 0xff, 0xff, 0xff, 0xff, 0xff, 0xff, 0xff, 0xff, 0xff,
    0xff, 0xff, 0xff, 0xff, 0xff, 0xff, 0x00, 0x00, 0x00, 0x00, 0x00, 0x00, 0x00, 0x00, 0x00, 0x00,
    0x00, 0xff, 0xff, 0xff, 0xff, 0xff, 0xff, 0xff, 0xff, 0xff, 0xff, 0xff, 0xff, 0xff, 0xff, 0xff,
    0xff, 0xff, 0xff, 0x00, 0x00, 0x00, 0x00, 0x00, 0x00, 0x00, 0x00, 0x00, 0x00, 0xff, 0xff, 0xff,
    0xff, 0xff, 0xff, 0xff, 0xff, 0xff, 0xff, 0xff, 0xff, 0xff, 0xff, 0xff, 0xff, 0xff, 0xff, 0xff,
    0x00, 0x00, 0x00, 0x00, 0x00, 0x00, 0x00, 0x00, 0x00, 0xff, 0xff, 0xff, 0xff, 0xff, 0xff, 0xff,
    0xff, 0xff, 0xff, 0xff, 0xff, 0xff, 0xff, 0xff, 0xff, 0xff, 0xff, 0xff, 0x00, 0x00, 0x00, 0x00,
    0x00, 0x00, 0x00, 0x00, 0x00, 0xff, 0xff, 0xff, 0xff, 0xff, 0xff, 0xff, 0xff, 0xff, 0xff, 0xff,
    0xff, 0xff, 0xff, 0xff, 0xff, 0xff, 0xff, 0xff, 0xff, 0x00, 0x00, 0x00, 0x00, 0x00, 0x00, 0x00,
    0x00, 0x00, 0xff, 0xff, 0xff, 0xff, 0xff, 0xff, 0xff, 0xff, 0xff, 0xff, 0xff, 0xff, 0xff, 0xff,
    0xff, 0xff, 0xff, 0xff, 0xff, 0x00, 0x00, 0x00, 0x00, 0x00, 0x00, 0x00, 0x00, 0x00, 0xff, 0xff,
    0xff, 0xff, 0xff, 0xff, 0xff, 0xff, 0xff, 0xff, 0xff, 0xff, 0xff, 0xff, 0xff, 0xff, 0xff, 0xff,
    0xff, 0x00, 0x00, 0x00, 0x00, 0x00, 0x00, 0x00, 0x00, 0x00, 0xff, 0xff, 0xff, 0xff, 0xff, 0xff,
    0xff, 0xff, 0xff, 0xff, 0xff, 0xff, 0xff, 0xff, 0xff, 0xff, 0xff, 0xff, 0xff, 0x00, 0x00, 0x00,
    0x00, 0x00, 0x00, 0x00, 0x00, 0x00, 0xff, 0xff, 0xff, 0xff, 0xff, 0xff, 0xff, 0xff, 0xff, 0xff,
    0xff, 0xff, 0xff, 0xff, 0xff, 0xff, 0xff, 0xff, 0xff, 0x00, 0x00, 0x00, 0x00, 0x00, 0x00, 0x00,
    0x00, 0x00, 0xff, 0xff, 0xff, 0xff, 0xff, 0xff, 0xff, 0xff, 0xff, 0xff, 0xff, 0xff, 0xff, 0xff,
    0xff, 0xff, 0xff, 0xff, 0xff, 0x00, 0x00, 0x00, 0x00, 0x00, 0x00, 0x00, 0x00, 0xff, 0xff, 0xff,
    0xff, 0xff, 0xff, 0xff, 0x00, 0xff, 0xff, 0xff, 0xff, 0xff, 0xff, 0xff, 0xff, 0xff, 0xff, 0xff,
    0xff, 0x00, 0x00, 0x00, 0x00, 0x00, 0x00, 0x00, 0x00, 0xff, 0xff, 0xff, 0xff, 0xff, 0xff, 0x00,
    0x00, 0x00, 0x00, 0x00, 0xff, 0xff, 0xff, 0xff, 0xff, 0xff, 0xff, 0xff, 0x00, 0x00, 0x00, 0x00,
    0x00, 0x00, 0x00, 0x00, 0xff, 0xff, 0xff, 0xff, 0xff, 0xff, 0x00, 0x00, 0x00, 0x00, 0x00, 0x00,
    0x00, 0x00, 0x00, 0x00, 0x00, 0x00, 0x00, 0x00, 0x00, 0x00, 0x00, 0x00, 0x00, 0x00, 0x00, 0x00,
    0xff, 0xff, 0xff, 0xff, 0xff, 0xff, 0x00, 0x00, 0x00, 0x00, 0x00, 0x00, 0x00, 0x00, 0x00, 0x00,
    0x00, 0x00, 0x00, 0x00, 0x00, 0x00, 0x00, 0x00, 0x00, 0x00, 0x00, 0xff, 0xff, 0xff, 0xff, 0xff,
    0xff, 0x00, 0x00, 0x00, 0x00, 0x00, 0x00, 0x00, 0x00, 0x00, 0x00, 0x00, 0x00, 0x00, 0x00, 0x00,
    0x00, 0x00, 0x00, 0x00, 0x00, 0x00, 0x00, 0xff, 0xff, 0xff, 0xff, 0xff, 0xff, 0x00, 0x00, 0x00,
    0x00, 0x00, 0x00, 0x00, 0x00, 0x00, 0x00, 0x00, 0x00, 0x00, 0x00, 0x00, 0x00, 0x00, 0x00, 0x00,
    0x00, 0x00, 0x00, 0xff, 0xff, 0xff, 0xff, 0xff, 0x00, 0x00, 0x00, 0x00, 0x00, 0x00, 0x00, 0x00,
    0x00, 0x00, 0x00, 0x00, 0x00, 0x00, 0x00, 0x00, 0x00, 0x00, 0x00, 0x00, 0x00, 0x00, 0x00, 0xff,
    0xff, 0xff, 0xff, 0xff, 0x00, 0x00, 0x00, 0x00, 0x00, 0x00, 0x00, 0x00, 0x00, 0x00, 0x00, 0x00,
    0x00, 0x00, 0x00, 0x00, 0x00, 0x00, 0x00, 0x00, 0x00, 0x00, 0x00, 0xff, 0xff, 0xff, 0xff, 0x00,
    0x00, 0x00, 0x00, 0x00, 0x00, 0x00, 0x00, 0x00, 0x00, 0x00, 0x00, 0x00, 0x00, 0x00, 0x00, 0x00,
    0x00, 0x00, 0x00, 0x00, 0x00, 0x00, 0x00, 0x00, 0x00, 0x00, 0x00, 0x00, 0x00, 0x00, 0x00, 0x00,
    0x00, 0x00, 0x00, 0x00, 0x00, 0x00, 0x00, 0x00, 0x00, 0x00, 0x00, 0x00, 0x00, 0x00, 0x00, 0x00,
};

static const LV_ATTRIBUTE_MEM_ALIGN uint8_t app_farm_ico_cut_map[] = {
    0x00, 0x00, 0x00, 0x00, 0x00, 0x00, 0x00, 0x00, 0x00, 0x00, 0x00, 0x00, 0x00, 0x00, 0x00, 0x00,
    0x00, 0x00, 0x00, 0x00, 0x00, 0x00, 0x00, 0x00, 0x00, 0x00, 0x00, 0x00, 0x00, 0x00, 0x00, 0x00,
    0x00, 0x00, 0x00, 0x00, 0x00, 0x00, 0x00, 0x00, 0x00, 0x00, 0x00, 0x00, 0x00, 0x00, 0x00, 0x00,
    0x00, 0x00, 0x00, 0x00, 0x00, 0x00, 0x00, 0x00, 0x00, 0x00, 0x00, 0x00, 0x00, 0x00, 0x00, 0x00,
    0x00, 0x00, 0x00, 0x00, 0x00, 0x00, 0x00, 0x00, 0x00, 0x00, 0x00, 0x00, 0xff, 0xff, 0xff, 0xff,
    0xd5, 0xcd, 0x32, 0xbd, 0x12, 0xb5, 0x32, 0xbd, 0xf6, 0xcd, 0xff, 0xff, 0xff, 0xff, 0x00, 0x00,
    0x00, 0x00, 0x00, 0x00, 0x00, 0x00, 0x00, 0x00, 0x00, 0x00, 0x00, 0x00, 0x00, 0x00, 0x00, 0x00,
    0x00, 0x00, 0x00, 0x00, 0x00, 0x00, 0x00, 0x00, 0x00, 0x00, 0x00, 0x00, 0x00, 0x00, 0x00, 0x00,
    0xff, 0xff, 0x32, 0xbd, 0xaa, 0x93, 0x2d, 0x9c, 0x0f, 0xb5, 0x90, 0xc5, 0xd0, 0xcd, 0x6f, 0xc5,
    0xce, 0xb4, 0xab, 0x93, 0xed, 0x93, 0xff, 0xff, 0x00, 0x00, 0x00, 0x00, 0x00, 0x00, 0x00, 0x00,
    0x00, 0x00, 0x00, 0x00, 0x00, 0x00, 0x00, 0x00, 0x00, 0x00, 0x00, 0x00, 0x00, 0x00, 0x00, 0x00,
    0x00, 0x00, 0x00, 0x00, 0xff, 0xff, 0xff, 0xff, 0x28, 0x83, 0xf0, 0xb4, 0x36, 0xf7, 0x2f, 0xff,
    0xea, 0xfe, 0xe8, 0xfe, 0xc6, 0xfe, 0xa5, 0xfe, 0x28, 0xff, 0x2d, 0xff, 0xcf, 0xd5, 0x08, 0x7b,
    0xd5, 0xc5, 0xff, 0xff, 0x00, 0x00, 0x00, 0x00, 0x00, 0x00, 0x00, 0x00, 0x00, 0x00, 0x00, 0x00,
    0x00, 0x00, 0x00, 0x00, 0x00, 0x00, 0x00, 0x00, 0x00, 0x00, 0xff, 0xff, 0xb5, 0xc5, 0x49, 0x83,
    0x38, 0xef, 0xf7, 0xff, 0x72, 0xff, 0x88, 0xfe, 0x43, 0xfe, 0x24, 0xf6, 0x06, 0xee, 0xc6, 0xdd,
    0x06, 0xe6, 0x23, 0xee, 0x43, 0xfe, 0xad, 0xf6, 0x28, 0x83, 0x37, 0xd6, 0x00, 0x00, 0x00, 0x00,
    0x00, 0x00, 0x00, 0x00, 0x00, 0x00, 0x00, 0x00, 0x00, 0x00, 0x00, 0x00, 0x00, 0x00, 0x00, 0x00,
    0x00, 0x00, 0xff, 0xff, 0x47, 0x83, 0x94, 0xff, 0x4e, 0xff, 0x51, 0xff, 0xb4, 0xff, 0xac, 0xf6,
    0xcb, 0xdd, 0x71, 0xbd, 0x90, 0x9c, 0xcd, 0x8b, 0xcc, 0x8b, 0x2b, 0x9c, 0xe8, 0xc4, 0xc3, 0xed,
    0x0a, 0xe6, 0x08, 0x7b, 0xff, 0xff, 0x00, 0x00, 0x00, 0x00, 0x00, 0x00, 0x00, 0x00, 0x00, 0x00,
    0x00, 0x00, 0x00, 0x00, 0x00, 0x00, 0x00, 0x00, 0xff, 0xff, 0x07, 0x7b, 0xee, 0xf6, 0xc6, 0xfe,
    0x85, 0xfe, 0x4e, 0xff, 0x8f, 0xee, 0x14, 0xce, 0xcf, 0x83, 0x87, 0x6a, 0x08, 0x83, 0xab, 0x93,
    0xab, 0x93, 0xe8, 0x7a, 0x46, 0x6a, 0x06, 0x83, 0x65, 0xdd, 0x26, 0xac, 0x95, 0xbd, 0x00, 0x00,
    0x00, 0x00, 0x00, 0x00, 0x00, 0x00, 0x00, 0x00, 0x00, 0x00, 0x00, 0x00, 0x00, 0x00, 0x00, 0x00,
    0x95, 0xbd, 0xe2, 0xa3, 0x08, 0xff, 0x86, 0xfe, 0xc6, 0xfe, 0x07, 0xe6, 0x94, 0xbd, 0x0a, 0x7b,
    0xcb, 0x93, 0xff, 0xff, 0xff, 0xff, 0xff, 0xff, 0xff, 0xff, 0xff, 0xff, 0xff, 0xff, 0xac, 0x93,
    0x43, 0x6a, 0x20, 0x93, 0x6f, 0xa4, 0x00, 0x00, 0x00, 0x00, 0x00, 0x00, 0x00, 0x00, 0x00, 0x00,
    0x00, 0x00, 0x00, 0x00, 0x00, 0x00, 0x00, 0x00, 0x4e, 0x9c, 0xa0, 0xab, 0x45, 0xf6, 0xe8, 0xfe,
    0x65, 0xf6, 0x4e, 0xc5, 0xc9, 0x72, 0xf0, 0xb4, 0xff, 0xff, 0x00, 0x00, 0x00, 0x00, 0x00, 0x00,
    0x00, 0x00, 0x00, 0x00, 0x00, 0x00, 0xff, 0xff, 0x94, 0xc5, 0x66, 0x6a, 0xf9, 0xee, 0x00, 0x00,
    0x00, 0x00, 0x00, 0x00, 0x00, 0x00, 0x00, 0x00, 0x00, 0x00, 0x00, 0x00, 0x00, 0x00, 0x00, 0x00,
    0xd5, 0xcd, 0x40, 0x7a, 0x62, 0xe5, 0xc6, 0xfe, 0x28, 0xe6, 0xcb, 0x8b, 0xcb, 0x93, 0xff, 0xff,
    0x00, 0x00, 0x00, 0x00, 0x00, 0x00, 0x00, 0x00, 0x00, 0x00, 0x00, 0x00, 0x00, 0x00, 0x00, 0x00,
    0x00, 0x00, 0xff, 0xff, 0x00, 0x00, 0x00, 0x00, 0x00, 0x00, 0x00, 0x00, 0x00, 0x00, 0x00, 0x00,
    0x00, 0x00, 0x00, 0x00, 0x00, 0x00, 0x00, 0x00, 0xff, 0xff, 0x07, 0x7b, 0xc0, 0xab, 0x03, 0xee,
    0x6a, 0xee, 0x08, 0x7b, 0x16, 0xd6, 0x00, 0x00, 0x00, 0x00, 0x00, 0x00, 0x00, 0x00, 0x00, 0x00,
    0x00, 0x00, 0x00, 0x00, 0x00, 0x00, 0x00, 0x00, 0x00, 0x00, 0x00, 0x00, 0x00, 0x00, 0x00, 0x00,
    0x00, 0x00, 0x00, 0x00, 0x00, 0x00, 0x00, 0x00, 0x00, 0x00, 0x00, 0x00, 0x00, 0x00, 0x00, 0x00,
    0x00, 0x00, 0xff, 0xff, 0x20, 0x6a, 0xa0, 0xcc, 0x46, 0xf6, 0xcc, 0xb4, 0xcc, 0x8b, 0xff, 0xff,
    0x00, 0x00, 0x00, 0x00, 0x00, 0x00, 0x00, 0x00, 0x00, 0x00, 0x00, 0x00, 0x00, 0x00, 0x00, 0x00,
    0x00, 0x00, 0x00, 0x00, 0x00, 0x00, 0x00, 0x00, 0x00, 0x00, 0x00, 0x00, 0x00, 0x00, 0x00, 0x00,
    0x00, 0x00, 0x00, 0x00, 0x00, 0x00, 0x00, 0x00, 0x00, 0x00, 0xff, 0xff, 0x8f, 0xac, 0xa0, 0x8a,
    0xa2, 0xe5, 0xaa, 0xf6, 0x07, 0x7b, 0x74, 0xbd, 0xff, 0xff, 0x00, 0x00, 0x00, 0x00, 0x00, 0x00,
    0x00, 0x00, 0x00, 0x00, 0x00, 0x00, 0x00, 0x00, 0x00, 0x00, 0x00, 0x00, 0x00, 0x00, 0x00, 0x00,
    0x00, 0x00, 0x00, 0x00, 0x00, 0x00, 0x00, 0x00, 0x00, 0x00, 0x00, 0x00, 0x00, 0x00, 0x00, 0x00,
    0x00, 0x00, 0x00, 0x00, 0xff, 0xff, 0xc5, 0x7a, 0xa0, 0xab, 0x06, 0xcd, 0x0f, 0xbd, 0x89, 0x8b,
    0xf1, 0xb4, 0xff, 0xff, 0x00, 0x00, 0x00, 0x00, 0x00, 0x00, 0x00, 0x00, 0x00, 0x00, 0x00, 0x00,
    0x00, 0x00, 0x00, 0x00, 0x00, 0x00, 0x00, 0x00, 0x00, 0x00, 0x00, 0x00, 0x00, 0x00, 0x00, 0x00,
    0x00, 0x00, 0x00, 0x00, 0x00, 0x00, 0x00, 0x00, 0x00, 0x00, 0x00, 0x00, 0x00, 0x00, 0x53, 0xbd,
    0xc1, 0x82, 0xce, 0xf6, 0x70, 0xff, 0x68, 0xf6, 0x43, 0x8b, 0xff, 0xff, 0x00, 0x00, 0x00, 0x00,
    0x00, 0x00, 0x00, 0x00, 0x00, 0x00, 0x00, 0x00, 0x00, 0x00, 0x00, 0x00, 0x00, 0x00, 0x00, 0x00,
    0x00, 0x00, 0x00, 0x00, 0x00, 0x00, 0x00, 0x00, 0x00, 0x00, 0x00, 0x00, 0x00, 0x00, 0x00, 0x00,
    0x00, 0x00, 0x00, 0x00, 0x00, 0x00, 0x0b, 0x9c, 0x60, 0xc4, 0x22, 0xd5, 0x03, 0xb4, 0x02, 0xbc,
    0x80, 0x8a, 0x12, 0xb5, 0x00, 0x00, 0x00, 0x00, 0x00, 0x00, 0x00, 0x00, 0x00, 0x00, 0x00, 0x00,
    0x00, 0x00, 0x00, 0x00, 0x00, 0x00, 0x00, 0x00, 0x00, 0x00, 0x00, 0x00, 0x00, 0x00, 0x00, 0x00,
    0x00, 0x00, 0x00, 0x00, 0x00, 0x00, 0x00, 0x00, 0x00, 0x00, 0x00, 0x00, 0x00, 0x00, 0x2b, 0xa4,
    0xa0, 0x8a, 0xc1, 0x9a, 0x63, 0xe4, 0xc6, 0xfd, 0x83, 0xe4, 0x63, 0x82, 0xff, 0xff, 0x00, 0x00,
    0x00, 0x00, 0x00, 0x00, 0x00, 0x00, 0x00, 0x00, 0x00, 0x00, 0x00, 0x00, 0x00, 0x00, 0x00, 0x00,
    0x00, 0x00, 0x00, 0x00, 0x00, 0x00, 0x00, 0x00, 0x00, 0x00, 0x00, 0x00, 0x00, 0x00, 0x00, 0x00,
    0x00, 0x00, 0x00, 0x00, 0x00, 0x00, 0xff, 0xff, 0x04, 0x6a, 0xc0, 0xaa, 0x42, 0xe4, 0x25, 0xed,
    0x65, 0xfd, 0x81, 0xc3, 0x6a, 0x8b, 0xff, 0xff, 0x00, 0x00, 0x00, 0x00, 0x00, 0x00, 0x00, 0x00,
    0x00, 0x00, 0x00, 0x00, 0x00, 0x00, 0x00, 0x00, 0x00, 0x00, 0x00, 0x00, 0x00, 0x00, 0x00, 0x00,
    0x00, 0x00, 0x00, 0x00, 0x00, 0x00, 0x00, 0x00, 0x00, 0x00, 0x00, 0x00, 0x00, 0x00, 0x00, 0x00,
    0x94, 0xc5, 0xa0, 0x79, 0x01, 0xd4, 0xa3, 0xec, 0x86, 0xf5, 0x04, 0xf5, 0xa0, 0x92, 0xb5, 0xc5,
    0x00, 0x00, 0x00, 0x00, 0x00, 0x00, 0x00, 0x00, 0x00, 0x00, 0x00, 0x00, 0x00, 0x00, 0x00, 0x00,
    0x00, 0x00, 0x00, 0x00, 0x00, 0x00, 0x00, 0x00, 0x00, 0x00, 0x00, 0x00, 0x00, 0x00, 0x00, 0x00,
    0x00, 0x00, 0x00, 0x00, 0x00, 0x00, 0x00, 0x00, 0xff, 0xff, 0x02, 0x72, 0x40, 0xbb, 0x82, 0xe4,
    0x25, 0xf5, 0x65, 0xf5, 0x83, 0xe4, 0x83, 0x7a, 0xff, 0xff, 0x00, 0x00, 0x00, 0x00, 0x00, 0x00,
    0x00, 0x00, 0x00, 0x00, 0x00, 0x00, 0x00, 0x00, 0x00, 0x00, 0x00, 0x00, 0x00, 0x00, 0x00, 0x00,
    0x00, 0x00, 0x00, 0x00, 0x00, 0x00, 0x00, 0x00, 0x00, 0x00, 0x00, 0x00, 0x00, 0x00, 0x00, 0x00,
    0x00, 0x00, 0x2d, 0x9c, 0x00, 0x92, 0x22, 0xdc, 0xc3, 0xec, 0x66, 0xf5, 0x24, 0xf5, 0xa1, 0xc3,
    0x8b, 0x8b, 0xff, 0xff, 0x00, 0x00, 0x00, 0x00, 0x00, 0x00, 0x00, 0x00, 0x00, 0x00, 0x00, 0x00,
    0x00, 0x00, 0x00, 0x00, 0x00, 0x00, 0x00, 0x00, 0x00, 0x00, 0x00, 0x00, 0x00, 0x00, 0x00, 0x00,
    0x00, 0x00, 0x00, 0x00, 0x00, 0x00, 0x00, 0x00, 0x00, 0x00, 0xff, 0xff, 0xa0, 0x71, 0x61, 0xc3,
    0x62, 0xe4, 0x25, 0xf5, 0x45, 0xf5, 0x04, 0xf5, 0xa1, 0x92, 0x58, 0xd6, 0x00, 0x00, 0x00, 0x00,
    0x00, 0x00, 0x00, 0x00, 0x00, 0x00, 0x00, 0x00, 0x00, 0x00, 0x00, 0x00, 0x00, 0x00, 0x00, 0x00,
    0x00, 0x00, 0x00, 0x00, 0x00, 0x00, 0x00, 0x00, 0x00, 0x00, 0x00, 0x00, 0x00, 0x00, 0x00, 0x00,
    0x00, 0x00, 0xff, 0xff, 0x07, 0x83, 0x40, 0x9a, 0x02, 0xd4, 0xc3, 0xec, 0xa6, 0xfd, 0xe4, 0xec,
    0xc2, 0xc3, 0x2d, 0x9c, 0x00, 0x00, 0x00, 0x00, 0x00, 0x00, 0x00, 0x00, 0x00, 0x00, 0x00, 0x00,
    0x00, 0x00, 0x00, 0x00, 0x00, 0x00, 0x00, 0x00, 0x00, 0x00, 0x00, 0x00, 0x00, 0x00, 0x00, 0x00,
    0x00, 0x00, 0x00, 0x00, 0x00, 0x00, 0x00, 0x00, 0x00, 0x00, 0x00, 0x00, 0xff, 0xff, 0xa0, 0x71,
    0x41, 0xbb, 0x63, 0xdc, 0xa2, 0xbb, 0xc1, 0xa2, 0x80, 0x9a, 0xeb, 0x9b, 0x00, 0x00, 0x00, 0x00,
    0x00, 0x00, 0x00, 0x00, 0x00, 0x00, 0x00, 0x00, 0x00, 0x00, 0x00, 0x00, 0x00, 0x00, 0x00, 0x00,
    0x00, 0x00, 0x00, 0x00, 0x00, 0x00, 0x00, 0x00, 0x00, 0x00, 0x00, 0x00, 0x00, 0x00, 0x00, 0x00,
    0x00, 0x00, 0x00, 0x00, 0xff, 0xff, 0x85, 0x7a, 0x60, 0x9a, 0xa1, 0x9a, 0x80, 0x9a, 0x21, 0xbb,
    0xa0, 0x71, 0xd5, 0xcd, 0x00, 0x00, 0x00, 0x00, 0x00, 0x00, 0x00, 0x00, 0x00, 0x00, 0x00, 0x00,
    0x00, 0x00, 0x00, 0x00, 0x00, 0x00, 0x00, 0x00, 0x00, 0x00, 0x00, 0x00, 0x00, 0x00, 0x00, 0x00,
    0x00, 0x00, 0x00, 0x00, 0x00, 0x00, 0x00, 0x00, 0x00, 0x00, 0x00, 0x00, 0x00, 0x00, 0xff, 0xff,
    0x40, 0x59, 0xe0, 0x81, 0x40, 0x9a, 0xc0, 0x71, 0x8f, 0xac, 0xff, 0xff, 0x00, 0x00, 0x00, 0x00,
    0x00, 0x00, 0x00, 0x00, 0x00, 0x00, 0x00, 0x00, 0x00, 0x00, 0x00, 0x00, 0x00, 0x00, 0x00, 0x00,
    0x00, 0x00, 0x00, 0x00, 0x00, 0x00, 0x00, 0x00, 0x00, 0x00, 0x00, 0x00, 0x00, 0x00, 0x00, 0x00,
    0x00, 0x00, 0x00, 0x00, 0x00, 0x00, 0xff, 0xff, 0x77, 0xde, 0x4d, 0xa4, 0x8f, 0xac, 0xff, 0xff,
    0xff, 0xff, 0x00, 0x00, 0x00, 0x00, 0x00, 0x00, 0x00, 0x00, 0x00, 0x00, 0x00, 0x00, 0x00, 0x00,
    0x00, 0x00, 0x00, 0x00, 0x00, 0x00, 0x00, 0x00, 0x00, 0x00, 0x00, 0x00, 0x00, 0x00, 0x00, 0x00,
    0x00, 0x00, 0x00, 0x00, 0x00, 0x00, 0x00, 0x00, 0x00, 0x00, 0x00, 0x00, 0x00, 0x00, 0x00, 0x00,
    0x00, 0x00, 0x00, 0x00, 0x00, 0x00, 0x00, 0x00, 0x00, 0x00, 0x00, 0x00, 0x00, 0x00, 0x00, 0x00,
    0x00, 0x00, 0x00, 0x00, 0x00, 0x00, 0x00, 0x00, 0x00, 0x00, 0x00, 0x00, 0x00, 0x00, 0x00, 0x00,
    0x00, 0x00, 0x00, 0x00, 0x00, 0x00, 0x00, 0x00, 0x00, 0x00, 0x00, 0x00, 0x00, 0x00, 0x00, 0x00,
    0x00, 0x00, 0x00, 0x00, 0x00, 0x00, 0x00, 0x00, 0x00, 0x00, 0x00, 0x00, 0x00, 0x00, 0x00, 0x00,
    0x00, 0x00, 0x00, 0x00, 0x00, 0x00, 0xff, 0xff, 0xff, 0xff, 0xff, 0xff, 0xff, 0xff, 0xff, 0x00,
    0x00, 0x00, 0x00, 0x00, 0x00, 0x00, 0x00, 0x00, 0x00, 0x00, 0x00, 0x00, 0x00, 0x00, 0x00, 0x00,
    0xff, 0xff, 0xff, 0xff, 0xff, 0xff, 0xff, 0xff, 0xff, 0xff, 0xff, 0xff, 0x00, 0x00, 0x00, 0x00,
    0x00, 0x00, 0x00, 0x00, 0x00, 0x00, 0x00, 0x00, 0x00, 0x00, 0xff, 0xff, 0xff, 0xff, 0xff, 0xff,
    0xff, 0xff, 0xff, 0xff, 0xff, 0xff, 0xff, 0xff, 0xff, 0xff, 0x00, 0x00, 0x00, 0x00, 0x00, 0x00,
    0x00, 0x00, 0x00, 0x00, 0x00, 0xff, 0xff, 0xff, 0xff, 0xff, 0xff, 0xff, 0xff, 0xff, 0xff, 0xff,
    0xff, 0xff, 0xff, 0xff, 0xff, 0xff, 0x00, 0x00, 0x00, 0x00, 0x00, 0x00, 0x00, 0x00, 0x00, 0x00,
    0x00, 0xff, 0xff, 0xff, 0xff, 0xff, 0xff, 0xff, 0xff, 0xff, 0xff, 0xff, 0xff, 0xff, 0xff, 0xff,
    0xff, 0xff, 0xff, 0x00, 0x00, 0x00, 0x00, 0x00, 0x00, 0x00, 0x00, 0x00, 0xff, 0xff, 0xff, 0xff,
    0xff, 0xff, 0xff, 0xff, 0xff, 0xff, 0xff, 0xff, 0xff, 0xff, 0xff, 0xff, 0xff, 0xff, 0xff, 0x00,
    0x00, 0x00, 0x00, 0x00, 0x00, 0x00, 0x00, 0x00, 0xff, 0xff, 0xff, 0xff, 0xff, 0xff, 0xff, 0xff,
    0xff, 0xff, 0xff, 0xff, 0xff, 0xff, 0xff, 0xff, 0xff, 0xff, 0xff, 0x00, 0x00, 0x00, 0x00, 0x00,
    0x00, 0x00, 0x00, 0x00, 0xff, 0xff, 0xff, 0xff, 0xff, 0xff, 0xff, 0xff, 0xff, 0x00, 0x00, 0x00,
    0x00, 0x00, 0x00, 0xff, 0xff, 0xff, 0xff, 0x00, 0x00, 0x00, 0x00, 0x00, 0x00, 0x00, 0x00, 0x00,
    0xff, 0xff, 0xff, 0xff, 0xff, 0xff, 0xff, 0xff, 0x00, 0x00, 0x00, 0x00, 0x00, 0x00, 0x00, 0x00,
    0x00, 0xff, 0x00, 0x00, 0x00, 0x00, 0x00, 0x00, 0x00, 0x00, 0x00, 0x00, 0xff, 0xff, 0xff, 0xff,
    0xff, 0xff, 0xff, 0x00, 0x00, 0x00, 0x00, 0x00, 0x00, 0x00, 0x00, 0x00, 0x00, 0x00, 0x00, 0x00,
    0x00, 0x00, 0x00, 0x00, 0x00, 0x00, 0x00, 0x00, 0x00, 0xff, 0xff, 0xff, 0xff, 0xff, 0xff, 0xff,
    0x00, 0x00, 0x00, 0x00, 0x00, 0x00, 0x00, 0x00, 0x00, 0x00, 0x00, 0x00, 0x00, 0x00, 0x00, 0x00,
    0x00, 0x00, 0x00, 0x00, 0x00, 0xff, 0xff, 0xff, 0xff, 0xff, 0xff, 0xff, 0xff, 0x00, 0x00, 0x00,
    0x00, 0x00, 0x00, 0x00, 0x00, 0x00, 0x00, 0x00, 0x00, 0x00, 0x00, 0x00, 0x00, 0x00, 0x00, 0x00,
    0x00, 0x00, 0xff, 0xff, 0xff, 0xff, 0xff, 0xff, 0xff, 0xff, 0x00, 0x00, 0x00, 0x00, 0x00, 0x00,
    0x00, 0x00, 0x00, 0x00, 0x00, 0x00, 0x00, 0x00, 0x00, 0x00, 0x00, 0x00, 0x00, 0x00, 0x00, 0xff,
    0xff, 0xff, 0xff, 0xff, 0xff, 0xff, 0x00, 0x00, 0x00, 0x00, 0x00, 0x00, 0x00, 0x00, 0x00, 0x00,
    0x00, 0x00, 0x00, 0x00, 0x00, 0x00, 0x00, 0x00, 0x00, 0x00, 0x00, 0xff, 0xff, 0xff, 0xff, 0xff,
    0xff, 0xff, 0x00, 0x00, 0x00, 0x00, 0x00, 0x00, 0x00, 0x00, 0x00, 0x00, 0x00, 0x00, 0x00, 0x00,
    0x00, 0x00, 0x00, 0x00, 0x00, 0x00, 0x00, 0xff, 0xff, 0xff, 0xff, 0xff, 0xff, 0xff, 0xff, 0x00,
    0x00, 0x00, 0x00, 0x00, 0x00, 0x00, 0x00, 0x00, 0x00, 0x00, 0x00, 0x00, 0x00, 0x00, 0x00, 0x00,
    0x00, 0x00, 0x00, 0xff, 0xff, 0xff, 0xff, 0xff, 0xff, 0xff, 0xff, 0xff, 0x00, 0x00, 0x00, 0x00,
    0x00, 0x00, 0x00, 0x00, 0x00, 0x00, 0x00, 0x00, 0x00, 0x00, 0x00, 0x00, 0x00, 0x00, 0x00, 0x00,
    0xff, 0xff, 0xff, 0xff, 0xff, 0xff, 0xff, 0xff, 0x00, 0x00, 0x00, 0x00, 0x00, 0x00, 0x00, 0x00,
    0x00, 0x00, 0x00, 0x00, 0x00, 0x00, 0x00, 0x00, 0x00, 0x00, 0x00, 0x00, 0xff, 0xff, 0xff, 0xff,
    0xff, 0xff, 0xff, 0xff, 0xff, 0x00, 0x00, 0x00, 0x00, 0x00, 0x00, 0x00, 0x00, 0x00, 0x00, 0x00,
    0x00, 0x00, 0x00, 0x00, 0x00, 0x00, 0x00, 0x00, 0x00, 0xff, 0xff, 0xff, 0xff, 0xff, 0xff, 0xff,
    0xff, 0xff, 0x00, 0x00, 0x00, 0x00, 0x00, 0x00, 0x00, 0x00, 0x00, 0x00, 0x00, 0x00, 0x00, 0x00,
    0x00, 0x00, 0x00, 0x00, 0x00, 0xff, 0xff, 0xff, 0xff, 0xff, 0xff, 0xff, 0xff, 0xff, 0x00, 0x00,
    0x00, 0x00, 0x00, 0x00, 0x00, 0x00, 0x00, 0x00, 0x00, 0x00, 0x00, 0x00, 0x00, 0x00, 0x00, 0x00,
    0x00, 0xff, 0xff, 0xff, 0xff, 0xff, 0xff, 0xff, 0xff, 0xff, 0x00, 0x00, 0x00, 0x00, 0x00, 0x00,
    0x00, 0x00, 0x00, 0x00, 0x00, 0x00, 0x00, 0x00, 0x00, 0x00, 0x00, 0x00, 0x00, 0x00, 0xff, 0xff,
    0xff, 0xff, 0xff, 0xff, 0xff, 0xff, 0x00, 0x00, 0x00, 0x00, 0x00, 0x00, 0x00, 0x00, 0x00, 0x00,
    0x00, 0x00, 0x00, 0x00, 0x00, 0x00, 0x00, 0x00, 0x00, 0x00, 0xff, 0xff, 0xff, 0xff, 0xff, 0xff,
    0xff, 0xff, 0x00, 0x00, 0x00, 0x00, 0x00, 0x00, 0x00, 0x00, 0x00, 0x00, 0x00, 0x00, 0x00, 0x00,
    0x00, 0x00, 0x00, 0x00, 0x00, 0x00, 0x00, 0xff, 0xff, 0xff, 0xff, 0xff, 0xff, 0xff, 0x00, 0x00,
    0x00, 0x00, 0x00, 0x00, 0x00, 0x00, 0x00, 0x00, 0x00, 0x00, 0x00, 0x00, 0x00, 0x00, 0x00, 0x00,
    0x00, 0x00, 0x00, 0xff, 0xff, 0xff, 0xff, 0xff, 0xff, 0x00, 0x00, 0x00, 0x00, 0x00, 0x00, 0x00,
    0x00, 0x00, 0x00, 0x00, 0x00, 0x00, 0x00, 0x00, 0x00, 0x00, 0x00, 0x00, 0x00, 0x00, 0x00, 0x00,
    0x00, 0x00, 0x00, 0x00, 0x00, 0x00, 0x00, 0x00, 0x00, 0x00, 0x00, 0x00, 0x00, 0x00, 0x00, 0x00,
};

static const LV_ATTRIBUTE_MEM_ALIGN uint8_t app_farm_ico_hand_map[] = {
    0x00, 0x00, 0x00, 0x00, 0x00, 0x00, 0x00, 0x00, 0x00, 0x00, 0x00, 0x00, 0x00, 0x00, 0x00, 0x00,
    0x00, 0x00, 0x00, 0x00, 0x00, 0x00, 0x00, 0x00, 0x00, 0x00, 0x00, 0x00, 0x00, 0x00, 0x00, 0x00,
    0x00, 0x00, 0x00, 0x00, 0x00, 0x00, 0x00, 0x00, 0x00, 0x00, 0x00, 0x00, 0x00, 0x00, 0x00, 0x00,
    0x00, 0x00, 0x00, 0x00, 0x00, 0x00, 0x00, 0x00, 0x00, 0x00, 0x00, 0x00, 0x00, 0x00, 0x00, 0x00,
    0x00, 0x00, 0x00, 0x00, 0x00, 0x00, 0x00, 0x00, 0x00, 0x00, 0x00, 0x00, 0x00, 0x00, 0x00, 0x00,
    0x00, 0x00, 0xff, 0xff, 0xff, 0xff, 0xff, 0xff, 0xff, 0xff, 0x00, 0x00, 0x00, 0x00, 0x00, 0x00,
    0x00, 0x00, 0x00, 0x00, 0x00, 0x00, 0x00, 0x00, 0x00, 0x00, 0x00, 0x00, 0x00, 0x00, 0x00, 0x00,
    0x00, 0x00, 0x00, 0x00, 0x00, 0x00, 0x00, 0x00, 0x00, 0x00, 0x00, 0x00, 0x00, 0x00, 0x00, 0x00,
    0x00, 0x00, 0x00, 0x00, 0x00, 0x00, 0x00, 0x00, 0xff, 0xff, 0x54, 0xf6, 0xb5, 0xf6, 0x52, 0xf6,
    0x6f, 0xed, 0xff, 0xff, 0x00, 0x00, 0x00, 0x00, 0x00, 0x00, 0x00, 0x00, 0x00, 0x00, 0x00, 0x00,
    0x00, 0x00, 0x00, 0x00, 0x00, 0x00, 0x00, 0x00, 0x00, 0x00, 0x00, 0x00, 0x00, 0x00, 0x00, 0x00,
    0x00, 0x00, 0x00, 0x00, 0x00, 0x00, 0xff, 0xff, 0xff, 0xff, 0xff, 0xff, 0x00, 0x00, 0x00, 0x00,
    0xff, 0xff, 0x32, 0xf6, 0x37, 0xff, 0xf5, 0xfe, 0x2d, 0xed, 0xb9, 0xee, 0xff, 0xff, 0xff, 0xff,
    0xff, 0xff, 0xff, 0xff, 0x00, 0x00, 0x00, 0x00, 0x00, 0x00, 0x00, 0x00, 0x00, 0x00, 0x00, 0x00,
    0x00, 0x00, 0x00, 0x00, 0x00, 0x00, 0x00, 0x00, 0x00, 0x00, 0x00, 0x00, 0xff, 0xff, 0x33, 0xf6,
    0x73, 0xf6, 0x4d, 0xed, 0xff, 0xff, 0x00, 0x00, 0xff, 0xff, 0x52, 0xf6, 0xf5, 0xfe, 0xd4, 0xfe,
    0x0d, 0xed, 0x1b, 0xf7, 0xf9, 0xfe, 0x12, 0xee, 0x32, 0xf6, 0x90, 0xed, 0xff, 0xff, 0x00, 0x00,
    0x00, 0x00, 0x00, 0x00, 0x00, 0x00, 0x00, 0x00, 0x00, 0x00, 0x00, 0x00, 0x00, 0x00, 0x00, 0x00,
    0x00, 0x00, 0x00, 0x00, 0xff, 0xff, 0x53, 0xf6, 0x57, 0xff, 0x72, 0xfe, 0x0e, 0xe5, 0xff, 0xff,
    0xb8, 0xf6, 0x31, 0xf6, 0xd4, 0xfe, 0x93, 0xfe, 0x0d, 0xed, 0xb9, 0xee, 0x13, 0xee, 0x16, 0xff,
    0xd5, 0xfe, 0x0d, 0xed, 0xff, 0xff, 0x00, 0x00, 0x00, 0x00, 0x00, 0x00, 0x00, 0x00, 0x00, 0x00,
    0x00, 0x00, 0x00, 0x00, 0x00, 0x00, 0x00, 0x00, 0x00, 0x00, 0x00, 0x00, 0xff, 0xff, 0x12, 0xf6,
    0xf5, 0xfe, 0xd4, 0xfe, 0x2d, 0xed, 0x3b, 0xf7, 0xd9, 0xf6, 0x32, 0xf6, 0xd5, 0xfe, 0x72, 0xfe,
    0x2d, 0xed, 0x57, 0xee, 0x32, 0xf6, 0xf5, 0xfe, 0x93, 0xfe, 0x0d, 0xed, 0xff, 0xff, 0x00, 0x00,
    0x00, 0x00, 0x00, 0x00, 0x00, 0x00, 0x00, 0x00, 0x00, 0x00, 0x00, 0x00, 0x00, 0x00, 0x00, 0x00,
    0x00, 0x00, 0x00, 0x00, 0xff, 0xff, 0x12, 0xf6, 0xb4, 0xfe, 0xb4, 0xfe, 0xaf, 0xf5, 0x56, 0xee,
    0xd8, 0xf6, 0x52, 0xf6, 0x16, 0xff, 0x93, 0xfe, 0x2e, 0xe5, 0xf4, 0xe5, 0x52, 0xfe, 0xb4, 0xfe,
    0x11, 0xfe, 0x0e, 0xe5, 0x5d, 0xe7, 0x00, 0x00, 0xff, 0xff, 0x00, 0x00, 0x00, 0x00, 0x00, 0x00,
    0x00, 0x00, 0x00, 0x00, 0x00, 0x00, 0x00, 0x00, 0x00, 0x00, 0x00, 0x00, 0x00, 0x00, 0xff, 0xff,
    0x73, 0xf6, 0xf6, 0xfe, 0x52, 0xfe, 0x91, 0xe5, 0x77, 0xee, 0x52, 0xf6, 0xf5, 0xfe, 0x72, 0xfe,
    0xee, 0xe4, 0xb1, 0xe5, 0xd5, 0xfe, 0xb4, 0xfe, 0x8e, 0xf5, 0xb3, 0xe5, 0xde, 0xff, 0xff, 0xff,
    0x12, 0xf6, 0xff, 0xff, 0x00, 0x00, 0x00, 0x00, 0x00, 0x00, 0x00, 0x00, 0x00, 0x00, 0x00, 0x00,
    0x00, 0x00, 0x00, 0x00, 0x00, 0x00, 0xff, 0xff, 0x11, 0xf6, 0xf6, 0xfe, 0x93, 0xfe, 0x4f, 0xed,
    0xd3, 0xe5, 0x52, 0xfe, 0xd5, 0xfe, 0x52, 0xfe, 0xac, 0xdc, 0xb1, 0xed, 0xf5, 0xfe, 0xd4, 0xfe,
    0x0c, 0xed, 0xb9, 0xee, 0x34, 0xee, 0xb5, 0xf6, 0x72, 0xfe, 0xb1, 0xed, 0x00, 0x00, 0x00, 0x00,
    0x00, 0x00, 0x00, 0x00, 0x00, 0x00, 0x00, 0x00, 0x00, 0x00, 0x00, 0x00, 0x00, 0x00, 0xff, 0xff,
    0xb0, 0xf5, 0xd4, 0xfe, 0xb4, 0xfe, 0x2d, 0xed, 0x4c, 0xd4, 0x31, 0xfe, 0x93, 0xfe, 0xf0, 0xfd,
    0xe9, 0xd3, 0x11, 0xf6, 0xd5, 0xfe, 0x51, 0xfe, 0x0e, 0xe5, 0x56, 0xee, 0x32, 0xf6, 0xf6, 0xfe,
    0xf0, 0xfd, 0x90, 0xed, 0x00, 0x00, 0x00, 0x00, 0x00, 0x00, 0x00, 0x00, 0x00, 0x00, 0x00, 0x00,
    0x00, 0x00, 0x00, 0x00, 0x00, 0x00, 0x00, 0x00, 0xff, 0xff, 0x52, 0xfe, 0x73, 0xfe, 0x31, 0xfe,
    0xb0, 0xed, 0x73, 0xfe, 0x73, 0xfe, 0x11, 0xfe, 0x8a, 0xe4, 0x11, 0xfe, 0x93, 0xfe, 0xaf, 0xfd,
    0x30, 0xdd, 0xf2, 0xed, 0x93, 0xfe, 0x93, 0xfe, 0xeb, 0xec, 0xff, 0xff, 0x00, 0x00, 0x00, 0x00,
    0x00, 0x00, 0x00, 0x00, 0x00, 0x00, 0xff, 0xff, 0xff, 0xff, 0xff, 0xff, 0x00, 0x00, 0x00, 0x00,
    0xff, 0xff, 0x32, 0xf6, 0x17, 0xff, 0x17, 0xff, 0x37, 0xff, 0xf6, 0xfe, 0xd5, 0xfe, 0xd5, 0xfe,
    0xf5, 0xfe, 0x93, 0xfe, 0x52, 0xfe, 0xec, 0xec, 0x6c, 0xd4, 0x94, 0xfe, 0xd4, 0xfe, 0xf0, 0xfd,
    0xac, 0xe4, 0xff, 0xff, 0x00, 0x00, 0x00, 0x00, 0x00, 0x00, 0x00, 0x00, 0xff, 0xff, 0x33, 0xf6,
    0x53, 0xf6, 0x11, 0xf6, 0xff, 0xff, 0xff, 0xff, 0x14, 0xee, 0x93, 0xfe, 0x16, 0xff, 0xd5, 0xfe,
    0xd5, 0xfe, 0xb4, 0xfe, 0xb4, 0xfe, 0xb4, 0xfe, 0xd5, 0xfe, 0xd5, 0xfe, 0xf5, 0xfe, 0xd0, 0xf5,
    0x4e, 0xed, 0xb4, 0xfe, 0x93, 0xfe, 0x6a, 0xe4, 0xff, 0xff, 0x00, 0x00, 0x00, 0x00, 0x00, 0x00,
    0x00, 0x00, 0x00, 0x00, 0xff, 0xff, 0xd5, 0xfe, 0x37, 0xff, 0xf6, 0xfe, 0xcf, 0xf5, 0xd3, 0xe5,
    0xd2, 0xed, 0x93, 0xfe, 0xd4, 0xfe, 0xb4, 0xfe, 0x93, 0xfe, 0x93, 0xfe, 0xb4, 0xfe, 0x94, 0xfe,
    0x93, 0xfe, 0xb4, 0xfe, 0xb4, 0xfe, 0xf5, 0xfe, 0x93, 0xfe, 0x32, 0xfe, 0x0c, 0xf5, 0x71, 0xed,
    0x00, 0x00, 0x00, 0x00, 0x00, 0x00, 0x00, 0x00, 0x00, 0x00, 0x00, 0x00, 0xff, 0xff, 0xcf, 0xf5,
    0xd5, 0xfe, 0xb4, 0xfe, 0xd4, 0xfe, 0x6e, 0xed, 0xcc, 0xe4, 0x93, 0xfe, 0x93, 0xfe, 0x73, 0xfe,
    0x73, 0xfe, 0x52, 0xfe, 0x32, 0xfe, 0x52, 0xfe, 0x93, 0xfe, 0x93, 0xfe, 0x94, 0xfe, 0x93, 0xfe,
    0x94, 0xfe, 0xf0, 0xfd, 0x4a, 0xdc, 0xff, 0xff, 0x00, 0x00, 0x00, 0x00, 0x00, 0x00, 0x00, 0x00,
    0x00, 0x00, 0x00, 0x00, 0xff, 0xff, 0x0e, 0xe5, 0x6e, 0xf5, 0xb4, 0xfe, 0x73, 0xfe, 0x93, 0xfe,
    0xb4, 0xfe, 0xb5, 0xfe, 0xb4, 0xfe, 0x52, 0xfe, 0x52, 0xfe, 0xb4, 0xfe, 0x93, 0xfe, 0x52, 0xfe,
    0x52, 0xfe, 0x73, 0xfe, 0x73, 0xfe, 0x73, 0xfe, 0x93, 0xfe, 0x2d, 0xed, 0xf3, 0xf5, 0x00, 0x00,
    0x00, 0x00, 0x00, 0x00, 0x00, 0x00, 0x00, 0x00, 0x00, 0x00, 0x00, 0x00, 0x00, 0x00, 0xff, 0xff,
    0x50, 0xe5, 0x8e, 0xf5, 0x93, 0xfe, 0xb4, 0xfe, 0xf6, 0xfe, 0xf6, 0xfe, 0xf6, 0xfe, 0xd5, 0xfe,
    0x52, 0xfe, 0x52, 0xfe, 0xb4, 0xfe, 0xb4, 0xfe, 0x93, 0xfe, 0x73, 0xfe, 0x73, 0xfe, 0x73, 0xfe,
    0x72, 0xfe, 0xcb, 0xec, 0xff, 0xff, 0x00, 0x00, 0x00, 0x00, 0x00, 0x00, 0x00, 0x00, 0x00, 0x00,
    0x00, 0x00, 0x00, 0x00, 0x00, 0x00, 0x00, 0x00, 0xff, 0xff, 0xcc, 0xe4, 0x31, 0xfe, 0xb4, 0xfe,
    0xb4, 0xfe, 0xb4, 0xfe, 0xd5, 0xfe, 0xd5, 0xfe, 0xd4, 0xfe, 0x32, 0xfe, 0x73, 0xfe, 0xb4, 0xfe,
    0x93, 0xfe, 0x93, 0xfe, 0x93, 0xfe, 0x73, 0xfe, 0x51, 0xfe, 0x8a, 0xe4, 0xff, 0xff, 0x00, 0x00,
    0x00, 0x00, 0x00, 0x00, 0x00, 0x00, 0x00, 0x00, 0x00, 0x00, 0x00, 0x00, 0x00, 0x00, 0x00, 0x00,
    0x00, 0x00, 0xff, 0xff, 0xeb, 0xec, 0x93, 0xfe, 0x93, 0xfe, 0x94, 0xfe, 0xb4, 0xfe, 0xb4, 0xfe,
    0xb4, 0xfe, 0x73, 0xfe, 0x52, 0xfe, 0x93, 0xfe, 0x93, 0xfe, 0x93, 0xfe, 0x73, 0xfe, 0x52, 0xfe,
    0xcf, 0xfd, 0x8b, 0xe4, 0xff, 0xff, 0x00, 0x00, 0x00, 0x00, 0x00, 0x00, 0x00, 0x00, 0x00, 0x00,
    0x00, 0x00, 0x00, 0x00, 0x00, 0x00, 0x00, 0x00, 0x00, 0x00, 0xff, 0xff, 0xcc, 0xe4, 0xae, 0xfd,
    0x72, 0xfe, 0x72, 0xfe, 0x73, 0xfe, 0x93, 0xfe, 0x93, 0xfe, 0x73, 0xfe, 0x52, 0xfe, 0x93, 0xfe,
    0x93, 0xfe, 0x73, 0xfe, 0x52, 0xfe, 0x31, 0xfe, 0xeb, 0xf4, 0x50, 0xed, 0x00, 0x00, 0x00, 0x00,
    0x00, 0x00, 0x00, 0x00, 0x00, 0x00, 0x00, 0x00, 0x00, 0x00, 0x00, 0x00, 0x00, 0x00, 0x00, 0x00,
    0x00, 0x00, 0x00, 0x00, 0xff, 0xff, 0x29, 0xdc, 0xae, 0xfd, 0x31, 0xfe, 0x32, 0xfe, 0x52, 0xfe,
    0x52, 0xfe, 0x52, 0xfe, 0x52, 0xfe, 0x52, 0xfe, 0x72, 0xfe, 0x52, 0xfe, 0x11, 0xfe, 0xcf, 0xfd,
    0xe7, 0xdb, 0xff, 0xff, 0x00, 0x00, 0x00, 0x00, 0x00, 0x00, 0x00, 0x00, 0x00, 0x00, 0x00, 0x00,
    0x00, 0x00, 0x00, 0x00, 0x00, 0x00, 0x00, 0x00, 0x00, 0x00, 0x00, 0x00, 0x00, 0x00, 0xff, 0xff,
    0x6b, 0xdc, 0x2c, 0xf5, 0xcf, 0xfd, 0xf0, 0xfd, 0x10, 0xfe, 0x11, 0xfe, 0x31, 0xfe, 0x31, 0xfe,
    0x11, 0xfe, 0xf0, 0xfd, 0xaf, 0xfd, 0x48, 0xe4, 0x92, 0xed, 0x00, 0x00, 0x00, 0x00, 0x00, 0x00,
    0x00, 0x00, 0x00, 0x00, 0x00, 0x00, 0x00, 0x00, 0x00, 0x00, 0x00, 0x00, 0x00, 0x00, 0x00, 0x00,
    0x00, 0x00, 0x00, 0x00, 0x00, 0x00, 0x00, 0x00, 0xff, 0xff, 0x86, 0xd3, 0xaa, 0xec, 0xec, 0xf4,
    0x6e, 0xf5, 0xaf, 0xfd, 0xcf, 0xfd, 0xaf, 0xfd, 0x6e, 0xf5, 0x2d, 0xf5, 0x28, 0xe4, 0x8d, 0xd4,
    0xff, 0xff, 0x00, 0x00, 0x00, 0x00, 0x00, 0x00, 0x00, 0x00, 0x00, 0x00, 0x00, 0x00, 0x00, 0x00,
    0x00, 0x00, 0x00, 0x00, 0x00, 0x00, 0x00, 0x00, 0x00, 0x00, 0x00, 0x00, 0x00, 0x00, 0x00, 0x00,
    0xff, 0xff, 0x08, 0xdc, 0xaa, 0xec, 0x8e, 0xfd, 0xcf, 0xfd, 0xcf, 0xfd, 0xaf, 0xfd, 0x6e, 0xfd,
    0x0c, 0xf5, 0xcb, 0xf4, 0x64, 0xdb, 0xf4, 0xed, 0x00, 0x00, 0x00, 0x00, 0x00, 0x00, 0x00, 0x00,
    0x00, 0x00, 0x00, 0x00, 0x00, 0x00, 0x00, 0x00, 0x00, 0x00, 0x00, 0x00, 0x00, 0x00, 0x00, 0x00,
    0x00, 0x00, 0x00, 0x00, 0x00, 0x00, 0x00, 0x00, 0x00, 0x00, 0xff, 0xff, 0x0e, 0xe5, 0xab, 0xe4,
    0xcb, 0xec, 0x0c, 0xed, 0x2c, 0xf5, 0xeb, 0xec, 0x89, 0xec, 0xe7, 0xdb, 0x2a, 0xdc, 0xff, 0xff,
    0x00, 0x00, 0x00, 0x00, 0x00, 0x00, 0x00, 0x00, 0x00, 0x00, 0x00, 0x00, 0x00, 0x00, 0x00, 0x00,
    0x00, 0x00, 0x00, 0x00, 0x00, 0x00, 0x00, 0x00, 0x00, 0x00, 0x00, 0x00, 0x00, 0x00, 0x00, 0x00,
    0x00, 0x00, 0x00, 0x00, 0x00, 0x00, 0xff, 0xff, 0xff, 0xff, 0xf3, 0xf5, 0xb2, 0xed, 0xb2, 0xed,
    0xf4, 0xed, 0xff, 0xff, 0xff, 0xff, 0x00, 0x00, 0x00, 0x00, 0x00, 0x00, 0x00, 0x00, 0x00, 0x00,
    0x00, 0x00, 0x00, 0x00, 0x00, 0x00, 0x00, 0x00, 0x00, 0x00, 0x00, 0x00, 0x00, 0x00, 0x00, 0x00,
    0x00, 0x00, 0x00, 0x00, 0x00, 0x00, 0x00, 0x00, 0x00, 0x00, 0x00, 0x00, 0x00, 0x00, 0x00, 0x00,
    0x00, 0x00, 0x00, 0x00, 0x00, 0x00, 0x00, 0x00, 0x00, 0x00, 0x00, 0x00, 0x00, 0x00, 0x00, 0x00,
    0x00, 0x00, 0x00, 0x00, 0x00, 0x00, 0x00, 0x00, 0x00, 0x00, 0x00, 0x00, 0x00, 0x00, 0x00, 0x00,
    0x00, 0x00, 0x00, 0x00, 0x00, 0x00, 0x00, 0x00, 0x00, 0x00, 0x00, 0x00, 0x00, 0x00, 0x00, 0x00,
    0x00, 0x00, 0x00, 0x00, 0x00, 0x00, 0x00, 0x00, 0x00, 0x00, 0x00, 0x00, 0x00, 0x00, 0x00, 0x00,
    0x00, 0x00, 0x00, 0x00, 0x00, 0x00, 0x00, 0x00, 0x00, 0xff, 0xff, 0xff, 0xff, 0x00, 0x00, 0x00,
    0x00, 0x00, 0x00, 0x00, 0x00, 0x00, 0x00, 0x00, 0x00, 0x00, 0x00, 0x00, 0x00, 0x00, 0x00, 0x00,
    0x00, 0x00, 0x00, 0x00, 0xff, 0xff, 0xff, 0xff, 0xff, 0xff, 0x00, 0x00, 0x00, 0x00, 0x00, 0x00,
    0x00, 0x00, 0x00, 0x00, 0x00, 0x00, 0x00, 0x00, 0x00, 0x00, 0x00, 0xff, 0xff, 0xff, 0x00, 0x00,
    0xff, 0xff, 0xff, 0xff, 0xff, 0xff, 0xff, 0xff, 0xff, 0xff, 0x00, 0x00, 0x00, 0x00, 0x00, 0x00,
    0x00, 0x00, 0x00, 0x00, 0x00, 0x00, 0xff, 0xff, 0xff, 0xff, 0xff, 0x00, 0xff, 0xff, 0xff, 0xff,
    0xff, 0xff, 0xff, 0xff, 0xff, 0xff, 0xff, 0x00, 0x00, 0x00, 0x00, 0x00, 0x00, 0x00, 0x00, 0x00,
    0x00, 0x00, 0xff, 0xff, 0xff, 0xff, 0xff, 0xff, 0xff, 0xff, 0xff, 0xff, 0xff, 0xff, 0xff, 0xff,
    0xff, 0xff, 0xff, 0x00, 0x00, 0x00, 0x00, 0x00, 0x00, 0x00, 0x00, 0x00, 0x00, 0x00, 0xff, 0xff,
    0xff, 0xff, 0xff, 0xff, 0xff, 0xff, 0xff, 0xff, 0xff, 0xff, 0xff, 0xff, 0xff, 0xff, 0xff, 0x00,
    0x00, 0x00, 0x00, 0x00, 0x00, 0x00, 0x00, 0x00, 0x00, 0x00, 0xff, 0xff, 0xff, 0xff, 0xff, 0xff,
    0xff, 0xff, 0xff, 0xff, 0xff, 0xff, 0xff, 0xff, 0xff, 0xff, 0xff, 0x00, 0xff, 0x00, 0x00, 0x00,
    0x00, 0x00, 0x00, 0x00, 0x00, 0x00, 0x00, 0xff, 0xff, 0xff, 0xff, 0xff, 0xff, 0xff, 0xff, 0xff,
    0xff, 0xff, 0xff, 0xff, 0xff, 0xff, 0xff, 0xff, 0xff, 0xff, 0x00, 0x00, 0x00, 0x00, 0x00, 0x00,
    0x00, 0x00, 0x00, 0xff, 0xff, 0xff, 0xff, 0xff, 0xff, 0xff, 0xff, 0xff, 0xff, 0xff, 0xff, 0xff,
    0xff, 0xff, 0xff, 0xff, 0xff, 0xff, 0x00, 0x00, 0x00, 0x00, 0x00, 0x00, 0x00, 0x00, 0x00, 0xff,
    0xff, 0xff, 0xff, 0xff, 0xff, 0xff, 0xff, 0xff, 0xff, 0xff, 0xff, 0xff, 0xff, 0xff, 0xff, 0xff,
    0xff, 0xff, 0x00, 0x00, 0x00, 0x00, 0x00, 0x00, 0x00, 0x00, 0x00, 0x00, 0xff, 0xff, 0xff, 0xff,
    0xff, 0xff, 0xff, 0xff, 0xff, 0xff, 0xff, 0xff, 0xff, 0xff, 0xff, 0xff, 0xff, 0xff, 0x00, 0x00,
    0x00, 0x00, 0x00, 0xff, 0xff, 0xff, 0x00, 0x00, 0xff, 0xff, 0xff, 0xff, 0xff, 0xff, 0xff, 0xff,
    0xff, 0xff, 0xff, 0xff, 0xff, 0xff, 0xff, 0xff, 0xff, 0xff, 0x00, 0x00, 0x00, 0x00, 0xff, 0xff,
    0xff, 0xff, 0xff, 0xff, 0xff, 0xff, 0xff, 0xff, 0xff, 0xff, 0xff, 0xff, 0xff, 0xff, 0xff, 0xff,
    0xff, 0xff, 0xff, 0xff, 0xff, 0x00, 0x00, 0x00, 0x00, 0x00, 0xff, 0xff, 0xff, 0xff, 0xff, 0xff,
    0xff, 0xff, 0xff, 0xff, 0xff, 0xff, 0xff, 0xff, 0xff, 0xff, 0xff, 0xff, 0xff, 0xff, 0xff, 0xff,
    0x00, 0x00, 0x00, 0x00, 0x00, 0x00, 0xff, 0xff, 0xff, 0xff, 0xff, 0xff, 0xff, 0xff, 0xff, 0xff,
    0xff, 0xff, 0xff, 0xff, 0xff, 0xff, 0xff, 0xff, 0xff, 0xff, 0xff, 0xff, 0x00, 0x00, 0x00, 0x00,
    0x00, 0x00, 0xff, 0xff, 0xff, 0xff, 0xff, 0xff, 0xff, 0xff, 0xff, 0xff, 0xff, 0xff, 0xff, 0xff,
    0xff, 0xff, 0xff, 0xff, 0xff, 0xff, 0xff, 0x00, 0x00, 0x00, 0x00, 0x00, 0x00, 0x00, 0x00, 0xff,
    0xff, 0xff, 0xff, 0xff, 0xff, 0xff, 0xff, 0xff, 0xff, 0xff, 0xff, 0xff, 0xff, 0xff, 0xff, 0xff,
    0xff, 0xff, 0xff, 0x00, 0x00, 0x00, 0x00, 0x00, 0x00, 0x00, 0x00, 0x00, 0xff, 0xff, 0xff, 0xff,
    0xff, 0xff, 0xff, 0xff, 0xff, 0xff, 0xff, 0xff, 0xff, 0xff, 0xff, 0xff, 0xff, 0xff, 0xff, 0x00,
    0x00, 0x00, 0x00, 0x00, 0x00, 0x00, 0x00, 0x00, 0x00, 0xff, 0xff, 0xff, 0xff, 0xff, 0xff, 0xff,
    0xff, 0xff, 0xff, 0xff, 0xff, 0xff, 0xff, 0xff, 0xff, 0xff, 0xff, 0x00, 0x00, 0x00, 0x00, 0x00,
    0x00, 0x00, 0x00, 0x00, 0x00, 0xff, 0xff, 0xff, 0xff, 0xff, 0xff, 0xff, 0xff, 0xff, 0xff, 0xff,
    0xff, 0xff, 0xff, 0xff, 0xff, 0xff, 0x00, 0x00, 0x00, 0x00, 0x00, 0x00, 0x00, 0x00, 0x00, 0x00,
    0x00, 0x00, 0xff, 0xff, 0xff, 0xff, 0xff, 0xff, 0xff, 0xff, 0xff, 0xff, 0xff, 0xff, 0xff, 0xff,
    0xff, 0xff, 0x00, 0x00, 0x00, 0x00, 0x00, 0x00, 0x00, 0x00, 0x00, 0x00, 0x00, 0x00, 0x00, 0xff,
    0xff, 0xff, 0xff, 0xff, 0xff, 0xff, 0xff, 0xff, 0xff, 0xff, 0xff, 0xff, 0xff, 0x00, 0x00, 0x00,
    0x00, 0x00, 0x00, 0x00, 0x00, 0x00, 0x00, 0x00, 0x00, 0x00, 0x00, 0x00, 0xff, 0xff, 0xff, 0xff,
    0xff, 0xff, 0xff, 0xff, 0xff, 0xff, 0xff, 0xff, 0xff, 0x00, 0x00, 0x00, 0x00, 0x00, 0x00, 0x00,
    0x00, 0x00, 0x00, 0x00, 0x00, 0x00, 0x00, 0x00, 0xff, 0xff, 0xff, 0xff, 0xff, 0xff, 0xff, 0xff,
    0xff, 0xff, 0xff, 0xff, 0x00, 0x00, 0x00, 0x00, 0x00, 0x00, 0x00, 0x00, 0x00, 0x00, 0x00, 0x00,
    0x00, 0x00, 0x00, 0x00, 0x00, 0xff, 0xff, 0xff, 0xff, 0xff, 0xff, 0xff, 0xff, 0xff, 0xff, 0xff,
    0x00, 0x00, 0x00, 0x00, 0x00, 0x00, 0x00, 0x00, 0x00, 0x00, 0x00, 0x00, 0x00, 0x00, 0x00, 0x00,
    0x00, 0x00, 0x00, 0xff, 0xff, 0xff, 0xff, 0xff, 0xff, 0xff, 0xff, 0x00, 0x00, 0x00, 0x00, 0x00,
    0x00, 0x00, 0x00, 0x00, 0x00, 0x00, 0x00, 0x00, 0x00, 0x00, 0x00, 0x00, 0x00, 0x00, 0x00, 0x00,
    0x00, 0x00, 0x00, 0x00, 0x00, 0x00, 0x00, 0x00, 0x00, 0x00, 0x00, 0x00, 0x00, 0x00, 0x00, 0x00,
};

static const LV_ATTRIBUTE_MEM_ALIGN uint8_t app_farm_crop_seed_map[] = {
    0x00, 0x00, 0x00, 0x00, 0x00, 0x00, 0x00, 0x00, 0x00, 0x00, 0x00, 0x00, 0x00, 0x00, 0x00, 0x00,
    0x00, 0x00, 0x00, 0x00, 0x00, 0x00, 0x00, 0x00, 0x00, 0x00, 0x00, 0x00, 0x00, 0x00, 0x00, 0x00,
    0x00, 0x00, 0x00, 0x00, 0x00, 0x00, 0x00, 0x00, 0x00, 0x00, 0x00, 0x00, 0x71, 0xce, 0xff, 0xff,
    0x71, 0xc6, 0x00, 0x00, 0x00, 0x00, 0x00, 0x00, 0x00, 0x00, 0x00, 0x00, 0x00, 0x00, 0x00, 0x00,
    0x00, 0x00, 0x00, 0x00, 0x00, 0x00, 0x00, 0x00, 0x00, 0x00, 0x00, 0x00, 0x00, 0x00, 0x00, 0x00,
    0x00, 0x00, 0x00, 0x00, 0x00, 0x00, 0x00, 0x00, 0x00, 0x00, 0x00, 0x00, 0x00, 0x00, 0x00, 0x00,
    0x00, 0x00, 0x00, 0x00, 0x00, 0x00, 0x00, 0x00, 0x00, 0x00, 0x00, 0x00, 0x00, 0x00, 0x00, 0x00,
    0x00, 0x00, 0x00, 0x00, 0x00, 0x00, 0xff, 0xff, 0xff, 0xff, 0xff, 0xff, 0xff, 0xff, 0xff, 0xff,
    0xff, 0xff, 0xff, 0xff, 0xff, 0xff, 0x00, 0x00, 0x00, 0x00, 0x00, 0x00, 0x00, 0x00, 0x00, 0x00,
    0x00, 0x00, 0x00, 0x00, 0x00, 0x00, 0x00, 0x00, 0x00, 0x00, 0x00, 0x00, 0x00, 0x00, 0x00, 0x00,
    0x00, 0x00, 0x00, 0x00, 0x00, 0x00, 0x00, 0x00, 0x00, 0x00, 0x00, 0x00, 0x00, 0x00, 0x00, 0x00,
    0x00, 0x00, 0x00, 0x00, 0x00, 0x00, 0x00, 0x00, 0x00, 0x00, 0x00, 0x00, 0x00, 0x00, 0x00, 0x00,
    0x00, 0x00, 0xff, 0xff, 0xff, 0xff, 0xff, 0xff, 0xba, 0xde, 0xb1, 0xac, 0x4b, 0x83, 0xe9, 0x7a,
    0x8c, 0x83, 0x74, 0xbd, 0xff, 0xff, 0xff, 0xff, 0xff, 0xff, 0x00, 0x00, 0x00, 0x00, 0x00, 0x00,
    0x00, 0x00, 0x00, 0x00, 0x00, 0x00, 0x00, 0x00, 0x00, 0x00, 0x00, 0x00, 0x00, 0x00, 0x00, 0x00,
    0x00, 0x00, 0x00, 0x00, 0x00, 0x00, 0x00, 0x00, 0x00, 0x00, 0x00, 0x00, 0x00, 0x00, 0x00, 0x00,
    0x00, 0x00, 0x00, 0x00, 0x00, 0x00, 0x00, 0x00, 0x00, 0x00, 0x00, 0x00, 0x00, 0x00, 0x00, 0x00,
    0xff, 0xff, 0xff, 0xff, 0x17, 0xce, 0xc9, 0x72, 0x00, 0x51, 0x00, 0x59, 0xc1, 0x79, 0x02, 0x82,
    0x60, 0x69, 0xc0, 0x48, 0x67, 0x6a, 0xfb, 0xe6, 0xff, 0xff, 0x00, 0x00, 0x00, 0x00, 0x00, 0x00,
    0x00, 0x00, 0x00, 0x00, 0x00, 0x00, 0x00, 0x00, 0x00, 0x00, 0x00, 0x00, 0x00, 0x00, 0x00, 0x00,
    0x00, 0x00, 0x00, 0x00, 0x00, 0x00, 0x00, 0x00, 0x00, 0x00, 0x00, 0x00, 0x00, 0x00, 0x00, 0x00,
    0x00, 0x00, 0x00, 0x00, 0x00, 0x00, 0x00, 0x00, 0x00, 0x00, 0x00, 0x00, 0xff, 0xff, 0xff, 0xff,
    0x5d, 0xef, 0x6b, 0x83, 0x20, 0x51, 0xc0, 0x79, 0x66, 0xb3, 0xeb, 0xdc, 0x2c, 0xe5, 0x8a, 0xd4,
    0x66, 0xb3, 0x22, 0x8a, 0x00, 0x59, 0xe5, 0x59, 0x5c, 0xef, 0xff, 0xff, 0x00, 0x00, 0x00, 0x00,
    0x00, 0x00, 0x00, 0x00, 0x00, 0x00, 0x00, 0x00, 0x00, 0x00, 0x00, 0x00, 0x00, 0x00, 0x00, 0x00,
    0x00, 0x00, 0x00, 0x00, 0x00, 0x00, 0x00, 0x00, 0x00, 0x00, 0x00, 0x00, 0x00, 0x00, 0x00, 0x00,
    0x00, 0x00, 0x00, 0x00, 0x00, 0x00, 0x00, 0x00, 0x00, 0x00, 0xff, 0xff, 0xff, 0xff, 0x37, 0xd6,
    0xc4, 0x61, 0x60, 0x69, 0x81, 0x9a, 0x44, 0xb3, 0xaa, 0xd4, 0x8a, 0xd4, 0xc4, 0xa2, 0x21, 0x8a,
    0x01, 0x8a, 0xe1, 0x81, 0x03, 0x82, 0xc0, 0x48, 0x4b, 0x7b, 0xff, 0xff, 0xff, 0xff, 0x00, 0x00,
    0x00, 0x00, 0x00, 0x00, 0x00, 0x00, 0x00, 0x00, 0x00, 0x00, 0x00, 0x00, 0x00, 0x00, 0x00, 0x00,
    0x00, 0x00, 0x00, 0x00, 0x00, 0x00, 0x00, 0x00, 0x00, 0x00, 0x00, 0x00, 0x00, 0x00, 0x00, 0x00,
    0x00, 0x00, 0x00, 0x00, 0x00, 0x00, 0x00, 0x00, 0xff, 0xff, 0xdf, 0xff, 0x74, 0xbd, 0x41, 0x51,
    0x01, 0x82, 0xe3, 0xaa, 0x28, 0xcc, 0xeb, 0xdc, 0xe4, 0xa2, 0x00, 0x8a, 0x81, 0xa2, 0x62, 0x9a,
    0x21, 0x8a, 0x01, 0x8a, 0xa1, 0x71, 0xc3, 0x71, 0xc0, 0x40, 0x59, 0xd6, 0xff, 0xff, 0x00, 0x00,
    0x00, 0x00, 0x00, 0x00, 0x00, 0x00, 0x00, 0x00, 0x00, 0x00, 0x00, 0x00, 0x00, 0x00, 0x00, 0x00,
    0x00, 0x00, 0x00, 0x00, 0x00, 0x00, 0x00, 0x00, 0x00, 0x00, 0x00, 0x00, 0x00, 0x00, 0x00, 0x00,
    0x00, 0x00, 0x00, 0x00, 0x00, 0x00, 0xff, 0xff, 0xdf, 0xff, 0x74, 0xbd, 0x00, 0x51, 0x42, 0x92,
    0x24, 0xab, 0x8e, 0xe5, 0x31, 0xf6, 0x51, 0xfe, 0x86, 0xb3, 0x21, 0x92, 0xc2, 0xa2, 0x42, 0x92,
    0x41, 0x9a, 0x01, 0x8a, 0xa1, 0x71, 0xc3, 0x79, 0xe0, 0x48, 0x4b, 0x83, 0xff, 0xff, 0x00, 0x00,
    0x00, 0x00, 0x00, 0x00, 0x00, 0x00, 0x00, 0x00, 0x00, 0x00, 0x00, 0x00, 0x00, 0x00, 0x00, 0x00,
    0x00, 0x00, 0x00, 0x00, 0x00, 0x00, 0x00, 0x00, 0x00, 0x00, 0x00, 0x00, 0x00, 0x00, 0x00, 0x00,
    0x00, 0x00, 0x00, 0x00, 0xff, 0xff, 0xff, 0xff, 0xf6, 0xcd, 0x20, 0x51, 0x42, 0x92, 0xe3, 0xa2,
    0xaf, 0xe5, 0x51, 0xfe, 0x30, 0xf6, 0x4d, 0xe5, 0x62, 0x92, 0x41, 0x92, 0x21, 0x8a, 0x61, 0x92,
    0x62, 0x9a, 0x01, 0x8a, 0xa1, 0x79, 0xa1, 0x71, 0x82, 0x69, 0x83, 0x51, 0x9e, 0xf7, 0xff, 0xff,
    0x00, 0x00, 0x00, 0x00, 0x00, 0x00, 0x00, 0x00, 0x00, 0x00, 0x00, 0x00, 0x00, 0x00, 0x00, 0x00,
    0x00, 0x00, 0x00, 0x00, 0x00, 0x00, 0x00, 0x00, 0x00, 0x00, 0x00, 0x00, 0x00, 0x00, 0x00, 0x00,
    0x00, 0x00, 0x00, 0x00, 0xff, 0xff, 0xfb, 0xe6, 0x82, 0x59, 0x21, 0x8a, 0x62, 0x9a, 0x8a, 0xcc,
    0x51, 0xfe, 0x10, 0xf6, 0x8e, 0xed, 0xc3, 0xa2, 0x81, 0xa2, 0x62, 0x9a, 0x01, 0x8a, 0x82, 0x9a,
    0x61, 0x9a, 0x01, 0x8a, 0xa1, 0x71, 0x81, 0x69, 0xc3, 0x71, 0xc0, 0x40, 0x17, 0xce, 0xff, 0xff,
    0x00, 0x00, 0x00, 0x00, 0x00, 0x00, 0x00, 0x00, 0x00, 0x00, 0x00, 0x00, 0x00, 0x00, 0x00, 0x00,
    0x00, 0x00, 0x00, 0x00, 0x00, 0x00, 0x00, 0x00, 0x00, 0x00, 0x00, 0x00, 0x00, 0x00, 0x00, 0x00,
    0x00, 0x00, 0xff, 0xff, 0xdf, 0xff, 0xa8, 0x72, 0x80, 0x71, 0x82, 0x9a, 0x25, 0xab, 0x2c, 0xe5,
    0x8e, 0xed, 0xcb, 0xd4, 0xa3, 0x9a, 0x81, 0x9a, 0xe2, 0xb2, 0x21, 0x8a, 0x41, 0x92, 0x81, 0x9a,
    0x01, 0x8a, 0xc1, 0x79, 0xa1, 0x71, 0x61, 0x69, 0xc3, 0x71, 0xc0, 0x48, 0x70, 0x9c, 0xff, 0xff,
    0x00, 0x00, 0x00, 0x00, 0x00, 0x00, 0x00, 0x00, 0x00, 0x00, 0x00, 0x00, 0x00, 0x00, 0x00, 0x00,
    0x00, 0x00, 0x00, 0x00, 0x00, 0x00, 0x00, 0x00, 0x00, 0x00, 0x00, 0x00, 0x00, 0x00, 0x00, 0x00,
    0x00, 0x00, 0xff, 0xff, 0x12, 0xb5, 0x00, 0x51, 0x62, 0x92, 0x21, 0x8a, 0x89, 0xd4, 0x48, 0xcc,
    0xc3, 0xa2, 0x41, 0x92, 0x61, 0x9a, 0xc2, 0xaa, 0x62, 0x9a, 0x01, 0x8a, 0x61, 0x9a, 0x61, 0x9a,
    0xc1, 0x79, 0xa1, 0x71, 0xa1, 0x71, 0x81, 0x69, 0xc3, 0x71, 0x01, 0x51, 0x4b, 0x7b, 0xff, 0xff,
    0x00, 0x00, 0x00, 0x00, 0x00, 0x00, 0x00, 0x00, 0x00, 0x00, 0x00, 0x00, 0x00, 0x00, 0x00, 0x00,
    0x00, 0x00, 0x00, 0x00, 0x00, 0x00, 0x00, 0x00, 0x00, 0x00, 0x00, 0x00, 0x00, 0x00, 0x00, 0x00,
    0xff, 0xff, 0x7d, 0xef, 0xc3, 0x59, 0xe1, 0x81, 0x83, 0x8a, 0x42, 0x8a, 0xc7, 0xbb, 0xa3, 0xa2,
    0x41, 0x92, 0xa2, 0xa2, 0xa2, 0xa2, 0x62, 0x9a, 0x41, 0x92, 0x41, 0x92, 0x61, 0x9a, 0x41, 0x92,
    0xc1, 0x79, 0xc1, 0x79, 0x81, 0x71, 0x61, 0x69, 0xa3, 0x69, 0x22, 0x59, 0xa8, 0x6a, 0xff, 0xff,
    0x00, 0x00, 0x00, 0x00, 0x00, 0x00, 0x00, 0x00, 0x00, 0x00, 0x00, 0x00, 0x00, 0x00, 0x00, 0x00,
    0x00, 0x00, 0x00, 0x00, 0x00, 0x00, 0x00, 0x00, 0x00, 0x00, 0x00, 0x00, 0x00, 0x00, 0x00, 0x00,
    0xff, 0xff, 0xb1, 0xa4, 0xe0, 0x50, 0x46, 0x9b, 0xe9, 0xa3, 0x00, 0x8a, 0x41, 0x92, 0x41, 0x92,
    0x62, 0x9a, 0x61, 0x9a, 0x61, 0x9a, 0x41, 0x92, 0x41, 0x92, 0x61, 0x9a, 0x41, 0x92, 0x01, 0x82,
    0xe1, 0x81, 0xc1, 0x79, 0x61, 0x61, 0x41, 0x61, 0xa2, 0x69, 0x42, 0x59, 0x47, 0x62, 0xff, 0xff,
    0x00, 0x00, 0x00, 0x00, 0x00, 0x00, 0x00, 0x00, 0x00, 0x00, 0x00, 0x00, 0x00, 0x00, 0x00, 0x00,
    0x00, 0x00, 0x00, 0x00, 0x00, 0x00, 0x00, 0x00, 0x00, 0x00, 0x00, 0x00, 0x00, 0x00, 0xff, 0xff,
    0xdf, 0xff, 0x45, 0x6a, 0x40, 0x69, 0x6f, 0xc5, 0x46, 0x9b, 0x00, 0x92, 0x42, 0x92, 0x41, 0x92,
    0x21, 0x92, 0x21, 0x92, 0x21, 0x92, 0x21, 0x92, 0x41, 0x92, 0x41, 0x92, 0x01, 0x8a, 0xe1, 0x81,
    0xe1, 0x81, 0xa1, 0x71, 0x61, 0x61, 0x41, 0x61, 0xa3, 0x69, 0x63, 0x61, 0x26, 0x5a, 0xff, 0xff,
    0x00, 0x00, 0x00, 0x00, 0x00, 0x00, 0x00, 0x00, 0x00, 0x00, 0x00, 0x00, 0x00, 0x00, 0x00, 0x00,
    0x00, 0x00, 0x00, 0x00, 0x00, 0x00, 0x00, 0x00, 0x00, 0x00, 0x00, 0x00, 0x00, 0x00, 0xff, 0xff,
    0x59, 0xd6, 0x00, 0x51, 0x84, 0x82, 0x93, 0xde, 0x22, 0x82, 0x21, 0x92, 0x41, 0x92, 0x41, 0x92,
    0x21, 0x92, 0x21, 0x8a, 0x21, 0x8a, 0x41, 0x92, 0x41, 0x92, 0x01, 0x8a, 0xe1, 0x81, 0xe1, 0x81,
    0xe1, 0x81, 0x81, 0x69, 0x61, 0x61, 0x41, 0x61, 0xa3, 0x69, 0x63, 0x61, 0x26, 0x62, 0xff, 0xff,
    0x00, 0x00, 0x00, 0x00, 0x00, 0x00, 0x00, 0x00, 0x00, 0x00, 0x00, 0x00, 0x00, 0x00, 0x00, 0x00,
    0x00, 0x00, 0x00, 0x00, 0x00, 0x00, 0x00, 0x00, 0x00, 0x00, 0x00, 0x00, 0x00, 0x00, 0xff, 0xff,
    0x90, 0xa4, 0xa0, 0x48, 0xc9, 0x9b, 0xb4, 0xde, 0xa1, 0x79, 0x41, 0x92, 0x21, 0x8a, 0x21, 0x8a,
    0x21, 0x8a, 0x21, 0x8a, 0x21, 0x8a, 0x21, 0x92, 0x01, 0x8a, 0xe1, 0x81, 0xe1, 0x81, 0xe1, 0x81,
    0xc1, 0x79, 0x61, 0x61, 0x61, 0x61, 0x41, 0x61, 0xc4, 0x71, 0x42, 0x59, 0x88, 0x6a, 0xff, 0xff,
    0x00, 0x00, 0x00, 0x00, 0x00, 0x00, 0x00, 0x00, 0x00, 0x00, 0x00, 0x00, 0x00, 0x00, 0x00, 0x00,
    0x00, 0x00, 0x00, 0x00, 0x00, 0x00, 0x00, 0x00, 0x00, 0x00, 0x00, 0x00, 0x10, 0xbe, 0xff, 0xff,
    0x4b, 0x83, 0xa0, 0x50, 0x2b, 0x9c, 0x35, 0xef, 0x81, 0x69, 0x41, 0x92, 0x21, 0x8a, 0x21, 0x92,
    0x21, 0x8a, 0x21, 0x8a, 0x01, 0x8a, 0x01, 0x82, 0xe1, 0x81, 0xe1, 0x81, 0xe1, 0x81, 0xe1, 0x81,
    0x81, 0x71, 0x41, 0x61, 0x61, 0x69, 0x21, 0x59, 0x05, 0x7a, 0x21, 0x51, 0x2b, 0x7b, 0xff, 0xff,
    0x00, 0x00, 0x00, 0x00, 0x00, 0x00, 0x00, 0x00, 0x00, 0x00, 0x00, 0x00, 0x00, 0x00, 0x00, 0x00,
    0x00, 0x00, 0x00, 0x00, 0x00, 0x00, 0x00, 0x00, 0x00, 0x00, 0x00, 0x00, 0xff, 0xff, 0xff, 0xff,
    0x87, 0x72, 0x20, 0x61, 0x45, 0x6a, 0xb2, 0xff, 0xa6, 0x9b, 0x60, 0x69, 0x41, 0x92, 0x01, 0x8a,
    0x01, 0x82, 0x01, 0x82, 0xe1, 0x81, 0x01, 0x8a, 0xe1, 0x79, 0xe1, 0x81, 0xe1, 0x81, 0xc1, 0x79,
    0x41, 0x61, 0x61, 0x61, 0x61, 0x61, 0x21, 0x59, 0x25, 0x82, 0x00, 0x49, 0x2f, 0x94, 0xff, 0xff,
    0x00, 0x00, 0x00, 0x00, 0x00, 0x00, 0x00, 0x00, 0x00, 0x00, 0x00, 0x00, 0x00, 0x00, 0x00, 0x00,
    0x00, 0x00, 0x00, 0x00, 0x00, 0x00, 0x00, 0x00, 0x00, 0x00, 0x00, 0x00, 0xff, 0xff, 0xff, 0xff,
    0x26, 0x62, 0x80, 0x71, 0x20, 0x59, 0xc8, 0x93, 0x4f, 0xff, 0x43, 0x72, 0xa1, 0x71, 0xe1, 0x81,
    0xe1, 0x79, 0xe1, 0x81, 0x01, 0x82, 0xe1, 0x81, 0xc1, 0x79, 0xe1, 0x81, 0xe1, 0x81, 0x81, 0x69,
    0x41, 0x61, 0x41, 0x59, 0x21, 0x51, 0x62, 0x61, 0x45, 0x82, 0xc0, 0x40, 0xb6, 0xbd, 0xff, 0xff,
    0x00, 0x00, 0x00, 0x00, 0x00, 0x00, 0x00, 0x00, 0x00, 0x00, 0x00, 0x00, 0x00, 0x00, 0x00, 0x00,
    0x00, 0x00, 0x00, 0x00, 0x00, 0x00, 0x00, 0x00, 0x00, 0x00, 0x00, 0x00, 0x00, 0x00, 0xff, 0xff,
    0x67, 0x6a, 0x40, 0x61, 0xc1, 0x79, 0x20, 0x39, 0x8e, 0xe6, 0x48, 0xb4, 0x20, 0x61, 0x01, 0x82,
    0xe1, 0x81, 0xe1, 0x81, 0xe1, 0x79, 0xc1, 0x79, 0xe1, 0x81, 0xe1, 0x81, 0x81, 0x69, 0x41, 0x59,
    0x61, 0x61, 0x21, 0x51, 0x21, 0x51, 0xc3, 0x71, 0x24, 0x7a, 0x22, 0x41, 0x7d, 0xf7, 0xff, 0xff,
    0x00, 0x00, 0x00, 0x00, 0x00, 0x00, 0x00, 0x00, 0x00, 0x00, 0x00, 0x00, 0x00, 0x00, 0x00, 0x00,
    0x00, 0x00, 0x00, 0x00, 0x00, 0x00, 0x00, 0x00, 0x00, 0x00, 0x00, 0x00, 0x00, 0x00, 0xff, 0xff,
    0x4a, 0x7b, 0x00, 0x59, 0x81, 0x69, 0xc0, 0x5a, 0xac, 0xee, 0x66, 0x93, 0x40, 0x69, 0xe1, 0x81,
    0xc1, 0x79, 0xc1, 0x79, 0xc1, 0x79, 0xc1, 0x79, 0xc1, 0x79, 0x61, 0x69, 0x21, 0x51, 0x21, 0x51,
    0x21, 0x51, 0x01, 0x51, 0x21, 0x59, 0x44, 0x82, 0x61, 0x59, 0xa9, 0x6a, 0xff, 0xff, 0x00, 0x00,
    0x00, 0x00, 0x00, 0x00, 0x00, 0x00, 0x00, 0x00, 0x00, 0x00, 0x00, 0x00, 0x00, 0x00, 0x00, 0x00,
    0x00, 0x00, 0x00, 0x00, 0x00, 0x00, 0x00, 0x00, 0x00, 0x00, 0x00, 0x00, 0x00, 0x00, 0xff, 0xff,
    0xb1, 0xac, 0xc0, 0x48, 0x41, 0x61, 0x02, 0x5a, 0x88, 0xdd, 0xc2, 0x69, 0xa1, 0x71, 0xc1, 0x79,
    0xe1, 0x79, 0xc1, 0x79, 0xc1, 0x79, 0x81, 0x71, 0x41, 0x61, 0x00, 0x51, 0x21, 0x51, 0x21, 0x51,
    0x01, 0x51, 0x00, 0x51, 0xa2, 0x69, 0x84, 0x8a, 0xa0, 0x38, 0x95, 0xbd, 0xff, 0xff, 0x00, 0x00,
    0x00, 0x00, 0x00, 0x00, 0x00, 0x00, 0x00, 0x00, 0x00, 0x00, 0x00, 0x00, 0x00, 0x00, 0x00, 0x00,
    0x00, 0x00, 0x00, 0x00, 0x00, 0x00, 0x00, 0x00, 0x00, 0x00, 0x00, 0x00, 0x00, 0x00, 0xff, 0xff,
    0xfb, 0xe6, 0x21, 0x49, 0x61, 0x61, 0x41, 0x51, 0xe5, 0xb3, 0x61, 0x61, 0x81, 0x69, 0xa1, 0x71,
    0xa1, 0x71, 0x81, 0x69, 0x61, 0x61, 0x41, 0x61, 0x20, 0x51, 0x21, 0x59, 0x81, 0x69, 0x01, 0x51,
    0x00, 0x49, 0x41, 0x59, 0x64, 0x82, 0x81, 0x61, 0xe6, 0x51, 0xdf, 0xff, 0xff, 0xff, 0x00, 0x00,
    0x00, 0x00, 0x00, 0x00, 0x00, 0x00, 0x00, 0x00, 0x00, 0x00, 0x00, 0x00, 0x00, 0x00, 0x00, 0x00,
    0x00, 0x00, 0x00, 0x00, 0x00, 0x00, 0x00, 0x00, 0x00, 0x00, 0x00, 0x00, 0x00, 0x00, 0x00, 0x00,
    0xff, 0xff, 0xac, 0x8b, 0xc0, 0x48, 0x61, 0x59, 0x83, 0x7a, 0xa2, 0x61, 0x20, 0x59, 0x41, 0x59,
    0x41, 0x59, 0x41, 0x59, 0x20, 0x59, 0x00, 0x51, 0x00, 0x49, 0x21, 0x59, 0x21, 0x59, 0x00, 0x49,
    0x21, 0x51, 0x23, 0x7a, 0x64, 0x82, 0x60, 0x30, 0xf6, 0xc5, 0xff, 0xff, 0x00, 0x00, 0x00, 0x00,
    0x00, 0x00, 0x00, 0x00, 0x00, 0x00, 0x00, 0x00, 0x00, 0x00, 0x00, 0x00, 0x00, 0x00, 0x00, 0x00,
    0x00, 0x00, 0x00, 0x00, 0x00, 0x00, 0x00, 0x00, 0x00, 0x00, 0x00, 0x00, 0x00, 0x00, 0x00, 0x00,
    0xff, 0xff, 0x5d, 0xef, 0xc5, 0x59, 0xc0, 0x48, 0xa2, 0x61, 0x41, 0x51, 0x00, 0x51, 0x00, 0x51,
    0x00, 0x51, 0x20, 0x51, 0x00, 0x51, 0x21, 0x51, 0x00, 0x51, 0xe0, 0x48, 0xe0, 0x48, 0x21, 0x51,
    0x03, 0x72, 0x85, 0x82, 0x60, 0x30, 0xee, 0x8b, 0xdf, 0xff, 0x00, 0x00, 0x00, 0x00, 0x00, 0x00,
    0x00, 0x00, 0x00, 0x00, 0x00, 0x00, 0x00, 0x00, 0x00, 0x00, 0x00, 0x00, 0x00, 0x00, 0x00, 0x00,
    0x00, 0x00, 0x00, 0x00, 0x00, 0x00, 0x00, 0x00, 0x00, 0x00, 0x00, 0x00, 0x00, 0x00, 0x00, 0x00,
    0x00, 0x00, 0xff, 0xff, 0xda, 0xde, 0xe5, 0x59, 0x80, 0x40, 0x00, 0x51, 0x61, 0x59, 0x00, 0x51,
    0xe0, 0x48, 0x00, 0x49, 0x00, 0x49, 0x00, 0x51, 0x00, 0x49, 0x21, 0x51, 0xa2, 0x61, 0x64, 0x82,
    0x44, 0x7a, 0x60, 0x38, 0x4b, 0x7b, 0xdf, 0xff, 0xdc, 0xf7, 0x00, 0x00, 0x00, 0x00, 0x00, 0x00,
    0x00, 0x00, 0x00, 0x00, 0x00, 0x00, 0x00, 0x00, 0x00, 0x00, 0x00, 0x00, 0x00, 0x00, 0x00, 0x00,
    0x00, 0x00, 0x00, 0x00, 0x00, 0x00, 0x00, 0x00, 0x00, 0x00, 0x00, 0x00, 0x00, 0x00, 0x00, 0x00,
    0x00, 0x00, 0x00, 0x00, 0xff, 0xff, 0x7e, 0xf7, 0xee, 0x8b, 0x43, 0x49, 0xa0, 0x40, 0x61, 0x61,
    0xa2, 0x61, 0x82, 0x61, 0x62, 0x61, 0xa2, 0x61, 0xe3, 0x71, 0x44, 0x7a, 0x44, 0x7a, 0x41, 0x51,
    0xa0, 0x30, 0x0f, 0x94, 0xdf, 0xff, 0xfe, 0xff, 0x00, 0x00, 0x00, 0x00, 0x00, 0x00, 0x00, 0x00,
    0x00, 0x00, 0x00, 0x00, 0x00, 0x00, 0x00, 0x00, 0x00, 0x00, 0x00, 0x00, 0x00, 0x00, 0x00, 0x00,
    0x00, 0x00, 0x00, 0x00, 0x00, 0x00, 0x00, 0x00, 0x00, 0x00, 0x00, 0x00, 0x00, 0x00, 0x00, 0x00,
    0x00, 0x00, 0x00, 0x00, 0x00, 0x00, 0xff, 0xff, 0xff, 0xff, 0x5d, 0xef, 0xad, 0x8b, 0x01, 0x41,
    0xc0, 0x40, 0x00, 0x51, 0x20, 0x59, 0x61, 0x59, 0x40, 0x51, 0xe0, 0x40, 0xc0, 0x38, 0x88, 0x6a,
    0x38, 0xce, 0xff, 0xff, 0xfd, 0xff, 0x00, 0x00, 0x00, 0x00, 0x00, 0x00, 0x00, 0x00, 0x00, 0x00,
    0x00, 0x00, 0x00, 0x00, 0x00, 0x00, 0x00, 0x00, 0x00, 0x00, 0x00, 0x00, 0x00, 0x00, 0x00, 0x00,
    0x00, 0x00, 0x00, 0x00, 0x00, 0x00, 0x00, 0x00, 0x00, 0x00, 0x00, 0x00, 0x00, 0x00, 0x00, 0x00,
    0x00, 0x00, 0x00, 0x00, 0x00, 0x00, 0x00, 0x00, 0x00, 0x00, 0xff, 0xff, 0xff, 0xff, 0xfb, 0xe6,
    0xb2, 0xa4, 0x4b, 0x7b, 0xa8, 0x6a, 0x88, 0x6a, 0x2b, 0x7b, 0x91, 0x9c, 0x9a, 0xde, 0xff, 0xff,
    0xff, 0xff, 0x00, 0x00, 0x00, 0x00, 0x00, 0x00, 0x00, 0x00, 0x00, 0x00, 0x00, 0x00, 0x00, 0x00,
    0x00, 0x00, 0x00, 0x00, 0x00, 0x00, 0x00, 0x00, 0x00, 0x00, 0x00, 0x00, 0x00, 0x00, 0x00, 0x00,
    0x00, 0x00, 0x00, 0x00, 0x00, 0x00, 0x00, 0x00, 0x00, 0x00, 0x00, 0x00, 0x00, 0x00, 0x00, 0x00,
    0x00, 0x00, 0x00, 0x00, 0x00, 0x00, 0x00, 0x00, 0x00, 0x00, 0x00, 0x00, 0x00, 0x00, 0xff, 0xff,
    0xff, 0xff, 0xff, 0xff, 0xff, 0xff, 0xff, 0xff, 0xff, 0xff, 0xff, 0xff, 0xff, 0xff, 0x00, 0x00,
    0x00, 0x00, 0x00, 0x00, 0x00, 0x00, 0x00, 0x00, 0x00, 0x00, 0x00, 0x00, 0x00, 0x00, 0x00, 0x00,
    0x00, 0x00, 0x00, 0x00, 0x00, 0x00, 0x00, 0x00, 0x00, 0x00, 0x00, 0x00, 0x00, 0x00, 0x00, 0x00,
    0x00, 0x00, 0x00, 0x00, 0x00, 0x00, 0x00, 0x00, 0x00, 0x00, 0x00, 0x00, 0x00, 0x00, 0x00, 0x00,
    0x00, 0x00, 0x00, 0x00, 0x00, 0x00, 0x00, 0x00, 0x00, 0x00, 0x00, 0x00, 0x00, 0x00, 0x00, 0x00,
    0x00, 0x00, 0x00, 0x00, 0x00, 0x00, 0x00, 0x00, 0x00, 0x00, 0x00, 0x00, 0x00, 0x00, 0x00, 0x00,
    0x00, 0x00, 0x00, 0x00, 0x00, 0x00, 0x00, 0x00, 0x00, 0x00, 0x00, 0x00, 0x00, 0x00, 0x00, 0x00,
    0x00, 0x00, 0x00, 0x00, 0x00, 0x00, 0x00, 0x00, 0x00, 0x00, 0x00, 0x00, 0x00, 0x00, 0x00, 0x00,
    0x00, 0x00, 0x00, 0x00, 0x00, 0x00, 0x00, 0x00, 0x00, 0x00, 0x00, 0x00, 0x00, 0x00, 0x00, 0x00,
    0x00, 0x00, 0x00, 0x00, 0x00, 0x00, 0xff, 0xff, 0xff, 0x00, 0x00, 0x00, 0x00, 0x00, 0x00, 0x00,
    0x00, 0x00, 0x00, 0x00, 0x00, 0x00, 0x00, 0x00, 0x00, 0x00, 0x00, 0x00, 0x00, 0x00, 0x00, 0x00,
    0x00, 0x00, 0x00, 0x00, 0x00, 0x00, 0x00, 0x00, 0x00, 0x00, 0x00, 0xff, 0xff, 0xff, 0xff, 0xff,
    0xff, 0xff, 0xff, 0x00, 0x00, 0x00, 0x00, 0x00, 0x00, 0x00, 0x00, 0x00, 0x00, 0x00, 0x00, 0x00,
    0x00, 0x00, 0x00, 0x00, 0x00, 0x00, 0x00, 0x00, 0x00, 0x00, 0x00, 0x00, 0x00, 0x00, 0x00, 0x00,
    0x00, 0xff, 0xff, 0xff, 0xff, 0xff, 0xff, 0xff, 0xff, 0xff, 0xff, 0xff, 0xff, 0x00, 0x00, 0x00,
    0x00, 0x00, 0x00, 0x00, 0x00, 0x00, 0x00, 0x00, 0x00, 0x00, 0x00, 0x00, 0x00, 0x00, 0x00, 0x00,
    0x00, 0x00, 0x00, 0x00, 0x00, 0x00, 0x00, 0x00, 0xff, 0xff, 0xff, 0xff, 0xff, 0xff, 0xff, 0xff,
    0xff, 0xff, 0xff, 0xff, 0xff, 0x00, 0x00, 0x00, 0x00, 0x00, 0x00, 0x00, 0x00, 0x00, 0x00, 0x00,
    0x00, 0x00, 0x00, 0x00, 0x00, 0x00, 0x00, 0x00, 0x00, 0x00, 0x00, 0x00, 0x00, 0x00, 0xff, 0xff,
    0xff, 0xff, 0xff, 0xff, 0xff, 0xff, 0xff, 0xff, 0xff, 0xff, 0xff, 0xff, 0xff, 0xff, 0x00, 0x00,
    0x00, 0x00, 0x00, 0x00, 0x00, 0x00, 0x00, 0x00, 0x00, 0x00, 0x00, 0x00, 0x00, 0x00, 0x00, 0x00,
    0x00, 0x00, 0x00, 0x00, 0x00, 0xff, 0xff, 0xff, 0xff, 0xff, 0xff, 0xff, 0xff, 0xff, 0xff, 0xff,
    0xff, 0xff, 0xff, 0xff, 0xff, 0xff, 0xff, 0x00, 0x00, 0x00, 0x00, 0x00, 0x00, 0x00, 0x00, 0x00,
    0x00, 0x00, 0x00, 0x00, 0x00, 0x00, 0x00, 0x00, 0x00, 0x00, 0x00, 0x00, 0xff, 0xff, 0xff, 0xff,
    0xff, 0xff, 0xff, 0xff, 0xff, 0xff, 0xff, 0xff, 0xff, 0xff, 0xff, 0xff, 0xff, 0xff, 0xff, 0x00,
    0x00, 0x00, 0x00, 0x00, 0x00, 0x00, 0x00, 0x00, 0x00, 0x00, 0x00, 0x00, 0x00, 0x00, 0x00, 0x00,
    0x00, 0x00, 0x00, 0xff, 0xff, 0xff, 0xff, 0xff, 0xff, 0xff, 0xff, 0xff, 0xff, 0xff, 0xff, 0xff,
    0xff, 0xff, 0xff, 0xff, 0xff, 0xff, 0xff, 0x00, 0x00, 0x00, 0x00, 0x00, 0x00, 0x00, 0x00, 0x00,
    0x00, 0x00, 0x00, 0x00, 0x00, 0x00, 0x00, 0x00, 0x00, 0x00, 0xff, 0xff, 0xff, 0xff, 0xff, 0xff,
    0xff, 0xff, 0xff, 0xff, 0xff, 0xff, 0xff, 0xff, 0xff, 0xff, 0xff, 0xff, 0xff, 0xff, 0xff, 0xff,
    0x00, 0x00, 0x00, 0x00, 0x00, 0x00, 0x00, 0x00, 0x00, 0x00, 0x00, 0x00, 0x00, 0x00, 0x00, 0x00,
    0x00, 0x00, 0xff, 0xff, 0xff, 0xff, 0xff, 0xff, 0xff, 0xff, 0xff, 0xff, 0xff, 0xff, 0xff, 0xff,
    0xff, 0xff, 0xff, 0xff, 0xff, 0xff, 0xff, 0xff, 0x00, 0x00, 0x00, 0x00, 0x00, 0x00, 0x00, 0x00,
    0x00, 0x00, 0x00, 0x00, 0x00, 0x00, 0x00, 0x00, 0x00, 0xff, 0xff, 0xff, 0xff, 0xff, 0xff, 0xff,
    0xff, 0xff, 0xff, 0xff, 0xff, 0xff, 0xff, 0xff, 0xff, 0xff, 0xff, 0xff, 0xff, 0xff, 0xff, 0xff,
    0x00, 0x00, 0x00, 0x00, 0x00, 0x00, 0x00, 0x00, 0x00, 0x00, 0x00, 0x00, 0x00, 0x00, 0x00, 0x00,
    0x00, 0xff, 0xff, 0xff, 0xff, 0xff, 0xff, 0xff, 0xff, 0xff, 0xff, 0xff, 0xff, 0xff, 0xff, 0xff,
    0xff, 0xff, 0xff, 0xff, 0xff, 0xff, 0xff, 0xff, 0x00, 0x00, 0x00, 0x00, 0x00, 0x00, 0x00, 0x00,
    0x00, 0x00, 0x00, 0x00, 0x00, 0x00, 0x00, 0x00, 0xff, 0xff, 0xff, 0xff, 0xff, 0xff, 0xff, 0xff,
    0xff, 0xff, 0xff, 0xff, 0xff, 0xff, 0xff, 0xff, 0xff, 0xff, 0xff, 0xff, 0xff, 0xff, 0xff, 0xff,
    0x00, 0x00, 0x00, 0x00, 0x00, 0x00, 0x00, 0x00, 0x00, 0x00, 0x00, 0x00, 0x00, 0x00, 0x00, 0x00,
    0xff, 0xff, 0xff, 0xff, 0xff, 0xff, 0xff, 0xff, 0xff, 0xff, 0xff, 0xff, 0xff, 0xff, 0xff, 0xff,
    0xff, 0xff, 0xff, 0xff, 0xff, 0xff, 0xff, 0xff, 0x00, 0x00, 0x00, 0x00, 0x00, 0x00, 0x00, 0x00,
    0x00, 0x00, 0x00, 0x00, 0x00, 0x00, 0x00, 0xff, 0xff, 0xff, 0xff, 0xff, 0xff, 0xff, 0xff, 0xff,
    0xff, 0xff, 0xff, 0xff, 0xff, 0xff, 0xff, 0xff, 0xff, 0xff, 0xff, 0xff, 0xff, 0xff, 0xff, 0xff,
    0x00, 0x00, 0x00, 0x00, 0x00, 0x00, 0x00, 0x00, 0x00, 0x00, 0x00, 0x00, 0x00, 0x00, 0x00, 0xff,
    0xff, 0xff, 0xff, 0xff, 0xff, 0xff, 0xff, 0xff, 0xff, 0xff, 0xff, 0xff, 0xff, 0xff, 0xff, 0xff,
    0xff, 0xff, 0xff, 0xff, 0xff, 0xff, 0xff, 0xff, 0x00, 0x00, 0x00, 0x00, 0x00, 0x00, 0x00, 0x00,
    0x00, 0x00, 0x00, 0x00, 0x00, 0x00, 0x00, 0xff, 0xff, 0xff, 0xff, 0xff, 0xff, 0xff, 0xff, 0xff,
    0xff, 0xff, 0xff, 0xff, 0xff, 0xff, 0xff, 0xff, 0xff, 0xff, 0xff, 0xff, 0xff, 0xff, 0xff, 0xff,
    0x00, 0x00, 0x00, 0x00, 0x00, 0x00, 0x00, 0x00, 0x00, 0x00, 0x00, 0x00, 0x00, 0x00, 0xff, 0xff,
    0xff, 0xff, 0xff, 0xff, 0xff, 0xff, 0xff, 0xff, 0xff, 0xff, 0xff, 0xff, 0xff, 0xff, 0xff, 0xff,
    0xff, 0xff, 0xff, 0xff, 0xff, 0xff, 0xff, 0xff, 0x00, 0x00, 0x00, 0x00, 0x00, 0x00, 0x00, 0x00,
    0x00, 0x00, 0x00, 0x00, 0x00, 0x00, 0xff, 0xff, 0xff, 0xff, 0xff, 0xff, 0xff, 0xff, 0xff, 0xff,
    0xff, 0xff, 0xff, 0xff, 0xff, 0xff, 0xff, 0xff, 0xff, 0xff, 0xff, 0xff, 0xff, 0xff, 0xff, 0xff,
    0x00, 0x00, 0x00, 0x00, 0x00, 0x00, 0x00, 0x00, 0x00, 0x00, 0x00, 0x00, 0x00, 0x00, 0xff, 0xff,
    0xff, 0xff, 0xff, 0xff, 0xff, 0xff, 0xff, 0xff, 0xff, 0xff, 0xff, 0xff, 0xff, 0xff, 0xff, 0xff,
    0xff, 0xff, 0xff, 0xff, 0xff, 0xff, 0xff, 0xff, 0x00, 0x00, 0x00, 0x00, 0x00, 0x00, 0x00, 0x00,
    0x00, 0x00, 0x00, 0x00, 0x00, 0x00, 0x00, 0xff, 0xff, 0xff, 0xff, 0xff, 0xff, 0xff, 0xff, 0xff,
    0xff, 0xff, 0xff, 0xff, 0xff, 0xff, 0xff, 0xff, 0xff, 0xff, 0xff, 0xff, 0xff, 0xff, 0xff, 0xff,
    0x00, 0x00, 0x00, 0x00, 0x00, 0x00, 0x00, 0x00, 0x00, 0x00, 0x00, 0x00, 0x00, 0x00, 0x00, 0xff,
    0xff, 0xff, 0xff, 0xff, 0xff, 0xff, 0xff, 0xff, 0xff, 0xff, 0xff, 0xff, 0xff, 0xff, 0xff, 0xff,
    0xff, 0xff, 0xff, 0xff, 0xff, 0xff, 0xff, 0x00, 0x00, 0x00, 0x00, 0x00, 0x00, 0x00, 0x00, 0x00,
    0x00, 0x00, 0x00, 0x00, 0x00, 0x00, 0x00, 0xff, 0xff, 0xff, 0xff, 0xff, 0xff, 0xff, 0xff, 0xff,
    0xff, 0xff, 0xff, 0xff, 0xff, 0xff, 0xff, 0xff, 0xff, 0xff, 0xff, 0xff, 0xff, 0xff, 0xff, 0x00,
    0x00, 0x00, 0x00, 0x00, 0x00, 0x00, 0x00, 0x00, 0x00, 0x00, 0x00, 0x00, 0x00, 0x00, 0x00, 0xff,
    0xff, 0xff, 0xff, 0xff, 0xff, 0xff, 0xff, 0xff, 0xff, 0xff, 0xff, 0xff, 0xff, 0xff, 0xff, 0xff,
    0xff, 0xff, 0xff, 0xff, 0xff, 0xff, 0xff, 0x00, 0x00, 0x00, 0x00, 0x00, 0x00, 0x00, 0x00, 0x00,
    0x00, 0x00, 0x00, 0x00, 0x00, 0x00, 0x00, 0x00, 0xff, 0xff, 0xff, 0xff, 0xff, 0xff, 0xff, 0xff,
    0xff, 0xff, 0xff, 0xff, 0xff, 0xff, 0xff, 0xff, 0xff, 0xff, 0xff, 0xff, 0xff, 0xff, 0x00, 0x00,
    0x00, 0x00, 0x00, 0x00, 0x00, 0x00, 0x00, 0x00, 0x00, 0x00, 0x00, 0x00, 0x00, 0x00, 0x00, 0x00,
    0xff, 0xff, 0xff, 0xff, 0xff, 0xff, 0xff, 0xff, 0xff, 0xff, 0xff, 0xff, 0xff, 0xff, 0xff, 0xff,
    0xff, 0xff, 0xff, 0xff, 0xff, 0x00, 0x00, 0x00, 0x00, 0x00, 0x00, 0x00, 0x00, 0x00, 0x00, 0x00,
    0x00, 0x00, 0x00, 0x00, 0x00, 0x00, 0x00, 0x00, 0x00, 0xff, 0xff, 0xff, 0xff, 0xff, 0xff, 0xff,
    0xff, 0xff, 0xff, 0xff, 0xff, 0xff, 0xff, 0xff, 0xff, 0xff, 0xff, 0xff, 0xff, 0x00, 0x00, 0x00,
    0x00, 0x00, 0x00, 0x00, 0x00, 0x00, 0x00, 0x00, 0x00, 0x00, 0x00, 0x00, 0x00, 0x00, 0x00, 0x00,
    0x00, 0x00, 0xff, 0xff, 0xff, 0xff, 0xff, 0xff, 0xff, 0xff, 0xff, 0xff, 0xff, 0xff, 0xff, 0xff,
    0xff, 0xff, 0xff, 0xff, 0x00, 0x00, 0x00, 0x00, 0x00, 0x00, 0x00, 0x00, 0x00, 0x00, 0x00, 0x00,
    0x00, 0x00, 0x00, 0x00, 0x00, 0x00, 0x00, 0x00, 0x00, 0x00, 0x00, 0xff, 0xff, 0xff, 0xff, 0xff,
    0xff, 0xff, 0xff, 0xff, 0xff, 0xff, 0xff, 0xff, 0xff, 0xff, 0xff, 0x00, 0x00, 0x00, 0x00, 0x00,
    0x00, 0x00, 0x00, 0x00, 0x00, 0x00, 0x00, 0x00, 0x00, 0x00, 0x00, 0x00, 0x00, 0x00, 0x00, 0x00,
    0x00, 0x00, 0x00, 0x00, 0x00, 0xff, 0xff, 0xff, 0xff, 0xff, 0xff, 0xff, 0xff, 0xff, 0xff, 0xff,
    0xff, 0x00, 0x00, 0x00, 0x00, 0x00, 0x00, 0x00, 0x00, 0x00, 0x00, 0x00, 0x00, 0x00, 0x00, 0x00,
    0x00, 0x00, 0x00, 0x00, 0x00, 0x00, 0x00, 0x00, 0x00, 0x00, 0x00, 0x00, 0x00, 0x00, 0x00, 0xff,
    0xff, 0xff, 0xff, 0xff, 0xff, 0xff, 0xff, 0x00, 0x00, 0x00, 0x00, 0x00, 0x00, 0x00, 0x00, 0x00,
    0x00, 0x00, 0x00, 0x00, 0x00, 0x00, 0x00, 0x00, 0x00, 0x00, 0x00, 0x00, 0x00, 0x00, 0x00, 0x00,
    0x00, 0x00, 0x00, 0x00, 0x00, 0x00, 0x00, 0x00, 0x00, 0x00, 0x00, 0x00, 0x00, 0x00, 0x00, 0x00,
    0x00, 0x00, 0x00, 0x00, 0x00, 0x00, 0x00, 0x00, 0x00, 0x00, 0x00, 0x00, 0x00, 0x00, 0x00, 0x00,
};

static const LV_ATTRIBUTE_MEM_ALIGN uint8_t app_farm_crop_sprout_map[] = {
    0x00, 0x00, 0x00, 0x00, 0x00, 0x00, 0x00, 0x00, 0x00, 0x00, 0x00, 0x00, 0x00, 0x00, 0x00, 0x00,
    0xb1, 0xce, 0xff, 0xff, 0x91, 0xce, 0x00, 0x00, 0x00, 0x00, 0x00, 0x00, 0x00, 0x00, 0x00, 0x00,
    0x00, 0x00, 0x00, 0x00, 0x00, 0x00, 0x00, 0x00, 0x00, 0x00, 0x00, 0x00, 0x00, 0x00, 0x00, 0x00,
    0x00, 0x00, 0x00, 0x00, 0x00, 0x00, 0x00, 0x00, 0x00, 0x00, 0x00, 0x00, 0x00, 0x00, 0x00, 0x00,
    0x00, 0x00, 0x00, 0x00, 0x00, 0x00, 0x00, 0x00, 0x00, 0x00, 0x00, 0x00, 0x00, 0x00, 0x00, 0x00,
    0x00, 0x00, 0x00, 0x00, 0x00, 0x00, 0x00, 0x00, 0xff, 0xff, 0xff, 0xff, 0xff, 0xff, 0xff, 0xff,
    0xff, 0xff, 0xff, 0xff, 0xff, 0xff, 0xff, 0xff, 0xff, 0xff, 0xff, 0xff, 0xff, 0xff, 0x00, 0x00,
    0x00, 0x00, 0x00, 0x00, 0x00, 0x00, 0x00, 0x00, 0x00, 0x00, 0x00, 0x00, 0x00, 0x00, 0x00, 0x00,
    0x00, 0x00, 0x00, 0x00, 0xff, 0xff, 0xff, 0xff, 0xff, 0xff, 0xff, 0xff, 0xff, 0xff, 0xff, 0xff,
    0xff, 0xff, 0xff, 0xff, 0xd1, 0xd6, 0x00, 0x00, 0x00, 0x00, 0x00, 0x00, 0x00, 0x00, 0x00, 0x00,
    0x00, 0x00, 0x00, 0x00, 0xff, 0xff, 0xff, 0xff, 0xff, 0xff, 0xff, 0xff, 0xff, 0xff, 0x7c, 0xe7,
    0x19, 0xd7, 0xf8, 0xd6, 0x3a, 0xdf, 0x9d, 0xef, 0xff, 0xff, 0xff, 0xff, 0xff, 0xff, 0xff, 0xff,
    0xff, 0xff, 0x00, 0x00, 0x00, 0x00, 0x00, 0x00, 0x00, 0x00, 0x00, 0x00, 0x00, 0x00, 0x6d, 0xce,
    0xff, 0xff, 0xff, 0xff, 0xff, 0xff, 0xff, 0xff, 0xff, 0xff, 0xff, 0xff, 0xdf, 0xff, 0xff, 0xff,
    0xff, 0xff, 0xff, 0xff, 0xff, 0xff, 0xff, 0xff, 0xff, 0xff, 0x00, 0x00, 0x00, 0x00, 0x00, 0x00,
    0x00, 0x00, 0xff, 0xff, 0xdf, 0xff, 0xff, 0xff, 0xb7, 0xc6, 0xeb, 0x74, 0xe4, 0x43, 0x81, 0x33,
    0x80, 0x33, 0x80, 0x33, 0x81, 0x33, 0xa2, 0x3b, 0x47, 0x54, 0xd1, 0x9d, 0x9d, 0xef, 0xdf, 0xff,
    0xff, 0xff, 0xff, 0xff, 0x00, 0x00, 0x00, 0x00, 0x00, 0x00, 0x00, 0x00, 0xff, 0xff, 0xff, 0xff,
    0xdf, 0xff, 0xff, 0xff, 0xd7, 0xc6, 0x4d, 0x85, 0x47, 0x54, 0x04, 0x44, 0xe4, 0x43, 0x26, 0x4c,
    0xca, 0x6c, 0x33, 0xae, 0xbd, 0xf7, 0xdf, 0xff, 0xff, 0xff, 0xff, 0xff, 0x00, 0x00, 0x00, 0x00,
    0x00, 0x00, 0xff, 0xff, 0xff, 0xff, 0x2c, 0x7d, 0x20, 0x23, 0x64, 0x5c, 0xcb, 0x9d, 0x8d, 0xbe,
    0xee, 0xc6, 0x0e, 0xcf, 0xcd, 0xc6, 0x4b, 0xae, 0x27, 0x7d, 0xa1, 0x3b, 0xa3, 0x33, 0x54, 0xb6,
    0xff, 0xff, 0xdf, 0xff, 0xff, 0xff, 0x00, 0x00, 0x00, 0x00, 0xff, 0xff, 0xdf, 0xff, 0xff, 0xff,
    0x95, 0xbe, 0x05, 0x44, 0x40, 0x23, 0x44, 0x54, 0x49, 0x85, 0xeb, 0x9d, 0xea, 0x9d, 0x89, 0x8d,
    0xc5, 0x6c, 0xc1, 0x3b, 0xc3, 0x3b, 0x95, 0xbe, 0xdf, 0xff, 0xff, 0xff, 0x00, 0x00, 0x00, 0x00,
    0x91, 0xce, 0xff, 0xff, 0xb7, 0xc6, 0x20, 0x23, 0x49, 0xae, 0x8e, 0xe7, 0x29, 0xcf, 0xc4, 0xb6,
    0xa2, 0xb6, 0xc3, 0xb6, 0xc5, 0xbe, 0xe6, 0xbe, 0x08, 0xc7, 0xe9, 0xc6, 0x23, 0x75, 0x20, 0x1b,
    0xb0, 0x95, 0xff, 0xff, 0xff, 0xff, 0xff, 0xff, 0xff, 0xff, 0xff, 0xff, 0xfe, 0xff, 0x0b, 0x75,
    0x20, 0x1b, 0x08, 0x75, 0x11, 0xcf, 0x6f, 0xdf, 0x2a, 0xcf, 0x07, 0xbf, 0xe5, 0xbe, 0xe6, 0xbe,
    0x09, 0xc7, 0x2c, 0xcf, 0x67, 0x85, 0x60, 0x2b, 0x1a, 0xdf, 0xff, 0xff, 0x00, 0x00, 0x00, 0x00,
    0xff, 0xff, 0xff, 0xff, 0x34, 0xae, 0xa0, 0x33, 0x2a, 0xcf, 0x40, 0x9e, 0x20, 0x96, 0x20, 0x96,
    0x00, 0x8e, 0xe0, 0x8d, 0x41, 0x9e, 0xa4, 0xb6, 0x84, 0xae, 0x84, 0xa6, 0x05, 0xb7, 0xc4, 0x8d,
    0x00, 0x1b, 0x12, 0xa6, 0xff, 0xff, 0xdf, 0xff, 0xdf, 0xff, 0xde, 0xff, 0x48, 0x54, 0x81, 0x2b,
    0xd0, 0xc6, 0xb0, 0xe7, 0xc5, 0xb6, 0x82, 0xae, 0x60, 0xa6, 0x40, 0x9e, 0x20, 0x96, 0x00, 0x8e,
    0x00, 0x8e, 0x20, 0x96, 0x29, 0xc7, 0xe0, 0x43, 0x33, 0xae, 0xff, 0xff, 0x93, 0xce, 0x00, 0x00,
    0x50, 0xc6, 0xff, 0xff, 0xd8, 0xce, 0x60, 0x2b, 0x66, 0xae, 0x81, 0xa6, 0x60, 0xa6, 0x60, 0xa6,
    0x82, 0xae, 0x63, 0xa6, 0xa1, 0x85, 0x81, 0x7d, 0x24, 0x9e, 0xc5, 0xb6, 0xa4, 0xae, 0xe5, 0xb6,
    0x42, 0x75, 0x21, 0x23, 0x5b, 0xdf, 0xff, 0xff, 0xff, 0xff, 0xcb, 0x6c, 0x81, 0x33, 0x31, 0xd7,
    0x09, 0xc7, 0xc5, 0xb6, 0xe5, 0xbe, 0x63, 0xa6, 0xa0, 0x7d, 0x80, 0x75, 0xc0, 0x85, 0x00, 0x8e,
    0x20, 0x8e, 0x00, 0x8e, 0x85, 0xa6, 0xc0, 0x3b, 0xb6, 0xc6, 0xff, 0xff, 0x31, 0xc6, 0x00, 0x00,
    0x00, 0x00, 0xff, 0xff, 0xbd, 0xf7, 0xa3, 0x33, 0x41, 0x75, 0xa1, 0xae, 0x60, 0x9e, 0x60, 0x9e,
    0xe6, 0xc6, 0x2a, 0xd7, 0x29, 0xcf, 0x22, 0x96, 0xc0, 0x54, 0x22, 0x6d, 0x63, 0x9e, 0x63, 0xa6,
    0x62, 0x96, 0xe0, 0x33, 0xab, 0x64, 0xff, 0xff, 0x34, 0xae, 0x00, 0x1b, 0x8b, 0xae, 0xa5, 0xb6,
    0x61, 0xa6, 0x63, 0xa6, 0x41, 0x75, 0x00, 0x65, 0xc2, 0x85, 0x21, 0x9e, 0x40, 0x9e, 0x20, 0x96,
    0x00, 0x8e, 0x40, 0x96, 0xc3, 0x85, 0xa2, 0x3b, 0x9d, 0xef, 0xff, 0xff, 0x00, 0x00, 0x00, 0x00,
    0x00, 0x00, 0xff, 0xff, 0xff, 0xff, 0xeb, 0x74, 0xe0, 0x3b, 0x81, 0xa6, 0x60, 0xa6, 0x60, 0x9e,
    0x60, 0x9e, 0x62, 0xa6, 0x63, 0xa6, 0x82, 0xae, 0x62, 0xa6, 0xe0, 0x5c, 0x60, 0x44, 0xe1, 0x85,
    0x41, 0x96, 0x21, 0x65, 0x41, 0x23, 0x5b, 0xe7, 0xc5, 0x3b, 0xe4, 0x64, 0x83, 0x9e, 0x60, 0x9e,
    0xa2, 0x85, 0x80, 0x4c, 0x83, 0x7d, 0xc6, 0xbe, 0xa3, 0xb6, 0x82, 0xae, 0x41, 0x9e, 0x00, 0x8e,
    0x00, 0x8e, 0x82, 0x9e, 0x60, 0x54, 0xca, 0x6c, 0xff, 0xff, 0xfe, 0xff, 0x00, 0x00, 0x00, 0x00,
    0x00, 0x00, 0xff, 0xff, 0xff, 0xff, 0xf8, 0xce, 0x40, 0x23, 0x81, 0x75, 0x80, 0xa6, 0x60, 0xa6,
    0x60, 0xa6, 0x40, 0x9e, 0x61, 0xa6, 0xa4, 0xb6, 0xa4, 0xb6, 0x81, 0xa6, 0xc0, 0x54, 0x21, 0x3c,
    0xc1, 0x7d, 0xa2, 0x6d, 0xa1, 0x2b, 0x49, 0x54, 0x81, 0x2b, 0xc2, 0x7d, 0x20, 0x8e, 0x01, 0x65,
    0x40, 0x44, 0xe1, 0x8d, 0xa3, 0xb6, 0x63, 0xa6, 0x20, 0x96, 0x20, 0x96, 0x00, 0x8e, 0xe0, 0x85,
    0x20, 0x8e, 0x24, 0x96, 0x60, 0x2b, 0xd7, 0xc6, 0xff, 0xff, 0xff, 0xff, 0x00, 0x00, 0x00, 0x00,
    0x00, 0x00, 0x00, 0x00, 0xff, 0xff, 0xff, 0xff, 0xcb, 0x74, 0x80, 0x2b, 0x42, 0x96, 0x20, 0x96,
    0x40, 0x9e, 0x60, 0x9e, 0x40, 0x9e, 0x00, 0x8e, 0xe0, 0x85, 0xe1, 0x85, 0x21, 0x8e, 0x81, 0x4c,
    0x41, 0x3c, 0xc1, 0x75, 0x21, 0x3c, 0xc0, 0x0a, 0x01, 0x34, 0xe1, 0x75, 0xc1, 0x54, 0x41, 0x44,
    0xe0, 0x85, 0x21, 0x96, 0x20, 0x96, 0x00, 0x8e, 0x00, 0x8e, 0x00, 0x8e, 0xe0, 0x85, 0x00, 0x86,
    0xa7, 0xa6, 0x00, 0x44, 0xc9, 0x6c, 0xff, 0xff, 0xff, 0xff, 0x00, 0x00, 0x00, 0x00, 0x00, 0x00,
    0x00, 0x00, 0x00, 0x00, 0xff, 0xff, 0xdf, 0xff, 0x9c, 0xef, 0xa3, 0x3b, 0x22, 0x44, 0x68, 0x96,
    0xc1, 0x7d, 0xa0, 0x7d, 0x00, 0x86, 0x00, 0x8e, 0x00, 0x8e, 0x01, 0x86, 0xc1, 0x7d, 0x81, 0x6d,
    0x01, 0x34, 0xc1, 0x4c, 0x81, 0x44, 0xe1, 0x12, 0xa1, 0x4c, 0xc1, 0x54, 0x01, 0x34, 0xa1, 0x75,
    0xe0, 0x85, 0xe0, 0x7d, 0xe0, 0x85, 0xe0, 0x85, 0xe0, 0x85, 0xe0, 0x7d, 0x01, 0x86, 0xc9, 0xa6,
    0xa5, 0x5c, 0xa2, 0x33, 0x7c, 0xe7, 0xdf, 0xff, 0xff, 0xff, 0x00, 0x00, 0x00, 0x00, 0x00, 0x00,
    0x00, 0x00, 0x00, 0x00, 0x00, 0x00, 0xff, 0xff, 0xdf, 0xff, 0x3a, 0xdf, 0x62, 0x2b, 0xe2, 0x33,
    0x08, 0x86, 0x24, 0x86, 0xc1, 0x7d, 0xa1, 0x75, 0x81, 0x6d, 0x61, 0x65, 0x21, 0x5d, 0x41, 0x5d,
    0x01, 0x55, 0xe1, 0x2b, 0x61, 0x3c, 0x21, 0x1b, 0x81, 0x3c, 0xc1, 0x2b, 0x01, 0x55, 0x61, 0x65,
    0x61, 0x65, 0x81, 0x6d, 0xc0, 0x75, 0xc0, 0x7d, 0xe0, 0x85, 0x65, 0x9e, 0x8a, 0x9e, 0x64, 0x4c,
    0x61, 0x2b, 0xf8, 0xce, 0xdf, 0xff, 0xfe, 0xff, 0x00, 0x00, 0x00, 0x00, 0x00, 0x00, 0x00, 0x00,
    0x00, 0x00, 0x00, 0x00, 0x00, 0x00, 0x00, 0x00, 0xff, 0xff, 0xdf, 0xff, 0x3a, 0xdf, 0xe6, 0x43,
    0x00, 0x13, 0x84, 0x4c, 0x65, 0x65, 0x83, 0x6d, 0x83, 0x65, 0x63, 0x65, 0x62, 0x5d, 0x22, 0x55,
    0xe1, 0x44, 0x41, 0x34, 0xa1, 0x2b, 0x61, 0x23, 0xa1, 0x23, 0x61, 0x3c, 0x41, 0x5d, 0x21, 0x55,
    0x42, 0x5d, 0x82, 0x65, 0xa3, 0x6d, 0xe4, 0x75, 0x27, 0x8e, 0x88, 0x75, 0x80, 0x23, 0xa3, 0x33,
    0x18, 0xd7, 0xdf, 0xff, 0xff, 0xff, 0x00, 0x00, 0x00, 0x00, 0x00, 0x00, 0x00, 0x00, 0x00, 0x00,
    0x00, 0x00, 0x00, 0x00, 0x00, 0x00, 0x00, 0x00, 0x00, 0x00, 0xff, 0xff, 0xdf, 0xff, 0xde, 0xff,
    0xd1, 0x9d, 0xa4, 0x33, 0x00, 0x1b, 0x40, 0x1b, 0x80, 0x23, 0xa0, 0x2b, 0xe1, 0x33, 0x82, 0x44,
    0x02, 0x4d, 0x02, 0x4d, 0xa1, 0x23, 0x61, 0x23, 0xc1, 0x2b, 0xc1, 0x44, 0xe2, 0x4c, 0x02, 0x55,
    0xe3, 0x54, 0xc3, 0x54, 0x83, 0x44, 0x22, 0x34, 0x40, 0x1b, 0x41, 0x23, 0x2c, 0x7d, 0x9c, 0xef,
    0xdf, 0xff, 0xff, 0xff, 0x00, 0x00, 0x00, 0x00, 0x00, 0x00, 0x00, 0x00, 0x00, 0x00, 0x00, 0x00,
    0x00, 0x00, 0x00, 0x00, 0x00, 0x00, 0x00, 0x00, 0x00, 0x00, 0x00, 0x00, 0xff, 0xff, 0xff, 0xff,
    0xff, 0xff, 0xde, 0xf7, 0xb7, 0xc6, 0x91, 0x95, 0xcd, 0x74, 0x8b, 0x64, 0x08, 0x4c, 0x01, 0x1b,
    0xa1, 0x2b, 0x42, 0x5d, 0x81, 0x44, 0x41, 0x3c, 0x61, 0x3c, 0x62, 0x34, 0x81, 0x23, 0xe0, 0x0a,
    0x22, 0x1b, 0x63, 0x2b, 0xc5, 0x3b, 0x69, 0x5c, 0xd1, 0x9d, 0x5b, 0xe7, 0xdf, 0xff, 0xff, 0xff,
    0xfc, 0xff, 0x00, 0x00, 0x00, 0x00, 0x00, 0x00, 0x00, 0x00, 0x00, 0x00, 0x00, 0x00, 0x00, 0x00,
    0x00, 0x00, 0x00, 0x00, 0x00, 0x00, 0x00, 0x00, 0x00, 0x00, 0x00, 0x00, 0x00, 0x00, 0x00, 0x00,
    0xff, 0xff, 0xff, 0xff, 0xff, 0xff, 0xff, 0xff, 0xff, 0xff, 0xff, 0xff, 0xff, 0xff, 0xf9, 0xce,
    0x64, 0x2b, 0x01, 0x34, 0x42, 0x65, 0xe1, 0x54, 0xe2, 0x4c, 0xa1, 0x23, 0x02, 0x1b, 0xd2, 0x9d,
    0x3a, 0xdf, 0x9d, 0xef, 0xdf, 0xff, 0xdf, 0xff, 0xff, 0xff, 0xff, 0xff, 0xfe, 0xff, 0x72, 0xce,
    0x00, 0x00, 0x00, 0x00, 0x00, 0x00, 0x00, 0x00, 0x00, 0x00, 0x00, 0x00, 0x00, 0x00, 0x00, 0x00,
    0x00, 0x00, 0x00, 0x00, 0x00, 0x00, 0x00, 0x00, 0x00, 0x00, 0x00, 0x00, 0x00, 0x00, 0x00, 0x00,
    0x00, 0x00, 0x00, 0x00, 0xb0, 0xad, 0xff, 0xff, 0xff, 0xff, 0xff, 0xff, 0xff, 0xff, 0xff, 0xff,
    0x76, 0xb6, 0x20, 0x1b, 0x42, 0x65, 0x41, 0x5d, 0x82, 0x44, 0xe0, 0x12, 0x55, 0xb6, 0xff, 0xff,
    0xff, 0xff, 0xff, 0xff, 0xff, 0xff, 0xff, 0xff, 0xff, 0xff, 0x00, 0x00, 0x00, 0x00, 0x00, 0x00,
    0x00, 0x00, 0x00, 0x00, 0x00, 0x00, 0x00, 0x00, 0x00, 0x00, 0x00, 0x00, 0x00, 0x00, 0x00, 0x00,
    0x00, 0x00, 0x00, 0x00, 0x00, 0x00, 0x00, 0x00, 0x00, 0x00, 0x00, 0x00, 0x00, 0x00, 0x00, 0x00,
    0x00, 0x00, 0x00, 0x00, 0x00, 0x00, 0x00, 0x00, 0x00, 0x00, 0x00, 0x00, 0x2c, 0x9d, 0xff, 0xff,
    0x9d, 0xef, 0x83, 0x2b, 0x00, 0x5d, 0xa1, 0x6d, 0xe0, 0x2b, 0xc6, 0x43, 0xff, 0xff, 0xff, 0xff,
    0xd0, 0xb5, 0x00, 0x00, 0x00, 0x00, 0x00, 0x00, 0x00, 0x00, 0x00, 0x00, 0x00, 0x00, 0x00, 0x00,
    0x00, 0x00, 0x00, 0x00, 0x00, 0x00, 0x00, 0x00, 0x00, 0x00, 0x00, 0x00, 0x00, 0x00, 0x00, 0x00,
    0x00, 0x00, 0x00, 0x00, 0x00, 0x00, 0x00, 0x00, 0x00, 0x00, 0x00, 0x00, 0x00, 0x00, 0x00, 0x00,
    0x00, 0x00, 0x00, 0x00, 0x00, 0x00, 0x00, 0x00, 0x00, 0x00, 0x00, 0x00, 0x00, 0x00, 0xff, 0xff,
    0xbe, 0xf7, 0xa4, 0x3b, 0x63, 0x7d, 0x22, 0x86, 0xa0, 0x23, 0x8a, 0x64, 0xff, 0xff, 0xff, 0xff,
    0x00, 0x00, 0x00, 0x00, 0x00, 0x00, 0x00, 0x00, 0x00, 0x00, 0x00, 0x00, 0x00, 0x00, 0x00, 0x00,
    0x00, 0x00, 0x00, 0x00, 0x00, 0x00, 0x00, 0x00, 0x00, 0x00, 0x00, 0x00, 0x00, 0x00, 0x00, 0x00,
    0x00, 0x00, 0x00, 0x00, 0x00, 0x00, 0x00, 0x00, 0x00, 0x00, 0x00, 0x00, 0x00, 0x00, 0x00, 0x00,
    0x00, 0x00, 0x00, 0x00, 0x00, 0x00, 0x00, 0x00, 0x00, 0x00, 0x00, 0x00, 0x00, 0x00, 0xff, 0xff,
    0xbe, 0xf7, 0xa4, 0x3b, 0xe7, 0x9d, 0x42, 0x8e, 0xa0, 0x23, 0xcb, 0x6c, 0xff, 0xff, 0xff, 0xff,
    0x00, 0x00, 0x00, 0x00, 0x00, 0x00, 0x00, 0x00, 0x00, 0x00, 0x00, 0x00, 0x00, 0x00, 0x00, 0x00,
    0x00, 0x00, 0x00, 0x00, 0x00, 0x00, 0x00, 0x00, 0x00, 0x00, 0x00, 0x00, 0x00, 0x00, 0x00, 0x00,
    0x00, 0x00, 0x00, 0x00, 0x00, 0x00, 0x00, 0x00, 0x00, 0x00, 0x00, 0x00, 0x00, 0x00, 0x00, 0x00,
    0x00, 0x00, 0x00, 0x00, 0x00, 0x00, 0x00, 0x00, 0x00, 0x00, 0x00, 0x00, 0x00, 0x00, 0xff, 0xff,
    0x9d, 0xef, 0xa3, 0x33, 0x49, 0xa6, 0x22, 0x8e, 0x80, 0x1b, 0xcc, 0x6c, 0xff, 0xff, 0xff, 0xff,
    0x00, 0x00, 0x00, 0x00, 0x00, 0x00, 0x00, 0x00, 0x00, 0x00, 0x00, 0x00, 0x00, 0x00, 0x00, 0x00,
    0x00, 0x00, 0x00, 0x00, 0x00, 0x00, 0x00, 0x00, 0x00, 0x00, 0x00, 0x00, 0x00, 0x00, 0x00, 0x00,
    0x00, 0x00, 0x00, 0x00, 0x00, 0x00, 0x00, 0x00, 0x00, 0x00, 0x00, 0x00, 0x00, 0x00, 0x00, 0x00,
    0x00, 0x00, 0x00, 0x00, 0x00, 0x00, 0x00, 0x00, 0x00, 0x00, 0x00, 0x00, 0x00, 0x00, 0xff, 0xff,
    0x5c, 0xe7, 0xa3, 0x33, 0x89, 0xb6, 0x22, 0x86, 0x80, 0x1b, 0xcc, 0x74, 0xff, 0xff, 0xff, 0xff,
    0x00, 0x00, 0x00, 0x00, 0x00, 0x00, 0x00, 0x00, 0x00, 0x00, 0x00, 0x00, 0x00, 0x00, 0x00, 0x00,
    0x00, 0x00, 0x00, 0x00, 0x00, 0x00, 0x00, 0x00, 0x00, 0x00, 0x00, 0x00, 0x00, 0x00, 0x00, 0x00,
    0x00, 0x00, 0x00, 0x00, 0x00, 0x00, 0x00, 0x00, 0x00, 0x00, 0x00, 0x00, 0x00, 0x00, 0x00, 0x00,
    0x00, 0x00, 0x00, 0x00, 0x00, 0x00, 0x00, 0x00, 0x00, 0x00, 0x00, 0x00, 0x00, 0x00, 0xff, 0xff,
    0x1a, 0xdf, 0xa2, 0x33, 0xa9, 0xb6, 0xe1, 0x85, 0x80, 0x23, 0xcc, 0x74, 0xff, 0xff, 0xff, 0xff,
    0x00, 0x00, 0x00, 0x00, 0x00, 0x00, 0x00, 0x00, 0x00, 0x00, 0x00, 0x00, 0x00, 0x00, 0x00, 0x00,
    0x00, 0x00, 0x00, 0x00, 0x00, 0x00, 0x00, 0x00, 0x00, 0x00, 0x00, 0x00, 0x00, 0x00, 0x00, 0x00,
    0x00, 0x00, 0x00, 0x00, 0x00, 0x00, 0x00, 0x00, 0x00, 0x00, 0x00, 0x00, 0x00, 0x00, 0x00, 0x00,
    0x00, 0x00, 0x00, 0x00, 0x00, 0x00, 0x00, 0x00, 0x00, 0x00, 0x00, 0x00, 0x00, 0x00, 0xff, 0xff,
    0xb7, 0xc6, 0xc2, 0x33, 0xc9, 0xbe, 0xc1, 0x75, 0xa0, 0x23, 0xcb, 0x6c, 0xff, 0xff, 0xff, 0xff,
    0x00, 0x00, 0x00, 0x00, 0x00, 0x00, 0x00, 0x00, 0x00, 0x00, 0x00, 0x00, 0x00, 0x00, 0x00, 0x00,
    0x00, 0x00, 0x00, 0x00, 0x00, 0x00, 0x00, 0x00, 0x00, 0x00, 0x00, 0x00, 0x00, 0x00, 0x00, 0x00,
    0x00, 0x00, 0x00, 0x00, 0x00, 0x00, 0x00, 0x00, 0x00, 0x00, 0x00, 0x00, 0x00, 0x00, 0x00, 0x00,
    0x00, 0x00, 0x00, 0x00, 0x00, 0x00, 0x00, 0x00, 0x00, 0x00, 0x00, 0x00, 0x00, 0x00, 0xff, 0xff,
    0x54, 0xb6, 0xe2, 0x43, 0xe7, 0xbe, 0xa1, 0x6d, 0xe0, 0x2b, 0xcb, 0x74, 0xff, 0xff, 0xff, 0xff,
    0x00, 0x00, 0x00, 0x00, 0x00, 0x00, 0x00, 0x00, 0x00, 0x00, 0x00, 0x00, 0x00, 0x00, 0x00, 0x00,
    0x00, 0x00, 0x00, 0x00, 0x00, 0x00, 0x00, 0x00, 0x00, 0x00, 0x00, 0x00, 0x00, 0x00, 0x00, 0x00,
    0x00, 0x00, 0x00, 0x00, 0x00, 0x00, 0x00, 0x00, 0x00, 0x00, 0x00, 0x00, 0x00, 0x00, 0x00, 0x00,
    0x00, 0x00, 0x00, 0x00, 0x00, 0x00, 0x00, 0x00, 0x00, 0x00, 0x00, 0x00, 0x00, 0x00, 0xff, 0xff,
    0xf2, 0xa5, 0xc0, 0x3b, 0xa3, 0xa6, 0xc2, 0x75, 0x00, 0x3c, 0xaa, 0x6c, 0xff, 0xff, 0xff, 0xff,
    0x00, 0x00, 0x00, 0x00, 0x00, 0x00, 0x00, 0x00, 0x00, 0x00, 0x00, 0x00, 0x00, 0x00, 0x00, 0x00,
    0x00, 0x00, 0x00, 0x00, 0x00, 0x00, 0x00, 0x00, 0x00, 0x00, 0x00, 0x00, 0x00, 0x00, 0x00, 0x00,
    0x00, 0x00, 0x00, 0x00, 0x00, 0x00, 0x00, 0x00, 0x00, 0x00, 0x00, 0x00, 0x00, 0x00, 0x00, 0x00,
    0x00, 0x00, 0x00, 0x00, 0x00, 0x00, 0x00, 0x00, 0x00, 0x00, 0x00, 0x00, 0x00, 0x00, 0xff, 0xff,
    0xf9, 0xd6, 0x81, 0x2b, 0xa0, 0x2b, 0xc0, 0x33, 0x20, 0x1b, 0xd1, 0x9d, 0xff, 0xff, 0xff, 0xff,
    0x00, 0x00, 0x00, 0x00, 0x00, 0x00, 0x00, 0x00, 0x00, 0x00, 0x00, 0x00, 0x00, 0x00, 0x00, 0x00,
    0x00, 0x00, 0x00, 0x00, 0x00, 0x00, 0x00, 0x00, 0x00, 0x00, 0x00, 0x00, 0x00, 0x00, 0x00, 0x00,
    0x00, 0x00, 0x00, 0x00, 0x00, 0x00, 0x00, 0x00, 0x00, 0x00, 0x00, 0x00, 0x00, 0x00, 0x00, 0x00,
    0x00, 0x00, 0x00, 0x00, 0x00, 0x00, 0x00, 0x00, 0x00, 0x00, 0x00, 0x00, 0x00, 0x00, 0xff, 0xff,
    0xdf, 0xff, 0x1a, 0xdf, 0xb1, 0x9d, 0x90, 0x95, 0xb6, 0xc6, 0xdf, 0xff, 0xff, 0xff, 0x00, 0x00,
    0x00, 0x00, 0x00, 0x00, 0x00, 0x00, 0x00, 0x00, 0x00, 0x00, 0x00, 0x00, 0x00, 0x00, 0x00, 0x00,
    0x00, 0x00, 0x00, 0x00, 0x00, 0x00, 0x00, 0x00, 0x00, 0x00, 0x00, 0x00, 0x00, 0x00, 0x00, 0x00,
    0x00, 0x00, 0x00, 0x00, 0x00, 0x00, 0x00, 0x00, 0x00, 0x00, 0x00, 0x00, 0x00, 0x00, 0x00, 0x00,
    0x00, 0x00, 0x00, 0x00, 0x00, 0x00, 0x00, 0x00, 0x00, 0x00, 0x00, 0x00, 0x00, 0x00, 0x00, 0x00,
    0xff, 0xff, 0xff, 0xff, 0xff, 0xff, 0xff, 0xff, 0xff, 0xff, 0xfe, 0xff, 0x00, 0x00, 0x00, 0x00,
    0x00, 0x00, 0x00, 0x00, 0x00, 0x00, 0x00, 0x00, 0x00, 0x00, 0x00, 0x00, 0x00, 0x00, 0x00, 0x00,
    0x00, 0x00, 0x00, 0x00, 0x00, 0x00, 0x00, 0x00, 0x00, 0x00, 0x00, 0x00, 0x00, 0x00, 0x00, 0x00,
    0x00, 0x00, 0x00, 0x00, 0x00, 0x00, 0x00, 0x00, 0x00, 0x00, 0x00, 0x00, 0x00, 0x00, 0x00, 0x00,
    0x00, 0x00, 0x00, 0x00, 0x00, 0x00, 0x00, 0x00, 0x00, 0x00, 0x00, 0x00, 0x00, 0x00, 0x00, 0x00,
    0x00, 0x00, 0x00, 0x00, 0xd0, 0xb5, 0xf1, 0xbd, 0x00, 0x00, 0x00, 0x00, 0x00, 0x00, 0x00, 0x00,
    0x00, 0x00, 0x00, 0x00, 0x00, 0x00, 0x00, 0x00, 0x00, 0x00, 0x00, 0x00, 0x00, 0x00, 0x00, 0x00,
    0x00, 0x00, 0x00, 0x00, 0x00, 0x00, 0x00, 0x00, 0x00, 0x00, 0x00, 0x00, 0x00, 0x00, 0x00, 0x00,
    0x00, 0x00, 0x00, 0x00, 0x00, 0x00, 0x00, 0x00, 0xff, 0xff, 0xff, 0x00, 0x00, 0x00, 0x00, 0x00,
    0x00, 0x00, 0x00, 0x00, 0x00, 0x00, 0x00, 0x00, 0x00, 0x00, 0x00, 0x00, 0x00, 0x00, 0x00, 0x00,
    0x00, 0x00, 0x00, 0x00, 0x00, 0x00, 0x00, 0x00, 0x00, 0x00, 0x00, 0x00, 0xff, 0xff, 0xff, 0xff,
    0xff, 0xff, 0xff, 0xff, 0xff, 0xff, 0xff, 0x00, 0x00, 0x00, 0x00, 0x00, 0x00, 0x00, 0x00, 0x00,
    0x00, 0x00, 0xff, 0xff, 0xff, 0xff, 0xff, 0xff, 0xff, 0xff, 0xff, 0x00, 0x00, 0x00, 0x00, 0x00,
    0x00, 0x00, 0xff, 0xff, 0xff, 0xff, 0xff, 0xff, 0xff, 0xff, 0xff, 0xff, 0xff, 0xff, 0xff, 0xff,
    0xff, 0x00, 0x00, 0x00, 0x00, 0x00, 0x00, 0xff, 0xff, 0xff, 0xff, 0xff, 0xff, 0xff, 0xff, 0xff,
    0xff, 0xff, 0xff, 0xff, 0xff, 0x00, 0x00, 0x00, 0x00, 0xff, 0xff, 0xff, 0xff, 0xff, 0xff, 0xff,
    0xff, 0xff, 0xff, 0xff, 0xff, 0xff, 0xff, 0xff, 0xff, 0xff, 0x00, 0x00, 0x00, 0x00, 0xff, 0xff,
    0xff, 0xff, 0xff, 0xff, 0xff, 0xff, 0xff, 0xff, 0xff, 0xff, 0xff, 0xff, 0xff, 0xff, 0x00, 0x00,
    0x00, 0xff, 0xff, 0xff, 0xff, 0xff, 0xff, 0xff, 0xff, 0xff, 0xff, 0xff, 0xff, 0xff, 0xff, 0xff,
    0xff, 0xff, 0xff, 0x00, 0x00, 0xff, 0xff, 0xff, 0xff, 0xff, 0xff, 0xff, 0xff, 0xff, 0xff, 0xff,
    0xff, 0xff, 0xff, 0xff, 0xff, 0xff, 0x00, 0x00, 0xff, 0xff, 0xff, 0xff, 0xff, 0xff, 0xff, 0xff,
    0xff, 0xff, 0xff, 0xff, 0xff, 0xff, 0xff, 0xff, 0xff, 0xff, 0xff, 0xff, 0xff, 0xff, 0xff, 0xff,
    0xff, 0xff, 0xff, 0xff, 0xff, 0xff, 0xff, 0xff, 0xff, 0xff, 0xff, 0xff, 0xff, 0xff, 0x00, 0x00,
    0xff, 0xff, 0xff, 0xff, 0xff, 0xff, 0xff, 0xff, 0xff, 0xff, 0xff, 0xff, 0xff, 0xff, 0xff, 0xff,
    0xff, 0xff, 0xff, 0xff, 0xff, 0xff, 0xff, 0xff, 0xff, 0xff, 0xff, 0xff, 0xff, 0xff, 0xff, 0xff,
    0xff, 0xff, 0xff, 0xff, 0xff, 0xff, 0xff, 0x00, 0xff, 0xff, 0xff, 0xff, 0xff, 0xff, 0xff, 0xff,
    0xff, 0xff, 0xff, 0xff, 0xff, 0xff, 0xff, 0xff, 0xff, 0xff, 0xff, 0xff, 0xff, 0xff, 0xff, 0xff,
    0xff, 0xff, 0xff, 0xff, 0xff, 0xff, 0xff, 0xff, 0xff, 0xff, 0xff, 0xff, 0xff, 0xff, 0xff, 0x00,
    0x00, 0xff, 0xff, 0xff, 0xff, 0xff, 0xff, 0xff, 0xff, 0xff, 0xff, 0xff, 0xff, 0xff, 0xff, 0xff,
    0xff, 0xff, 0xff, 0xff, 0xff, 0xff, 0xff, 0xff, 0xff, 0xff, 0xff, 0xff, 0xff, 0xff, 0xff, 0xff,
    0xff, 0xff, 0xff, 0xff, 0xff, 0xff, 0x00, 0x00, 0x00, 0xff, 0xff, 0xff, 0xff, 0xff, 0xff, 0xff,
    0xff, 0xff, 0xff, 0xff, 0xff, 0xff, 0xff, 0xff, 0xff, 0xff, 0xff, 0xff, 0xff, 0xff, 0xff, 0xff,
    0xff, 0xff, 0xff, 0xff, 0xff, 0xff, 0xff, 0xff, 0xff, 0xff, 0xff, 0xff, 0xff, 0xff, 0x00, 0x00,
    0x00, 0xff, 0xff, 0xff, 0xff, 0xff, 0xff, 0xff, 0xff, 0xff, 0xff, 0xff, 0xff, 0xff, 0xff, 0xff,
    0xff, 0xff, 0xff, 0xff, 0xff, 0xff, 0xff, 0xff, 0xff, 0xff, 0xff, 0xff, 0xff, 0xff, 0xff, 0xff,
    0xff, 0xff, 0xff, 0xff, 0xff, 0xff, 0x00, 0x00, 0x00, 0x00, 0xff, 0xff, 0xff, 0xff, 0xff, 0xff,
    0xff, 0xff, 0xff, 0xff, 0xff, 0xff, 0xff, 0xff, 0xff, 0xff, 0xff, 0xff, 0xff, 0xff, 0xff, 0xff,
    0xff, 0xff, 0xff, 0xff, 0xff, 0xff, 0xff, 0xff, 0xff, 0xff, 0xff, 0xff, 0xff, 0x00, 0x00, 0x00,
    0x00, 0x00, 0xff, 0xff, 0xff, 0xff, 0xff, 0xff, 0xff, 0xff, 0xff, 0xff, 0xff, 0xff, 0xff, 0xff,
    0xff, 0xff, 0xff, 0xff, 0xff, 0xff, 0xff, 0xff, 0xff, 0xff, 0xff, 0xff, 0xff, 0xff, 0xff, 0xff,
    0xff, 0xff, 0xff, 0xff, 0xff, 0x00, 0x00, 0x00, 0x00, 0x00, 0x00, 0xff, 0xff, 0xff, 0xff, 0xff,
    0xff, 0xff, 0xff, 0xff, 0xff, 0xff, 0xff, 0xff, 0xff, 0xff, 0xff, 0xff, 0xff, 0xff, 0xff, 0xff,
    0xff, 0xff, 0xff, 0xff, 0xff, 0xff, 0xff, 0xff, 0xff, 0xff, 0xff, 0xff, 0x00, 0x00, 0x00, 0x00,
    0x00, 0x00, 0x00, 0x00, 0xff, 0xff, 0xff, 0xff, 0xff, 0xff, 0xff, 0xff, 0xff, 0xff, 0xff, 0xff,
    0xff, 0xff, 0xff, 0xff, 0xff, 0xff, 0xff, 0xff, 0xff, 0xff, 0xff, 0xff, 0xff, 0xff, 0xff, 0xff,
    0xff, 0xff, 0xff, 0x00, 0x00, 0x00, 0x00, 0x00, 0x00, 0x00, 0x00, 0x00, 0x00, 0xff, 0xff, 0xff,
    0xff, 0xff, 0xff, 0xff, 0xff, 0xff, 0xff, 0xff, 0xff, 0xff, 0xff, 0xff, 0xff, 0xff, 0xff, 0xff,
    0xff, 0xff, 0xff, 0xff, 0xff, 0xff, 0xff, 0xff, 0xff, 0xff, 0x00, 0x00, 0x00, 0x00, 0x00, 0x00,
    0x00, 0x00, 0x00, 0x00, 0x00, 0x00, 0xff, 0xff, 0xff, 0xff, 0xff, 0xff, 0xff, 0xff, 0xff, 0xff,
    0xff, 0xff, 0xff, 0xff, 0xff, 0xff, 0xff, 0xff, 0xff, 0xff, 0xff, 0xff, 0xff, 0xff, 0xff, 0xff,
    0xff, 0x00, 0x00, 0x00, 0x00, 0x00, 0x00, 0x00, 0x00, 0x00, 0x00, 0x00, 0x00, 0x00, 0x00, 0x00,
    0xff, 0xff, 0xff, 0xff, 0xff, 0xff, 0xff, 0xff, 0xff, 0xff, 0xff, 0xff, 0xff, 0xff, 0xff, 0xff,
    0xff, 0xff, 0xff, 0xff, 0xff, 0xff, 0xff, 0xff, 0x00, 0x00, 0x00, 0x00, 0x00, 0x00, 0x00, 0x00,
    0x00, 0x00, 0x00, 0x00, 0x00, 0x00, 0x00, 0x00, 0x00, 0x00, 0xff, 0xff, 0xff, 0xff, 0xff, 0xff,
    0xff, 0xff, 0xff, 0xff, 0xff, 0xff, 0xff, 0xff, 0xff, 0xff, 0xff, 0xff, 0xff, 0x00, 0x00, 0x00,
    0x00, 0x00, 0x00, 0x00, 0x00, 0x00, 0x00, 0x00, 0x00, 0x00, 0x00, 0x00, 0x00, 0x00, 0x00, 0x00,
    0x00, 0x00, 0x00, 0x00, 0x00, 0x00, 0xff, 0xff, 0xff, 0xff, 0xff, 0xff, 0xff, 0xff, 0xff, 0xff,
    0xff, 0x00, 0x00, 0x00, 0x00, 0x00, 0x00, 0x00, 0x00, 0x00, 0x00, 0x00, 0x00, 0x00, 0x00, 0x00,
    0x00, 0x00, 0x00, 0x00, 0x00, 0x00, 0x00, 0x00, 0x00, 0x00, 0x00, 0x00, 0x00, 0x00, 0x00, 0xff,
    0xff, 0xff, 0xff, 0xff, 0xff, 0xff, 0xff, 0xff, 0x00, 0x00, 0x00, 0x00, 0x00, 0x00, 0x00, 0x00,
    0x00, 0x00, 0x00, 0x00, 0x00, 0x00, 0x00, 0x00, 0x00, 0x00, 0x00, 0x00, 0x00, 0x00, 0x00, 0x00,
    0x00, 0x00, 0x00, 0x00, 0x00, 0x00, 0x00, 0xff, 0xff, 0xff, 0xff, 0xff, 0xff, 0xff, 0xff, 0xff,
    0x00, 0x00, 0x00, 0x00, 0x00, 0x00, 0x00, 0x00, 0x00, 0x00, 0x00, 0x00, 0x00, 0x00, 0x00, 0x00,
    0x00, 0x00, 0x00, 0x00, 0x00, 0x00, 0x00, 0x00, 0x00, 0x00, 0x00, 0x00, 0x00, 0x00, 0x00, 0xff,
    0xff, 0xff, 0xff, 0xff, 0xff, 0xff, 0xff, 0xff, 0x00, 0x00, 0x00, 0x00, 0x00, 0x00, 0x00, 0x00,
    0x00, 0x00, 0x00, 0x00, 0x00, 0x00, 0x00, 0x00, 0x00, 0x00, 0x00, 0x00, 0x00, 0x00, 0x00, 0x00,
    0x00, 0x00, 0x00, 0x00, 0x00, 0x00, 0x00, 0xff, 0xff, 0xff, 0xff, 0xff, 0xff, 0xff, 0xff, 0xff,
    0x00, 0x00, 0x00, 0x00, 0x00, 0x00, 0x00, 0x00, 0x00, 0x00, 0x00, 0x00, 0x00, 0x00, 0x00, 0x00,
    0x00, 0x00, 0x00, 0x00, 0x00, 0x00, 0x00, 0x00, 0x00, 0x00, 0x00, 0x00, 0x00, 0x00, 0x00, 0xff,
    0xff, 0xff, 0xff, 0xff, 0xff, 0xff, 0xff, 0xff, 0x00, 0x00, 0x00, 0x00, 0x00, 0x00, 0x00, 0x00,
    0x00, 0x00, 0x00, 0x00, 0x00, 0x00, 0x00, 0x00, 0x00, 0x00, 0x00, 0x00, 0x00, 0x00, 0x00, 0x00,
    0x00, 0x00, 0x00, 0x00, 0x00, 0x00, 0x00, 0xff, 0xff, 0xff, 0xff, 0xff, 0xff, 0xff, 0xff, 0xff,
    0x00, 0x00, 0x00, 0x00, 0x00, 0x00, 0x00, 0x00, 0x00, 0x00, 0x00, 0x00, 0x00, 0x00, 0x00, 0x00,
    0x00, 0x00, 0x00, 0x00, 0x00, 0x00, 0x00, 0x00, 0x00, 0x00, 0x00, 0x00, 0x00, 0x00, 0x00, 0xff,
    0xff, 0xff, 0xff, 0xff, 0xff, 0xff, 0xff, 0xff, 0x00, 0x00, 0x00, 0x00, 0x00, 0x00, 0x00, 0x00,
    0x00, 0x00, 0x00, 0x00, 0x00, 0x00, 0x00, 0x00, 0x00, 0x00, 0x00, 0x00, 0x00, 0x00, 0x00, 0x00,
    0x00, 0x00, 0x00, 0x00, 0x00, 0x00, 0x00, 0xff, 0xff, 0xff, 0xff, 0xff, 0xff, 0xff, 0xff, 0xff,
    0x00, 0x00, 0x00, 0x00, 0x00, 0x00, 0x00, 0x00, 0x00, 0x00, 0x00, 0x00, 0x00, 0x00, 0x00, 0x00,
    0x00, 0x00, 0x00, 0x00, 0x00, 0x00, 0x00, 0x00, 0x00, 0x00, 0x00, 0x00, 0x00, 0x00, 0x00, 0xff,
    0xff, 0xff, 0xff, 0xff, 0xff, 0xff, 0xff, 0xff, 0x00, 0x00, 0x00, 0x00, 0x00, 0x00, 0x00, 0x00,
    0x00, 0x00, 0x00, 0x00, 0x00, 0x00, 0x00, 0x00, 0x00, 0x00, 0x00, 0x00, 0x00, 0x00, 0x00, 0x00,
    0x00, 0x00, 0x00, 0x00, 0x00, 0x00, 0x00, 0xff, 0xff, 0xff, 0xff, 0xff, 0xff, 0xff, 0xff, 0x00,
    0x00, 0x00, 0x00, 0x00, 0x00, 0x00, 0x00, 0x00, 0x00, 0x00, 0x00, 0x00, 0x00, 0x00, 0x00, 0x00,
    0x00, 0x00, 0x00, 0x00, 0x00, 0x00, 0x00, 0x00, 0x00, 0x00, 0x00, 0x00, 0x00, 0x00, 0x00, 0x00,
    0xff, 0xff, 0xff, 0xff, 0xff, 0xff, 0x00, 0x00, 0x00, 0x00, 0x00, 0x00, 0x00, 0x00, 0x00, 0x00,
    0x00, 0x00, 0x00, 0x00, 0x00, 0x00, 0x00, 0x00, 0x00, 0x00, 0x00, 0x00, 0x00, 0x00, 0x00, 0x00,
    0x00, 0x00, 0x00, 0x00, 0x00, 0x00, 0x00, 0x00, 0x00, 0x00, 0xff, 0xff, 0x00, 0x00, 0x00, 0x00,
    0x00, 0x00, 0x00, 0x00, 0x00, 0x00, 0x00, 0x00, 0x00, 0x00, 0x00, 0x00, 0x00, 0x00, 0x00, 0x00,
};

static const LV_ATTRIBUTE_MEM_ALIGN uint8_t app_farm_crop_dead_map[] = {
    0x00, 0x00, 0x00, 0x00, 0x00, 0x00, 0x00, 0x00, 0x00, 0x00, 0x00, 0x00, 0x00, 0x00, 0x00, 0x00,
    0x00, 0x00, 0x00, 0x00, 0x00, 0x00, 0x00, 0x00, 0x00, 0x00, 0x00, 0x00, 0x00, 0x00, 0x00, 0x00,
    0x00, 0x00, 0x00, 0x00, 0x00, 0x00, 0x00, 0x00, 0x00, 0x00, 0x00, 0x00, 0x00, 0x00, 0x00, 0x00,
    0x00, 0x00, 0x00, 0x00, 0x00, 0x00, 0x00, 0x00, 0x00, 0x00, 0x00, 0x00, 0x00, 0x00, 0x00, 0x00,
    0x00, 0x00, 0x00, 0x00, 0x00, 0x00, 0x00, 0x00, 0x00, 0x00, 0x00, 0x00, 0x00, 0x00, 0x00, 0x00,
    0x00, 0x00, 0x00, 0x00, 0x00, 0x00, 0x00, 0x00, 0x00, 0x00, 0x00, 0x00, 0x00, 0x00, 0x00, 0x00,
    0x00, 0x00, 0x00, 0x00, 0x00, 0x00, 0x00, 0x00, 0x00, 0x00, 0x00, 0x00, 0x00, 0x00, 0x00, 0x00,
    0x00, 0x00, 0x00, 0x00, 0x00, 0x00, 0x00, 0x00, 0x00, 0x00, 0x00, 0x00, 0x00, 0x00, 0x00, 0x00,
    0x00, 0x00, 0x00, 0x00, 0x00, 0x00, 0x00, 0x00, 0x00, 0x00, 0x00, 0x00, 0x00, 0x00, 0x00, 0x00,
    0x00, 0x00, 0x00, 0x00, 0x00, 0x00, 0x00, 0x00, 0x00, 0x00, 0x00, 0x00, 0x00, 0x00, 0x00, 0x00,
    0x00, 0x00, 0x00, 0x00, 0x00, 0x00, 0x00, 0x00, 0x00, 0x00, 0x00, 0x00, 0x00, 0x00, 0x00, 0x00,
    0x00, 0x00, 0x00, 0x00, 0x00, 0x00, 0x00, 0x00, 0x00, 0x00, 0x00, 0x00, 0x00, 0x00, 0x00, 0x00,
    0xff, 0xff, 0xff, 0xff, 0xff, 0xff, 0xff, 0xff, 0xff, 0xff, 0xff, 0xff, 0x00, 0x00, 0x00, 0x00,
    0x00, 0x00, 0x00, 0x00, 0x00, 0x00, 0x00, 0x00, 0x00, 0x00, 0x00, 0x00, 0x00, 0x00, 0x00, 0x00,
    0x00, 0x00, 0x00, 0x00, 0x00, 0x00, 0x00, 0x00, 0x00, 0x00, 0x00, 0x00, 0x00, 0x00, 0x00, 0x00,
    0x00, 0x00, 0x00, 0x00, 0x00, 0x00, 0x00, 0x00, 0x00, 0x00, 0x00, 0x00, 0x00, 0x00, 0x00, 0x00,
    0x00, 0x00, 0x00, 0x00, 0x00, 0x00, 0x00, 0x00, 0x00, 0x00, 0x00, 0x00, 0x00, 0x00, 0xff, 0xff,
    0xda, 0xe6, 0xed, 0x93, 0x07, 0x7b, 0xc6, 0x7a, 0x09, 0x7b, 0xf6, 0xc5, 0xff, 0xff, 0x93, 0xce,
    0x00, 0x00, 0x00, 0x00, 0x00, 0x00, 0x00, 0x00, 0x00, 0x00, 0x00, 0x00, 0x00, 0x00, 0x00, 0x00,
    0x00, 0x00, 0x00, 0x00, 0x00, 0x00, 0x00, 0x00, 0x00, 0x00, 0x00, 0x00, 0x00, 0x00, 0x00, 0x00,
    0x00, 0x00, 0x00, 0x00, 0x00, 0x00, 0x00, 0x00, 0x00, 0x00, 0x00, 0x00, 0x00, 0x00, 0x00, 0x00,
    0x00, 0x00, 0x00, 0x00, 0x00, 0x00, 0x00, 0x00, 0x00, 0x00, 0x73, 0xce, 0xff, 0xff, 0xd0, 0xac,
    0x83, 0x7a, 0x26, 0xbc, 0xc7, 0xd4, 0xc7, 0xd4, 0xc4, 0xb3, 0xa0, 0x61, 0xb0, 0xa4, 0xff, 0xff,
    0x00, 0x00, 0x00, 0x00, 0x00, 0x00, 0x00, 0x00, 0x00, 0x00, 0x00, 0x00, 0x00, 0x00, 0x00, 0x00,
    0x00, 0x00, 0x00, 0x00, 0x00, 0x00, 0x00, 0x00, 0x00, 0x00, 0x00, 0x00, 0x00, 0x00, 0x00, 0x00,
    0x00, 0x00, 0x00, 0x00, 0x00, 0x00, 0x00, 0x00, 0x00, 0x00, 0x00, 0x00, 0x00, 0x00, 0x00, 0x00,
    0x00, 0x00, 0x00, 0x00, 0x00, 0x00, 0x00, 0x00, 0x00, 0x00, 0xff, 0xff, 0x6f, 0xa4, 0x81, 0x8a,
    0x08, 0xdd, 0x83, 0xab, 0x40, 0x82, 0xa1, 0x92, 0x05, 0xc4, 0x04, 0xc4, 0x80, 0x59, 0x58, 0xd6,
    0xff, 0xff, 0x00, 0x00, 0x00, 0x00, 0x00, 0x00, 0x00, 0x00, 0x00, 0x00, 0x00, 0x00, 0x00, 0x00,
    0x00, 0x00, 0x00, 0x00, 0x00, 0x00, 0x00, 0x00, 0x00, 0x00, 0x00, 0x00, 0x00, 0x00, 0x00, 0x00,
    0x00, 0x00, 0x00, 0x00, 0x00, 0x00, 0x00, 0x00, 0x00, 0x00, 0x00, 0x00, 0x00, 0x00, 0xff, 0xff,
    0xff, 0xff, 0xff, 0xff, 0xff, 0xff, 0xff, 0xff, 0xff, 0xff, 0xb5, 0xc5, 0x41, 0x7a, 0xa6, 0xd4,
    0x00, 0x7a, 0xe3, 0x61, 0x8b, 0x83, 0x44, 0x6a, 0xe0, 0x71, 0x04, 0xc4, 0xa1, 0x92, 0x09, 0x7b,
    0xff, 0xff, 0x00, 0x00, 0x00, 0x00, 0x00, 0x00, 0x00, 0x00, 0x00, 0x00, 0x00, 0x00, 0x00, 0x00,
    0x00, 0x00, 0x00, 0x00, 0x00, 0x00, 0x00, 0x00, 0x00, 0x00, 0x00, 0x00, 0x00, 0x00, 0x00, 0x00,
    0x00, 0x00, 0x00, 0x00, 0x00, 0x00, 0x00, 0x00, 0x00, 0x00, 0x00, 0x00, 0xff, 0xff, 0x7d, 0xf7,
    0xf1, 0xb4, 0x0b, 0x9c, 0x0c, 0x9c, 0xd5, 0xcd, 0x17, 0xce, 0x83, 0x7a, 0x25, 0xc4, 0x00, 0x7a,
    0x29, 0x7b, 0x9e, 0xf7, 0xff, 0xff, 0x5c, 0xef, 0x04, 0x62, 0xe2, 0x9a, 0x83, 0xb3, 0x02, 0x6a,
    0x5d, 0xef, 0xff, 0xff, 0x00, 0x00, 0x00, 0x00, 0x00, 0x00, 0x00, 0x00, 0x00, 0x00, 0x00, 0x00,
    0x00, 0x00, 0x00, 0x00, 0x00, 0x00, 0x00, 0x00, 0x00, 0x00, 0x00, 0x00, 0x00, 0x00, 0x00, 0x00,
    0x00, 0x00, 0x00, 0x00, 0x00, 0x00, 0x00, 0x00, 0x00, 0x00, 0xff, 0xff, 0xf6, 0xcd, 0xe4, 0x8a,
    0xe5, 0xb3, 0x25, 0xbc, 0xa3, 0xb3, 0x81, 0x8a, 0x61, 0x82, 0xc4, 0xb3, 0x81, 0x8a, 0x86, 0x6a,
    0xdf, 0xff, 0xff, 0xff, 0x00, 0x00, 0xff, 0xff, 0x2e, 0x9c, 0x20, 0x82, 0xe4, 0xc3, 0xe0, 0x69,
    0xda, 0xde, 0xff, 0xff, 0xff, 0xff, 0xff, 0xff, 0xff, 0xff, 0xff, 0xff, 0x00, 0x00, 0x00, 0x00,
    0x00, 0x00, 0x00, 0x00, 0x00, 0x00, 0x00, 0x00, 0x00, 0x00, 0x00, 0x00, 0x00, 0x00, 0x00, 0x00,
    0x00, 0x00, 0x00, 0x00, 0x00, 0x00, 0x00, 0x00, 0xff, 0xff, 0x57, 0xd6, 0xe3, 0x8a, 0x49, 0xdd,
    0x28, 0xe5, 0x65, 0xcc, 0x23, 0xa3, 0xa2, 0x8a, 0xa2, 0x8a, 0x81, 0x8a, 0xa1, 0x59, 0xfb, 0xe6,
    0xff, 0xff, 0x00, 0x00, 0x00, 0x00, 0xff, 0xff, 0x12, 0xb5, 0x20, 0x7a, 0xe4, 0xc3, 0xe1, 0x69,
    0x6a, 0x8b, 0x67, 0x93, 0x04, 0x93, 0xe5, 0x82, 0x6e, 0xa4, 0x9e, 0xf7, 0xff, 0xff, 0xff, 0xff,
    0xff, 0xff, 0xff, 0xff, 0x00, 0x00, 0x00, 0x00, 0x00, 0x00, 0x00, 0x00, 0x00, 0x00, 0x00, 0x00,
    0x00, 0x00, 0x00, 0x00, 0x00, 0x00, 0x00, 0x00, 0xff, 0xff, 0x46, 0x93, 0x08, 0xdd, 0xc7, 0xd4,
    0x04, 0xc4, 0x03, 0x9b, 0x61, 0x82, 0x81, 0x8a, 0xc2, 0x92, 0xa0, 0x69, 0x90, 0xa4, 0xff, 0xff,
    0x00, 0x00, 0x00, 0x00, 0x00, 0x00, 0xff, 0xff, 0xb0, 0xa4, 0x40, 0x82, 0xc4, 0xbb, 0x41, 0x82,
    0xc1, 0x92, 0xc0, 0x9a, 0xe1, 0x9a, 0xa3, 0xb3, 0xa1, 0x92, 0xc4, 0x82, 0x25, 0x93, 0x05, 0x8b,
    0x89, 0x93, 0xda, 0xe6, 0xff, 0xff, 0x00, 0x00, 0x00, 0x00, 0x00, 0x00, 0x00, 0x00, 0x00, 0x00,
    0x00, 0x00, 0x00, 0x00, 0x00, 0x00, 0xff, 0xff, 0xd5, 0xcd, 0x83, 0xa3, 0x08, 0xdd, 0x25, 0xc4,
    0x23, 0x9b, 0xa2, 0x92, 0xe4, 0xbb, 0xc2, 0x92, 0x02, 0xa3, 0x80, 0x61, 0x38, 0xce, 0xff, 0xff,
    0x00, 0x00, 0x00, 0x00, 0x00, 0x00, 0xff, 0xff, 0x6a, 0x83, 0xc1, 0x9a, 0xc4, 0xbb, 0x42, 0xab,
    0xe0, 0x71, 0x08, 0x7b, 0x6a, 0x83, 0xe1, 0x69, 0x23, 0xa3, 0xe2, 0x9a, 0x63, 0xab, 0x08, 0xdd,
    0x25, 0xc4, 0x42, 0x7a, 0x58, 0xd6, 0xff, 0xff, 0x00, 0x00, 0x00, 0x00, 0x00, 0x00, 0x00, 0x00,
    0x00, 0x00, 0x00, 0x00, 0x00, 0x00, 0xff, 0xff, 0x0b, 0xa4, 0x04, 0xbc, 0xa6, 0xd4, 0x86, 0xcc,
    0x81, 0x8a, 0xe4, 0xbb, 0x25, 0xc4, 0xe2, 0x9a, 0x22, 0xa3, 0xe0, 0x71, 0x4f, 0x9c, 0xff, 0xff,
    0x00, 0x00, 0x00, 0x00, 0x00, 0x00, 0xff, 0xff, 0x23, 0x6a, 0x82, 0xb3, 0x63, 0xab, 0x80, 0x61,
    0xb0, 0xa4, 0xff, 0xff, 0xff, 0xff, 0xed, 0x93, 0x80, 0x8a, 0x04, 0xc4, 0xa2, 0x8a, 0x02, 0x9b,
    0xc7, 0xd4, 0xe3, 0xbb, 0xa4, 0x7a, 0xbe, 0xf7, 0x54, 0xc6, 0x00, 0x00, 0x00, 0x00, 0x00, 0x00,
    0x00, 0x00, 0x00, 0x00, 0x00, 0x00, 0xff, 0xff, 0x45, 0x93, 0x04, 0xc4, 0xe7, 0xdc, 0x63, 0xab,
    0x02, 0x9b, 0xe4, 0xbb, 0x24, 0xc4, 0x02, 0xa3, 0x02, 0xa3, 0x60, 0x8a, 0xa6, 0x72, 0xff, 0xff,
    0x00, 0x00, 0x00, 0x00, 0xff, 0xff, 0x94, 0xbd, 0x00, 0x7a, 0x04, 0xc4, 0x00, 0x7a, 0x4a, 0x83,
    0xff, 0xff, 0x39, 0xe7, 0xff, 0xff, 0x2e, 0x9c, 0x80, 0x8a, 0xa6, 0xd4, 0x04, 0xbc, 0x23, 0x9b,
    0x43, 0xa3, 0x86, 0xcc, 0x80, 0x8a, 0x74, 0xbd, 0xff, 0xff, 0x00, 0x00, 0x00, 0x00, 0x00, 0x00,
    0x00, 0x00, 0x00, 0x00, 0xff, 0xff, 0xda, 0xe6, 0xc1, 0x8a, 0x85, 0xd4, 0x65, 0xcc, 0x02, 0x9b,
    0x04, 0xc4, 0xa3, 0xb3, 0x24, 0xc4, 0x22, 0xa3, 0xe2, 0x9a, 0x60, 0x8a, 0xa6, 0x72, 0xff, 0xff,
    0x00, 0x00, 0x00, 0x00, 0xff, 0xff, 0x08, 0x83, 0x01, 0xa3, 0x83, 0xb3, 0x80, 0x59, 0xb9, 0xde,
    0x5a, 0xe7, 0xf7, 0xd6, 0x5c, 0xef, 0xe2, 0x61, 0xa3, 0xb3, 0x66, 0xcc, 0x66, 0xcc, 0x25, 0xc4,
    0x23, 0x9b, 0xa6, 0xd4, 0x01, 0x9b, 0xec, 0x9b, 0xff, 0xff, 0x00, 0x00, 0x00, 0x00, 0x00, 0x00,
    0x00, 0x00, 0x00, 0x00, 0xff, 0xff, 0xeb, 0x9b, 0x83, 0xab, 0xa6, 0xd4, 0xa4, 0xab, 0x63, 0xab,
    0x65, 0xcc, 0x83, 0xb3, 0xe4, 0xc3, 0x22, 0xa3, 0xe2, 0x9a, 0xc0, 0x71, 0xed, 0x93, 0xff, 0xff,
    0x00, 0x00, 0xff, 0xff, 0xfb, 0xe6, 0x01, 0x72, 0xe4, 0xc3, 0x60, 0x8a, 0xa6, 0x72, 0xff, 0xff,
    0x31, 0xb6, 0xfe, 0xff, 0x90, 0xa4, 0xe0, 0x71, 0x04, 0xc4, 0xa4, 0xb3, 0x86, 0xd4, 0x25, 0xc4,
    0xc2, 0x92, 0x45, 0xcc, 0x62, 0xab, 0x07, 0x83, 0xff, 0xff, 0x00, 0x00, 0x00, 0x00, 0x00, 0x00,
    0x00, 0x00, 0xff, 0xff, 0x31, 0xbd, 0x42, 0xa3, 0x65, 0xcc, 0x04, 0xc4, 0xa2, 0x92, 0xe4, 0xbb,
    0x45, 0xcc, 0x83, 0xb3, 0x83, 0xb3, 0xe2, 0x9a, 0xa1, 0x92, 0xc1, 0x61, 0x1b, 0xe7, 0xf9, 0xde,
    0x00, 0x00, 0xff, 0xff, 0x6e, 0xa4, 0x80, 0x8a, 0x05, 0xc4, 0xa0, 0x69, 0xb0, 0xa4, 0xde, 0xff,
    0x8a, 0x84, 0xff, 0xff, 0x6a, 0x83, 0x60, 0x8a, 0xc4, 0xbb, 0x83, 0xb3, 0x45, 0xc4, 0xe4, 0xbb,
    0x63, 0xa3, 0x63, 0xa3, 0x24, 0xcc, 0x20, 0x7a, 0x78, 0xde, 0xff, 0xff, 0x00, 0x00, 0x00, 0x00,
    0x00, 0x00, 0xff, 0xff, 0xe4, 0x8a, 0x62, 0xab, 0xe4, 0xbb, 0xc4, 0xb3, 0xe2, 0x9a, 0xc4, 0xbb,
    0x24, 0xc4, 0x63, 0xab, 0x22, 0xa3, 0xe2, 0x9a, 0x20, 0x82, 0xab, 0x8b, 0xff, 0xff, 0x00, 0x00,
    0x00, 0x00, 0xff, 0xff, 0x85, 0x72, 0x62, 0xab, 0x63, 0xb3, 0x60, 0x59, 0x98, 0xde, 0xd8, 0xd6,
    0x00, 0x00, 0xff, 0xff, 0xab, 0x8b, 0x20, 0x82, 0x83, 0xb3, 0x83, 0xb3, 0x04, 0xc4, 0xe4, 0xbb,
    0x04, 0xbc, 0xc2, 0x92, 0xe4, 0xbb, 0x80, 0x8a, 0x4e, 0xa4, 0xff, 0xff, 0x00, 0x00, 0x00, 0x00,
    0x00, 0x00, 0xff, 0xff, 0x93, 0xc5, 0x61, 0x82, 0x04, 0xc4, 0x04, 0xbc, 0x23, 0xa3, 0xe4, 0xbb,
    0xe4, 0xbb, 0x22, 0xa3, 0x20, 0x82, 0x61, 0x8a, 0x40, 0x82, 0x11, 0xb5, 0xff, 0xff, 0x00, 0x00,
    0xff, 0xff, 0x3b, 0xef, 0xe1, 0x69, 0xe4, 0xbb, 0xc1, 0x9a, 0xa1, 0x59, 0xbe, 0xff, 0x00, 0x00,
    0x00, 0x00, 0xff, 0xff, 0xf6, 0xcd, 0x60, 0x61, 0xe2, 0x9a, 0x23, 0xa3, 0xe4, 0xbb, 0x04, 0xc4,
    0xc4, 0xb3, 0x02, 0x9b, 0x83, 0xb3, 0x40, 0x8a, 0x4e, 0xa4, 0xff, 0xff, 0x00, 0x00, 0x00, 0x00,
    0x00, 0x00, 0x34, 0xc6, 0xff, 0xff, 0x26, 0x93, 0xc3, 0xbb, 0xe4, 0xbb, 0x83, 0xab, 0x04, 0xc4,
    0x83, 0xb3, 0x61, 0x8a, 0x28, 0x83, 0x27, 0x8b, 0x20, 0x61, 0x73, 0xc5, 0xff, 0xff, 0x00, 0x00,
    0xff, 0xff, 0x94, 0xbd, 0x00, 0x7a, 0xe4, 0xc3, 0x40, 0x8a, 0x24, 0x62, 0xff, 0xff, 0x00, 0x00,
    0x00, 0x00, 0x00, 0x00, 0xff, 0xff, 0x2e, 0x9c, 0x80, 0x61, 0xe2, 0x9a, 0x83, 0xb3, 0xc4, 0xbb,
    0x83, 0xab, 0xe2, 0x92, 0x83, 0xb3, 0x00, 0x7a, 0x94, 0xc5, 0xff, 0xff, 0x00, 0x00, 0x00, 0x00,
    0x00, 0x00, 0x00, 0x00, 0xff, 0xff, 0x0c, 0xa4, 0x62, 0xb3, 0xc4, 0xb3, 0xe4, 0xbb, 0xe4, 0xbb,
    0x63, 0xab, 0xe0, 0x71, 0x98, 0xde, 0x5c, 0xef, 0xcd, 0x9b, 0x7d, 0xf7, 0xff, 0xff, 0x00, 0x00,
    0xff, 0xff, 0x4e, 0xa4, 0x60, 0x8a, 0xc4, 0xbb, 0x00, 0x7a, 0x86, 0x72, 0xff, 0xff, 0x00, 0x00,
    0x00, 0x00, 0x00, 0x00, 0x00, 0x00, 0xff, 0xff, 0x6a, 0x83, 0x60, 0x8a, 0x23, 0xab, 0x43, 0xab,
    0xe4, 0xbb, 0x23, 0xa3, 0x23, 0xa3, 0x00, 0x7a, 0xb5, 0xc5, 0xff, 0xff, 0x00, 0x00, 0x00, 0x00,
    0x00, 0x00, 0x00, 0x00, 0xff, 0xff, 0x6d, 0xac, 0x41, 0xab, 0xe4, 0xbb, 0x25, 0xc4, 0x83, 0xb3,
    0x60, 0x8a, 0x07, 0x83, 0xbe, 0xff, 0xff, 0xff, 0xff, 0xff, 0xff, 0xff, 0x00, 0x00, 0x00, 0x00,
    0xff, 0xff, 0x8b, 0x8b, 0xc1, 0x9a, 0xa3, 0xbb, 0xe0, 0x79, 0xc7, 0x72, 0xff, 0xff, 0x00, 0x00,
    0x00, 0x00, 0x00, 0x00, 0x00, 0x00, 0xff, 0xff, 0x32, 0xb5, 0x60, 0x8a, 0x02, 0xa3, 0xe2, 0x9a,
    0xc3, 0xbb, 0xa3, 0xb3, 0x43, 0xa3, 0xc1, 0x9a, 0xe7, 0x7a, 0xff, 0xff, 0x53, 0xc6, 0x00, 0x00,
    0x00, 0x00, 0x00, 0x00, 0xff, 0xff, 0x46, 0x93, 0xe3, 0xbb, 0x04, 0xc4, 0xc1, 0x9a, 0x00, 0x7a,
    0xc5, 0x82, 0xfb, 0xe6, 0xff, 0xff, 0x00, 0x00, 0x00, 0x00, 0x00, 0x00, 0x00, 0x00, 0x00, 0x00,
    0xff, 0xff, 0x29, 0x83, 0xe1, 0x9a, 0x83, 0xb3, 0xe0, 0x79, 0xa6, 0x72, 0xff, 0xff, 0x00, 0x00,
    0x00, 0x00, 0x00, 0x00, 0x00, 0x00, 0xff, 0xff, 0x6f, 0xa4, 0xa0, 0x71, 0x21, 0x72, 0x20, 0x7a,
    0x43, 0xab, 0xc4, 0xbb, 0x63, 0xab, 0xa3, 0xb3, 0x20, 0x7a, 0x32, 0xb5, 0xff, 0xff, 0x00, 0x00,
    0x00, 0x00, 0xff, 0xff, 0xd5, 0xcd, 0x02, 0x9b, 0x45, 0xcc, 0x20, 0x82, 0x48, 0x8b, 0xf6, 0xcd,
    0xff, 0xff, 0xff, 0xff, 0x00, 0x00, 0x00, 0x00, 0x00, 0x00, 0x00, 0x00, 0x00, 0x00, 0x00, 0x00,
    0xff, 0xff, 0x08, 0x83, 0xc1, 0x9a, 0x63, 0xb3, 0x20, 0x82, 0x44, 0x6a, 0xff, 0xff, 0x00, 0x00,
    0x00, 0x00, 0x00, 0x00, 0x00, 0x00, 0xff, 0xff, 0x78, 0xde, 0x4a, 0x8b, 0x78, 0xd6, 0x0c, 0x9c,
    0xa0, 0x69, 0xc1, 0x9a, 0xa3, 0xb3, 0x43, 0xab, 0xe1, 0x9a, 0x07, 0x83, 0xff, 0xff, 0x00, 0x00,
    0x00, 0x00, 0xff, 0xff, 0xcf, 0xb4, 0x62, 0xab, 0xc1, 0x9a, 0x8a, 0x93, 0xff, 0xff, 0xff, 0xff,
    0x00, 0x00, 0x00, 0x00, 0x00, 0x00, 0x00, 0x00, 0x00, 0x00, 0x00, 0x00, 0x00, 0x00, 0x00, 0x00,
    0xff, 0xff, 0x29, 0x83, 0x80, 0x92, 0x63, 0xb3, 0x61, 0x8a, 0xc2, 0x61, 0xbe, 0xff, 0x00, 0x00,
    0x00, 0x00, 0x00, 0x00, 0x00, 0x00, 0x00, 0x00, 0xff, 0xff, 0xff, 0xff, 0xff, 0xff, 0xff, 0xff,
    0x53, 0xbd, 0x85, 0x7a, 0x40, 0x82, 0x43, 0xab, 0xc1, 0x92, 0xe6, 0x82, 0xff, 0xff, 0x00, 0x00,
    0x00, 0x00, 0xff, 0xff, 0x78, 0xde, 0x60, 0x82, 0x00, 0x7a, 0x16, 0xd6, 0xff, 0xff, 0x00, 0x00,
    0x00, 0x00, 0x00, 0x00, 0x00, 0x00, 0x00, 0x00, 0x00, 0x00, 0x00, 0x00, 0x00, 0x00, 0x00, 0x00,
    0xff, 0xff, 0xab, 0x8b, 0x40, 0x8a, 0x63, 0xb3, 0xa2, 0x92, 0x60, 0x59, 0x79, 0xde, 0xff, 0xff,
    0x00, 0x00, 0x00, 0x00, 0x00, 0x00, 0x00, 0x00, 0x00, 0x00, 0x00, 0x00, 0x00, 0x00, 0x00, 0x00,
    0xff, 0xff, 0xbe, 0xff, 0x48, 0x8b, 0xa1, 0x92, 0x60, 0x8a, 0xeb, 0x9b, 0xff, 0xff, 0x00, 0x00,
    0x00, 0x00, 0x00, 0x00, 0xff, 0xff, 0x11, 0xbd, 0x64, 0x7a, 0x1b, 0xef, 0xff, 0xff, 0x00, 0x00,
    0x00, 0x00, 0x00, 0x00, 0x00, 0x00, 0x00, 0x00, 0x00, 0x00, 0x00, 0x00, 0x00, 0x00, 0x00, 0x00,
    0xff, 0xff, 0x4f, 0xa4, 0x00, 0x7a, 0x63, 0xb3, 0xe2, 0x9a, 0x80, 0x69, 0x4f, 0x9c, 0xff, 0xff,
    0x00, 0x00, 0x00, 0x00, 0x00, 0x00, 0x00, 0x00, 0x00, 0x00, 0x00, 0x00, 0x00, 0x00, 0x00, 0x00,
    0x00, 0x00, 0xff, 0xff, 0x78, 0xde, 0xa0, 0x69, 0xe0, 0x71, 0x99, 0xde, 0xff, 0xff, 0x00, 0x00,
    0x00, 0x00, 0x00, 0x00, 0x00, 0x00, 0xff, 0xff, 0xff, 0xff, 0xff, 0xff, 0x00, 0x00, 0x00, 0x00,
    0x00, 0x00, 0x00, 0x00, 0x00, 0x00, 0x00, 0x00, 0x00, 0x00, 0x00, 0x00, 0x00, 0x00, 0x00, 0x00,
    0xff, 0xff, 0xf6, 0xcd, 0x40, 0x59, 0x81, 0x92, 0xa1, 0x92, 0x40, 0x61, 0xc7, 0x72, 0xff, 0xff,
    0x00, 0x00, 0x00, 0x00, 0x00, 0x00, 0x00, 0x00, 0x00, 0x00, 0x00, 0x00, 0x00, 0x00, 0x00, 0x00,
    0x00, 0x00, 0x00, 0x00, 0xff, 0xff, 0x8a, 0x93, 0x94, 0xc5, 0xff, 0xff, 0x00, 0x00, 0x00, 0x00,
    0x00, 0x00, 0x00, 0x00, 0x00, 0x00, 0x00, 0x00, 0x00, 0x00, 0x00, 0x00, 0x00, 0x00, 0x00, 0x00,
    0x00, 0x00, 0x00, 0x00, 0x00, 0x00, 0x00, 0x00, 0x00, 0x00, 0x00, 0x00, 0x00, 0x00, 0x00, 0x00,
    0x00, 0x00, 0xff, 0xff, 0xb0, 0xac, 0x65, 0x72, 0x44, 0x72, 0xe8, 0x7a, 0x79, 0xde, 0xff, 0xff,
    0x00, 0x00, 0x00, 0x00, 0x00, 0x00, 0x00, 0x00, 0x00, 0x00, 0x00, 0x00, 0x00, 0x00, 0x00, 0x00,
    0x00, 0x00, 0x00, 0x00, 0xff, 0xff, 0xff, 0xff, 0xff, 0xff, 0x00, 0x00, 0x00, 0x00, 0x00, 0x00,
    0x00, 0x00, 0x00, 0x00, 0x00, 0x00, 0x00, 0x00, 0x00, 0x00, 0x00, 0x00, 0x00, 0x00, 0x00, 0x00,
    0x00, 0x00, 0x00, 0x00, 0x00, 0x00, 0x00, 0x00, 0x00, 0x00, 0x00, 0x00, 0x00, 0x00, 0x00, 0x00,
    0x00, 0x00, 0x00, 0x00, 0xff, 0xff, 0xff, 0xff, 0xff, 0xff, 0xff, 0xff, 0xff, 0xff, 0x00, 0x00,
    0x00, 0x00, 0x00, 0x00, 0x00, 0x00, 0x00, 0x00, 0x00, 0x00, 0x00, 0x00, 0x00, 0x00, 0x00, 0x00,
    0x00, 0x00, 0x00, 0x00, 0x00, 0x00, 0x00, 0x00, 0x00, 0x00, 0x00, 0x00, 0x00, 0x00, 0x00, 0x00,
    0x00, 0x00, 0x00, 0x00, 0x00, 0x00, 0x00, 0x00, 0x00, 0x00, 0x00, 0x00, 0x00, 0x00, 0x00, 0x00,
    0x00, 0x00, 0x00, 0x00, 0x00, 0x00, 0x00, 0x00, 0x00, 0x00, 0x00, 0x00, 0x00, 0x00, 0x00, 0x00,
    0x00, 0x00, 0x00, 0x00, 0x00, 0x00, 0x00, 0x00, 0x00, 0x00, 0x00, 0x00, 0x00, 0x00, 0x00, 0x00,
    0x00, 0x00, 0x00, 0x00, 0x00, 0x00, 0x00, 0x00, 0x00, 0x00, 0x00, 0x00, 0x00, 0x00, 0x00, 0x00,
    0x00, 0x00, 0x00, 0x00, 0x00, 0x00, 0x00, 0x00, 0x00, 0x00, 0x00, 0x00, 0x00, 0x00, 0x00, 0x00,
    0x00, 0x00, 0x00, 0x00, 0x00, 0x00, 0x00, 0x00, 0x00, 0x00, 0x00, 0x00, 0x00, 0x00, 0x00, 0x00,
    0x00, 0x00, 0x00, 0x00, 0x00, 0x00, 0x00, 0x00, 0x00, 0x00, 0x00, 0x00, 0x00, 0x00, 0x00, 0x00,
    0x00, 0x00, 0x00, 0x00, 0x00, 0x00, 0x00, 0x00, 0x00, 0x00, 0x00, 0x00, 0x00, 0x00, 0x00, 0x00,
    0x00, 0x00, 0x00, 0x00, 0x00, 0x00, 0x00, 0x00, 0x00, 0x00, 0x00, 0x00, 0x00, 0x00, 0x00, 0x00,
    0x00, 0x00, 0x00, 0x00, 0x00, 0x00, 0x00, 0x00, 0x00, 0x00, 0x00, 0x00, 0x00, 0x00, 0x00, 0x00,
    0x00, 0x00, 0x00, 0x00, 0x00, 0x00, 0x00, 0x00, 0x00, 0x00, 0x00, 0x00, 0x00, 0x00, 0x00, 0x00,
    0x00, 0x00, 0x00, 0x00, 0x00, 0x00, 0x00, 0x00, 0x00, 0x00, 0x00, 0x00, 0x00, 0x00, 0x00, 0x00,
    0x00, 0x00, 0x00, 0x00, 0x00, 0x00, 0x00, 0x00, 0x00, 0x00, 0x00, 0x00, 0x00, 0x00, 0x00, 0x00,
    0x00, 0x00, 0x00, 0x00, 0x00, 0x00, 0x00, 0x00, 0x00, 0x00, 0x00, 0x00, 0x00, 0x00, 0x00, 0x00,
    0x00, 0x00, 0x00, 0x00, 0x00, 0x00, 0x00, 0x00, 0x00, 0x00, 0x00, 0x00, 0x00, 0x00, 0x00, 0x00,
    0x00, 0x00, 0x00, 0x00, 0x00, 0x00, 0x00, 0x00, 0x00, 0x00, 0x00, 0x00, 0x00, 0x00, 0x00, 0x00,
    0xff, 0xff, 0xff, 0xff, 0xff, 0xff, 0x00, 0x00, 0x00, 0x00, 0x00, 0x00, 0x00, 0x00, 0x00, 0x00,
    0x00, 0x00, 0x00, 0x00, 0x00, 0x00, 0x00, 0x00, 0x00, 0x00, 0x00, 0x00, 0x00, 0x00, 0x00, 0x00,
    0x00, 0x00, 0x00, 0x00, 0x00, 0x00, 0x00, 0xff, 0xff, 0xff, 0xff, 0xff, 0xff, 0xff, 0xff, 0xff,
    0x00, 0x00, 0x00, 0x00, 0x00, 0x00, 0x00, 0x00, 0x00, 0x00, 0x00, 0x00, 0x00, 0x00, 0x00, 0x00,
    0x00, 0x00, 0x00, 0x00, 0x00, 0x00, 0x00, 0x00, 0x00, 0x00, 0x00, 0x00, 0x00, 0xff, 0xff, 0xff,
    0xff, 0xff, 0xff, 0xff, 0xff, 0xff, 0xff, 0xff, 0x00, 0x00, 0x00, 0x00, 0x00, 0x00, 0x00, 0x00,
    0x00, 0x00, 0x00, 0x00, 0x00, 0x00, 0x00, 0x00, 0x00, 0x00, 0x00, 0x00, 0x00, 0x00, 0x00, 0x00,
    0x00, 0x00, 0x00, 0x00, 0x00, 0xff, 0xff, 0xff, 0xff, 0xff, 0xff, 0xff, 0xff, 0xff, 0xff, 0xff,
    0xff, 0x00, 0x00, 0x00, 0x00, 0x00, 0x00, 0x00, 0x00, 0x00, 0x00, 0x00, 0x00, 0x00, 0x00, 0x00,
    0x00, 0x00, 0x00, 0x00, 0x00, 0x00, 0x00, 0xff, 0xff, 0xff, 0xff, 0xff, 0xff, 0xff, 0xff, 0xff,
    0xff, 0xff, 0xff, 0xff, 0xff, 0xff, 0xff, 0xff, 0xff, 0x00, 0x00, 0x00, 0x00, 0x00, 0x00, 0x00,
    0x00, 0x00, 0x00, 0x00, 0x00, 0x00, 0x00, 0x00, 0x00, 0x00, 0x00, 0x00, 0x00, 0x00, 0xff, 0xff,
    0xff, 0xff, 0xff, 0xff, 0xff, 0xff, 0xff, 0xff, 0xff, 0xff, 0xff, 0xff, 0xff, 0xff, 0xff, 0xff,
    0xff, 0xff, 0x00, 0x00, 0x00, 0x00, 0x00, 0x00, 0x00, 0x00, 0x00, 0x00, 0x00, 0x00, 0x00, 0x00,
    0x00, 0x00, 0x00, 0x00, 0x00, 0xff, 0xff, 0xff, 0xff, 0xff, 0xff, 0xff, 0xff, 0xff, 0xff, 0xff,
    0xff, 0xff, 0x00, 0xff, 0xff, 0xff, 0xff, 0xff, 0xff, 0xff, 0xff, 0xff, 0xff, 0xff, 0x00, 0x00,
    0x00, 0x00, 0x00, 0x00, 0x00, 0x00, 0x00, 0x00, 0x00, 0x00, 0x00, 0x00, 0xff, 0xff, 0xff, 0xff,
    0xff, 0xff, 0xff, 0xff, 0xff, 0xff, 0xff, 0xff, 0xff, 0x00, 0x00, 0xff, 0xff, 0xff, 0xff, 0xff,
    0xff, 0xff, 0xff, 0xff, 0xff, 0xff, 0xff, 0xff, 0xff, 0xff, 0x00, 0x00, 0x00, 0x00, 0x00, 0x00,
    0x00, 0x00, 0x00, 0x00, 0xff, 0xff, 0xff, 0xff, 0xff, 0xff, 0xff, 0xff, 0xff, 0xff, 0xff, 0xff,
    0x00, 0x00, 0x00, 0xff, 0xff, 0xff, 0xff, 0xff, 0xff, 0xff, 0xff, 0xff, 0xff, 0xff, 0xff, 0xff,
    0xff, 0xff, 0xff, 0x00, 0x00, 0x00, 0x00, 0x00, 0x00, 0x00, 0x00, 0xff, 0xff, 0xff, 0xff, 0xff,
    0xff, 0xff, 0xff, 0xff, 0xff, 0xff, 0xff, 0xff, 0x00, 0x00, 0x00, 0xff, 0xff, 0xff, 0xff, 0xff,
    0xff, 0xff, 0xff, 0xff, 0xff, 0xff, 0xff, 0xff, 0xff, 0xff, 0xff, 0xff, 0x00, 0x00, 0x00, 0x00,
    0x00, 0x00, 0x00, 0xff, 0xff, 0xff, 0xff, 0xff, 0xff, 0xff, 0xff, 0xff, 0xff, 0xff, 0xff, 0xff,
    0x00, 0x00, 0x00, 0xff, 0xff, 0xff, 0xff, 0xff, 0xff, 0xff, 0xff, 0xff, 0xff, 0xff, 0xff, 0xff,
    0xff, 0xff, 0xff, 0xff, 0xff, 0x00, 0x00, 0x00, 0x00, 0x00, 0x00, 0xff, 0xff, 0xff, 0xff, 0xff,
    0xff, 0xff, 0xff, 0xff, 0xff, 0xff, 0xff, 0xff, 0x00, 0x00, 0xff, 0xff, 0xff, 0xff, 0xff, 0xff,
    0xff, 0xff, 0xff, 0xff, 0xff, 0xff, 0xff, 0xff, 0xff, 0xff, 0xff, 0xff, 0xff, 0x00, 0x00, 0x00,
    0x00, 0x00, 0xff, 0xff, 0xff, 0xff, 0xff, 0xff, 0xff, 0xff, 0xff, 0xff, 0xff, 0xff, 0xff, 0xff,
    0x00, 0x00, 0xff, 0xff, 0xff, 0xff, 0xff, 0xff, 0xff, 0xff, 0xff, 0xff, 0xff, 0xff, 0xff, 0xff,
    0xff, 0xff, 0xff, 0xff, 0xff, 0x00, 0x00, 0x00, 0x00, 0x00, 0xff, 0xff, 0xff, 0xff, 0xff, 0xff,
    0xff, 0xff, 0xff, 0xff, 0xff, 0xff, 0xff, 0xff, 0x00, 0xff, 0xff, 0xff, 0xff, 0xff, 0xff, 0xff,
    0xff, 0xff, 0xff, 0xff, 0xff, 0xff, 0xff, 0xff, 0xff, 0xff, 0xff, 0xff, 0xff, 0x00, 0x00, 0x00,
    0x00, 0xff, 0xff, 0xff, 0xff, 0xff, 0xff, 0xff, 0xff, 0xff, 0xff, 0xff, 0xff, 0xff, 0xff, 0xff,
    0x00, 0xff, 0xff, 0xff, 0xff, 0xff, 0xff, 0xff, 0xab, 0xff, 0xff, 0xff, 0xff, 0xff, 0xff, 0xff,
    0xff, 0xff, 0xff, 0xff, 0xff, 0xff, 0x00, 0x00, 0x00, 0xff, 0xff, 0xff, 0xff, 0xff, 0xff, 0xff,
    0xff, 0xff, 0xff, 0xff, 0xff, 0xff, 0xff, 0x00, 0x00, 0xff, 0xff, 0xff, 0xff, 0xff, 0xff, 0xff,
    0x00, 0xff, 0xff, 0xff, 0xff, 0xff, 0xff, 0xff, 0xff, 0xff, 0xff, 0xff, 0xff, 0xff, 0x00, 0x00,
    0x00, 0xff, 0xff, 0xff, 0xff, 0xff, 0xff, 0xff, 0xff, 0xff, 0xff, 0xff, 0xff, 0xff, 0xff, 0x00,
    0xff, 0xff, 0xff, 0xff, 0xff, 0xff, 0xff, 0x00, 0x00, 0xff, 0xff, 0xff, 0xff, 0xff, 0xff, 0xff,
    0xff, 0xff, 0xff, 0xff, 0xff, 0xff, 0x00, 0x00, 0x00, 0xff, 0xff, 0xff, 0xff, 0xff, 0xff, 0xff,
    0xff, 0xff, 0xff, 0xff, 0xff, 0xff, 0xff, 0x00, 0xff, 0xff, 0xff, 0xff, 0xff, 0xff, 0xff, 0x00,
    0x00, 0x00, 0xff, 0xff, 0xff, 0xff, 0xff, 0xff, 0xff, 0xff, 0xff, 0xff, 0xff, 0xff, 0x00, 0x00,
    0x00, 0x00, 0xff, 0xff, 0xff, 0xff, 0xff, 0xff, 0xff, 0xff, 0xff, 0xff, 0xff, 0xff, 0xff, 0x00,
    0xff, 0xff, 0xff, 0xff, 0xff, 0xff, 0xff, 0x00, 0x00, 0x00, 0x00, 0xff, 0xff, 0xff, 0xff, 0xff,
    0xff, 0xff, 0xff, 0xff, 0xff, 0xff, 0x00, 0x00, 0x00, 0x00, 0xff, 0xff, 0xff, 0xff, 0xff, 0xff,
    0xff, 0xff, 0xff, 0xff, 0xff, 0xff, 0x00, 0x00, 0xff, 0xff, 0xff, 0xff, 0xff, 0xff, 0xff, 0x00,
    0x00, 0x00, 0x00, 0xff, 0xff, 0xff, 0xff, 0xff, 0xff, 0xff, 0xff, 0xff, 0xff, 0xff, 0xff, 0x00,
    0x00, 0x00, 0xff, 0xff, 0xff, 0xff, 0xff, 0xff, 0xff, 0xff, 0xff, 0x00, 0x00, 0x00, 0x00, 0x00,
    0xff, 0xff, 0xff, 0xff, 0xff, 0xff, 0xff, 0x00, 0x00, 0x00, 0x00, 0xff, 0xff, 0xff, 0xff, 0xff,
    0xff, 0xff, 0xff, 0xff, 0xff, 0xff, 0xff, 0x00, 0x00, 0xff, 0xff, 0xff, 0xff, 0xff, 0xff, 0xff,
    0xff, 0xff, 0x00, 0x00, 0x00, 0x00, 0x00, 0x00, 0xff, 0xff, 0xff, 0xff, 0xff, 0xff, 0xff, 0x00,
    0x00, 0x00, 0x00, 0xff, 0xff, 0xff, 0xff, 0xff, 0xff, 0xff, 0xff, 0xff, 0xff, 0xff, 0xff, 0x00,
    0x00, 0xff, 0xff, 0xff, 0xff, 0xff, 0xff, 0xff, 0x00, 0x00, 0x00, 0x00, 0x00, 0x00, 0x00, 0x00,
    0xff, 0xff, 0xff, 0xff, 0xff, 0xff, 0xff, 0x00, 0x00, 0x00, 0x00, 0x00, 0xff, 0xff, 0xff, 0xff,
    0xff, 0xff, 0xff, 0xff, 0xff, 0xff, 0xff, 0x00, 0x00, 0xff, 0xff, 0xff, 0xff, 0xff, 0xff, 0x00,
    0x00, 0x00, 0x00, 0x00, 0x00, 0x00, 0x00, 0x00, 0xff, 0xff, 0xff, 0xff, 0xff, 0xff, 0xff, 0xff,
    0x00, 0x00, 0x00, 0x00, 0x00, 0x00, 0x00, 0x00, 0xff, 0xff, 0xff, 0xff, 0xff, 0xff, 0xff, 0x00,
    0x00, 0x00, 0xff, 0xff, 0xff, 0xff, 0xff, 0x00, 0x00, 0x00, 0x00, 0x00, 0x00, 0x00, 0x00, 0x00,
    0xff, 0xff, 0xff, 0xff, 0xff, 0xff, 0xff, 0xff, 0x00, 0x00, 0x00, 0x00, 0x00, 0x00, 0x00, 0x00,
    0x00, 0xff, 0xff, 0xff, 0xff, 0xff, 0xff, 0x00, 0x00, 0x00, 0x00, 0xff, 0xff, 0xff, 0x00, 0x00,
    0x00, 0x00, 0x00, 0x00, 0x00, 0x00, 0x00, 0x00, 0xff, 0xff, 0xff, 0xff, 0xff, 0xff, 0xff, 0xff,
    0x00, 0x00, 0x00, 0x00, 0x00, 0x00, 0x00, 0x00, 0x00, 0x00, 0xff, 0xff, 0xff, 0xff, 0x00, 0x00,
    0x00, 0x00, 0x00, 0x00, 0x00, 0x00, 0x00, 0x00, 0x00, 0x00, 0x00, 0x00, 0x00, 0x00, 0x00, 0x00,
    0x00, 0xff, 0xff, 0xff, 0xff, 0xff, 0xff, 0xff, 0x00, 0x00, 0x00, 0x00, 0x00, 0x00, 0x00, 0x00,
    0x00, 0x00, 0xff, 0xff, 0xff, 0x00, 0x00, 0x00, 0x00, 0x00, 0x00, 0x00, 0x00, 0x00, 0x00, 0x00,
    0x00, 0x00, 0x00, 0x00, 0x00, 0x00, 0x00, 0x00, 0x00, 0x00, 0xff, 0xff, 0xff, 0xff, 0xff, 0x00,
    0x00, 0x00, 0x00, 0x00, 0x00, 0x00, 0x00, 0x00, 0x00, 0x00, 0x00, 0x00, 0x00, 0x00, 0x00, 0x00,
    0x00, 0x00, 0x00, 0x00, 0x00, 0x00, 0x00, 0x00, 0x00, 0x00, 0x00, 0x00, 0x00, 0x00, 0x00, 0x00,
    0x00, 0x00, 0x00, 0x00, 0x00, 0x00, 0x00, 0x00, 0x00, 0x00, 0x00, 0x00, 0x00, 0x00, 0x00, 0x00,
    0x00, 0x00, 0x00, 0x00, 0x00, 0x00, 0x00, 0x00, 0x00, 0x00, 0x00, 0x00, 0x00, 0x00, 0x00, 0x00,
    0x00, 0x00, 0x00, 0x00, 0x00, 0x00, 0x00, 0x00, 0x00, 0x00, 0x00, 0x00, 0x00, 0x00, 0x00, 0x00,
    0x00, 0x00, 0x00, 0x00, 0x00, 0x00, 0x00, 0x00, 0x00, 0x00, 0x00, 0x00, 0x00, 0x00, 0x00, 0x00,
};

static const LV_ATTRIBUTE_MEM_ALIGN uint8_t app_farm_crop_carrot_map[] = {
    0x00, 0x00, 0x00, 0x00, 0x00, 0x00, 0x00, 0x00, 0x00, 0x00, 0x00, 0x00, 0x00, 0x00, 0x00, 0x00,
    0x00, 0x00, 0x00, 0x00, 0x00, 0x00, 0x00, 0x00, 0x00, 0x00, 0x00, 0x00, 0x00, 0x00, 0x00, 0x00,
    0x00, 0x00, 0x00, 0x00, 0x00, 0x00, 0xff, 0xff, 0xff, 0xff, 0x00, 0x00, 0x00, 0x00, 0x00, 0x00,
    0x00, 0x00, 0x00, 0x00, 0x00, 0x00, 0x00, 0x00, 0x00, 0x00, 0x00, 0x00, 0x00, 0x00, 0x00, 0x00,
    0x00, 0x00, 0x00, 0x00, 0x00, 0x00, 0x00, 0x00, 0x00, 0x00, 0x00, 0x00, 0x00, 0x00, 0x00, 0x00,
    0x00, 0x00, 0x00, 0x00, 0x00, 0x00, 0x00, 0x00, 0x00, 0x00, 0x00, 0x00, 0x00, 0x00, 0x00, 0x00,
    0x00, 0x00, 0x00, 0x00, 0x00, 0x00, 0x00, 0x00, 0x00, 0x00, 0x00, 0x00, 0x00, 0x00, 0x00, 0x00,
    0x00, 0x00, 0x00, 0x00, 0xff, 0xff, 0x56, 0xbe, 0xd3, 0xad, 0xff, 0xff, 0xff, 0xff, 0xff, 0xff,
    0xff, 0xff, 0xff, 0xff, 0xff, 0xff, 0x00, 0x00, 0x00, 0x00, 0x00, 0x00, 0x00, 0x00, 0x00, 0x00,
    0x00, 0x00, 0x00, 0x00, 0x00, 0x00, 0x00, 0x00, 0x00, 0x00, 0x00, 0x00, 0x00, 0x00, 0x00, 0x00,
    0x00, 0x00, 0x00, 0x00, 0x00, 0x00, 0x00, 0x00, 0x00, 0x00, 0x00, 0x00, 0x00, 0x00, 0x00, 0x00,
    0x00, 0x00, 0x00, 0x00, 0x00, 0x00, 0x00, 0x00, 0x00, 0x00, 0x00, 0x00, 0x00, 0x00, 0x00, 0x00,
    0x00, 0x00, 0xff, 0xff, 0xd4, 0xad, 0xc3, 0x7c, 0x86, 0xa5, 0x4e, 0x95, 0x78, 0xc6, 0x66, 0x74,
    0x47, 0x95, 0x66, 0x74, 0x7d, 0xef, 0x00, 0x00, 0x00, 0x00, 0x00, 0x00, 0x00, 0x00, 0x00, 0x00,
    0x00, 0x00, 0x00, 0x00, 0x00, 0x00, 0x00, 0x00, 0x00, 0x00, 0x00, 0x00, 0x00, 0x00, 0x00, 0x00,
    0x00, 0x00, 0x00, 0x00, 0x00, 0x00, 0x00, 0x00, 0x00, 0x00, 0x00, 0x00, 0x00, 0x00, 0x00, 0x00,
    0x00, 0x00, 0x00, 0x00, 0x00, 0x00, 0x00, 0x00, 0x00, 0x00, 0x00, 0x00, 0x00, 0x00, 0x00, 0x00,
    0xff, 0xff, 0xdf, 0xff, 0x66, 0x6c, 0x23, 0xa6, 0x89, 0xe7, 0xa5, 0x7c, 0x45, 0x6c, 0x4a, 0xe7,
    0x8a, 0xef, 0x82, 0x95, 0x70, 0x9d, 0xff, 0xff, 0x00, 0x00, 0x00, 0x00, 0x00, 0x00, 0x00, 0x00,
    0x00, 0x00, 0x00, 0x00, 0x00, 0x00, 0x00, 0x00, 0x00, 0x00, 0x00, 0x00, 0x00, 0x00, 0x00, 0x00,
    0x00, 0x00, 0x00, 0x00, 0x00, 0x00, 0x00, 0x00, 0x00, 0x00, 0x00, 0x00, 0x00, 0x00, 0x00, 0x00,
    0x00, 0x00, 0x00, 0x00, 0x00, 0x00, 0x00, 0x00, 0xff, 0xff, 0xff, 0xff, 0xff, 0xff, 0xff, 0xff,
    0xed, 0x8c, 0x6a, 0x7c, 0x03, 0x54, 0xe1, 0x8d, 0x84, 0xb6, 0x42, 0x85, 0x05, 0xa6, 0xe7, 0xce,
    0x84, 0xb6, 0x40, 0x7d, 0x6f, 0x95, 0xff, 0xff, 0x00, 0x00, 0x00, 0x00, 0x00, 0x00, 0x00, 0x00,
    0x00, 0x00, 0x00, 0x00, 0x00, 0x00, 0x00, 0x00, 0x00, 0x00, 0x00, 0x00, 0x00, 0x00, 0x00, 0x00,
    0x00, 0x00, 0x00, 0x00, 0x00, 0x00, 0x00, 0x00, 0x00, 0x00, 0x00, 0x00, 0x00, 0x00, 0x00, 0x00,
    0x00, 0x00, 0x00, 0x00, 0x00, 0x00, 0xff, 0xff, 0xd3, 0xad, 0x62, 0x6c, 0x45, 0x8d, 0xc6, 0x5b,
    0x03, 0x85, 0xe5, 0xa5, 0x60, 0x3b, 0x00, 0x6d, 0xc2, 0x8d, 0xc1, 0x8d, 0x02, 0x96, 0xe3, 0x95,
    0x23, 0x9e, 0xa0, 0x64, 0x51, 0x9d, 0xdf, 0xff, 0xff, 0xff, 0x00, 0x00, 0x00, 0x00, 0x00, 0x00,
    0x00, 0x00, 0x00, 0x00, 0x00, 0x00, 0x00, 0x00, 0x00, 0x00, 0x00, 0x00, 0x00, 0x00, 0x00, 0x00,
    0x00, 0x00, 0x00, 0x00, 0x00, 0x00, 0x00, 0x00, 0x00, 0x00, 0x00, 0x00, 0x00, 0x00, 0x00, 0x00,
    0x00, 0x00, 0x00, 0x00, 0x00, 0x00, 0xff, 0xff, 0xa9, 0x74, 0xe1, 0x8d, 0xe6, 0xbe, 0x82, 0x8d,
    0x62, 0x7d, 0x02, 0x96, 0xa1, 0x4b, 0x65, 0x74, 0xa1, 0x64, 0xc1, 0x8d, 0x81, 0x85, 0x61, 0x7d,
    0xc1, 0x85, 0xe1, 0x53, 0xa7, 0x7c, 0xa9, 0x7c, 0xdf, 0xf7, 0x00, 0x00, 0x00, 0x00, 0x00, 0x00,
    0x00, 0x00, 0x00, 0x00, 0x00, 0x00, 0x00, 0x00, 0x00, 0x00, 0x00, 0x00, 0x00, 0x00, 0x00, 0x00,
    0x00, 0x00, 0x00, 0x00, 0x00, 0x00, 0x00, 0x00, 0x00, 0x00, 0x00, 0x00, 0x00, 0x00, 0x00, 0x00,
    0x00, 0x00, 0x00, 0x00, 0xff, 0xff, 0xd9, 0xd6, 0x08, 0x64, 0xc0, 0x64, 0xc2, 0x8d, 0xc2, 0x8d,
    0xe2, 0x8d, 0x00, 0x6d, 0x81, 0x5c, 0x86, 0xae, 0x42, 0x5c, 0x81, 0x7d, 0x21, 0x75, 0x61, 0x7d,
    0x61, 0x7d, 0xa3, 0x8d, 0xc6, 0xb6, 0xc1, 0x6c, 0xf4, 0xad, 0x00, 0x00, 0x00, 0x00, 0x00, 0x00,
    0x00, 0x00, 0x00, 0x00, 0x00, 0x00, 0x00, 0x00, 0x00, 0x00, 0x00, 0x00, 0x00, 0x00, 0x00, 0x00,
    0x00, 0x00, 0x00, 0x00, 0x00, 0x00, 0x00, 0x00, 0x00, 0x00, 0x00, 0x00, 0x00, 0x00, 0x00, 0x00,
    0x00, 0x00, 0xff, 0xff, 0xda, 0xd6, 0xc2, 0x4b, 0x84, 0x8d, 0xa2, 0x85, 0x81, 0x7d, 0x41, 0x75,
    0x41, 0x75, 0x21, 0x6d, 0xc0, 0x54, 0xa1, 0x75, 0x00, 0x4c, 0x41, 0x6d, 0x80, 0x54, 0x21, 0x6d,
    0x81, 0x7d, 0xa1, 0x7d, 0x81, 0x6d, 0x60, 0x33, 0xd9, 0xd6, 0x00, 0x00, 0x00, 0x00, 0x00, 0x00,
    0x00, 0x00, 0x00, 0x00, 0x00, 0x00, 0x00, 0x00, 0x00, 0x00, 0x00, 0x00, 0x00, 0x00, 0x00, 0x00,
    0x00, 0x00, 0x00, 0x00, 0x00, 0x00, 0x00, 0x00, 0x00, 0x00, 0x00, 0x00, 0x00, 0x00, 0x00, 0x00,
    0x00, 0x00, 0xff, 0xff, 0x30, 0x95, 0xe0, 0x33, 0x62, 0x65, 0x61, 0x6d, 0x81, 0x75, 0x61, 0x75,
    0xe1, 0x5c, 0x80, 0x54, 0xa1, 0x4c, 0x41, 0x65, 0xc0, 0x43, 0x01, 0x65, 0x60, 0x4c, 0x21, 0x65,
    0xc1, 0x54, 0x01, 0x5d, 0xa0, 0x3b, 0xee, 0x8c, 0xff, 0xff, 0x00, 0x00, 0x00, 0x00, 0x00, 0x00,
    0x00, 0x00, 0x00, 0x00, 0x00, 0x00, 0x00, 0x00, 0x00, 0x00, 0x00, 0x00, 0x00, 0x00, 0x00, 0x00,
    0x00, 0x00, 0x00, 0x00, 0x00, 0x00, 0x00, 0x00, 0x00, 0x00, 0x00, 0x00, 0x00, 0x00, 0x00, 0x00,
    0x00, 0x00, 0x34, 0xc6, 0xda, 0xd6, 0xe0, 0x22, 0x20, 0x3c, 0x81, 0x4c, 0x60, 0x44, 0xc0, 0x54,
    0x01, 0x55, 0x40, 0x44, 0xa0, 0x33, 0x01, 0x55, 0xc0, 0x3b, 0x80, 0x54, 0x40, 0x4c, 0x20, 0x44,
    0x81, 0x44, 0x01, 0x5d, 0xa2, 0x43, 0xff, 0xff, 0x00, 0x00, 0x00, 0x00, 0x00, 0x00, 0x00, 0x00,
    0x00, 0x00, 0x00, 0x00, 0x00, 0x00, 0x00, 0x00, 0x00, 0x00, 0x00, 0x00, 0x00, 0x00, 0x00, 0x00,
    0x00, 0x00, 0x00, 0x00, 0x00, 0x00, 0x00, 0x00, 0x00, 0x00, 0x00, 0x00, 0x00, 0x00, 0x00, 0x00,
    0x00, 0x00, 0x00, 0x00, 0xff, 0xff, 0x77, 0xc6, 0xc7, 0x5b, 0x60, 0x2b, 0xa1, 0x44, 0xa1, 0x44,
    0xa1, 0x4c, 0xa1, 0x4c, 0xe0, 0x33, 0xe0, 0x3b, 0x00, 0x3c, 0xa0, 0x3b, 0xa0, 0x3b, 0x80, 0x33,
    0x00, 0x34, 0xe0, 0x2b, 0xc4, 0x53, 0xff, 0xff, 0x00, 0x00, 0x00, 0x00, 0x00, 0x00, 0x00, 0x00,
    0x00, 0x00, 0x00, 0x00, 0x00, 0x00, 0x00, 0x00, 0x00, 0x00, 0x00, 0x00, 0x00, 0x00, 0x00, 0x00,
    0x00, 0x00, 0x00, 0x00, 0x00, 0x00, 0x00, 0x00, 0x00, 0x00, 0x00, 0x00, 0x00, 0x00, 0x00, 0x00,
    0x00, 0x00, 0x00, 0x00, 0x00, 0x00, 0xff, 0xff, 0x30, 0x95, 0xc0, 0x2b, 0x02, 0x4d, 0x60, 0x3c,
    0x60, 0x23, 0x00, 0x1b, 0x80, 0x2b, 0x80, 0x33, 0x20, 0x44, 0xa0, 0x3b, 0x40, 0x33, 0x60, 0x33,
    0x66, 0x63, 0x4d, 0x84, 0x5d, 0xe7, 0xff, 0xff, 0x00, 0x00, 0x00, 0x00, 0x00, 0x00, 0x00, 0x00,
    0x00, 0x00, 0x00, 0x00, 0x00, 0x00, 0x00, 0x00, 0x00, 0x00, 0x00, 0x00, 0x00, 0x00, 0x00, 0x00,
    0x00, 0x00, 0x00, 0x00, 0x00, 0x00, 0x00, 0x00, 0x00, 0x00, 0x00, 0x00, 0x00, 0x00, 0x00, 0x00,
    0x00, 0x00, 0x00, 0x00, 0x00, 0x00, 0x34, 0xc6, 0x98, 0xc6, 0xc0, 0x1a, 0x20, 0x1b, 0x21, 0x2b,
    0xce, 0x84, 0xb3, 0xa5, 0xa5, 0x43, 0x60, 0x2b, 0xe0, 0x43, 0xa1, 0x64, 0x00, 0x4c, 0x20, 0x44,
    0x03, 0xab, 0xab, 0xec, 0x8f, 0xdc, 0xfb, 0xf6, 0x00, 0x00, 0x00, 0x00, 0x00, 0x00, 0x00, 0x00,
    0x00, 0x00, 0x00, 0x00, 0x00, 0x00, 0x00, 0x00, 0x00, 0x00, 0x00, 0x00, 0x00, 0x00, 0x00, 0x00,
    0x00, 0x00, 0x00, 0x00, 0x00, 0x00, 0x00, 0x00, 0x00, 0x00, 0x00, 0x00, 0x00, 0x00, 0x00, 0x00,
    0x00, 0x00, 0x00, 0x00, 0x00, 0x00, 0x00, 0x00, 0xff, 0xff, 0x5c, 0xe7, 0x77, 0xc6, 0x3b, 0xe7,
    0xff, 0xff, 0x7d, 0xf7, 0x86, 0x9a, 0xc0, 0x3a, 0x80, 0x2b, 0x61, 0x5c, 0x01, 0x6c, 0x20, 0x83,
    0x41, 0xec, 0x23, 0xfd, 0x48, 0xf5, 0xea, 0xd3, 0xff, 0xff, 0x00, 0x00, 0x00, 0x00, 0x00, 0x00,
    0x00, 0x00, 0x00, 0x00, 0x00, 0x00, 0x00, 0x00, 0x00, 0x00, 0x00, 0x00, 0x00, 0x00, 0x00, 0x00,
    0x00, 0x00, 0x00, 0x00, 0x00, 0x00, 0x00, 0x00, 0x00, 0x00, 0x00, 0x00, 0x00, 0x00, 0x00, 0x00,
    0x00, 0x00, 0x00, 0x00, 0x00, 0x00, 0x00, 0x00, 0x00, 0x00, 0x00, 0x00, 0x00, 0x00, 0x00, 0x00,
    0xff, 0xff, 0x85, 0xaa, 0xc0, 0xd9, 0x00, 0xba, 0x40, 0xa2, 0xe0, 0xb2, 0xa1, 0xdb, 0xc2, 0xfc,
    0xa6, 0xfd, 0xaf, 0xfe, 0xc7, 0xfd, 0x27, 0xf5, 0xb0, 0xdc, 0xff, 0xff, 0x00, 0x00, 0x00, 0x00,
    0x00, 0x00, 0x00, 0x00, 0x00, 0x00, 0x00, 0x00, 0x00, 0x00, 0x00, 0x00, 0x00, 0x00, 0x00, 0x00,
    0x00, 0x00, 0x00, 0x00, 0x00, 0x00, 0x00, 0x00, 0x00, 0x00, 0x00, 0x00, 0x00, 0x00, 0x00, 0x00,
    0x00, 0x00, 0x00, 0x00, 0x00, 0x00, 0x00, 0x00, 0x00, 0x00, 0x00, 0x00, 0x00, 0x00, 0x00, 0x00,
    0xff, 0xff, 0x00, 0xca, 0xa0, 0xf2, 0x80, 0xf2, 0x80, 0xfb, 0x41, 0xfc, 0xa2, 0xfc, 0x03, 0xfd,
    0x24, 0xfd, 0x8d, 0xfe, 0xa8, 0xfd, 0x03, 0xfd, 0x29, 0xd4, 0xff, 0xff, 0x00, 0x00, 0x00, 0x00,
    0x00, 0x00, 0x00, 0x00, 0x00, 0x00, 0x00, 0x00, 0x00, 0x00, 0x00, 0x00, 0x00, 0x00, 0x00, 0x00,
    0x00, 0x00, 0x00, 0x00, 0x00, 0x00, 0x00, 0x00, 0x00, 0x00, 0x00, 0x00, 0x00, 0x00, 0x00, 0x00,
    0x00, 0x00, 0x00, 0x00, 0x00, 0x00, 0x00, 0x00, 0x00, 0x00, 0x00, 0x00, 0x00, 0x00, 0xff, 0xff,
    0x8f, 0xcc, 0x20, 0xda, 0x40, 0xe2, 0xa0, 0xea, 0x60, 0xf3, 0xe1, 0xfb, 0x61, 0xfc, 0xa1, 0xfc,
    0xc2, 0xfc, 0xe2, 0xfc, 0xa6, 0xfd, 0xc2, 0xfc, 0xe4, 0xdb, 0x78, 0xee, 0x00, 0x00, 0x00, 0x00,
    0x00, 0x00, 0x00, 0x00, 0x00, 0x00, 0x00, 0x00, 0x00, 0x00, 0x00, 0x00, 0x00, 0x00, 0x00, 0x00,
    0x00, 0x00, 0x00, 0x00, 0x00, 0x00, 0x00, 0x00, 0x00, 0x00, 0x00, 0x00, 0x00, 0x00, 0x00, 0x00,
    0x00, 0x00, 0x00, 0x00, 0x00, 0x00, 0x00, 0x00, 0x00, 0x00, 0x00, 0x00, 0x00, 0x00, 0x00, 0x00,
    0xb0, 0xcc, 0x40, 0xda, 0x20, 0xe2, 0x60, 0xe2, 0x40, 0xf3, 0xe1, 0xfb, 0x41, 0xfc, 0x81, 0xfc,
    0xc2, 0xfc, 0xc2, 0xfc, 0x82, 0xfc, 0x42, 0xfc, 0x02, 0xec, 0xb4, 0xe5, 0x00, 0x00, 0x00, 0x00,
    0x00, 0x00, 0x00, 0x00, 0x00, 0x00, 0x00, 0x00, 0x00, 0x00, 0x00, 0x00, 0x00, 0x00, 0x00, 0x00,
    0x00, 0x00, 0x00, 0x00, 0x00, 0x00, 0x00, 0x00, 0x00, 0x00, 0x00, 0x00, 0x00, 0x00, 0x00, 0x00,
    0x00, 0x00, 0x00, 0x00, 0x00, 0x00, 0x00, 0x00, 0x00, 0x00, 0x00, 0x00, 0x00, 0x00, 0x00, 0x00,
    0xff, 0xff, 0x40, 0xd2, 0x80, 0xea, 0x80, 0xea, 0x40, 0xfb, 0xc1, 0xfb, 0x21, 0xfc, 0x61, 0xfc,
    0xc2, 0xfc, 0xc2, 0xfc, 0x47, 0xfd, 0x45, 0xfd, 0x01, 0xec, 0x32, 0xdd, 0x00, 0x00, 0x00, 0x00,
    0x00, 0x00, 0x00, 0x00, 0x00, 0x00, 0x00, 0x00, 0x00, 0x00, 0x00, 0x00, 0x00, 0x00, 0x00, 0x00,
    0x00, 0x00, 0x00, 0x00, 0x00, 0x00, 0x00, 0x00, 0x00, 0x00, 0x00, 0x00, 0x00, 0x00, 0x00, 0x00,
    0x00, 0x00, 0x00, 0x00, 0x00, 0x00, 0x00, 0x00, 0x00, 0x00, 0x00, 0x00, 0x00, 0x00, 0x00, 0x00,
    0xff, 0xff, 0x61, 0xba, 0xc0, 0xf2, 0x40, 0xe2, 0x00, 0xf3, 0xc0, 0xfb, 0x01, 0xfc, 0x41, 0xfc,
    0x81, 0xfc, 0xa2, 0xfc, 0xe3, 0xfc, 0xe3, 0xfc, 0x01, 0xf4, 0xd0, 0xdc, 0xff, 0xff, 0x00, 0x00,
    0x00, 0x00, 0x00, 0x00, 0x00, 0x00, 0x00, 0x00, 0x00, 0x00, 0x00, 0x00, 0x00, 0x00, 0x00, 0x00,
    0x00, 0x00, 0x00, 0x00, 0x00, 0x00, 0x00, 0x00, 0x00, 0x00, 0x00, 0x00, 0x00, 0x00, 0x00, 0x00,
    0x00, 0x00, 0x00, 0x00, 0x00, 0x00, 0x00, 0x00, 0x00, 0x00, 0x00, 0x00, 0x00, 0x00, 0x00, 0x00,
    0xff, 0xff, 0xab, 0xbb, 0x60, 0xe2, 0x20, 0xe2, 0x80, 0xea, 0x20, 0xf3, 0x80, 0xf3, 0x21, 0xfc,
    0x61, 0xfc, 0x81, 0xfc, 0xa2, 0xfc, 0xc3, 0xfc, 0xe0, 0xf3, 0xaf, 0xd4, 0xff, 0xff, 0x00, 0x00,
    0x00, 0x00, 0x00, 0x00, 0x00, 0x00, 0x00, 0x00, 0x00, 0x00, 0x00, 0x00, 0x00, 0x00, 0x00, 0x00,
    0x00, 0x00, 0x00, 0x00, 0x00, 0x00, 0x00, 0x00, 0x00, 0x00, 0x00, 0x00, 0x00, 0x00, 0x00, 0x00,
    0x00, 0x00, 0x00, 0x00, 0x00, 0x00, 0x00, 0x00, 0x00, 0x00, 0x00, 0x00, 0x00, 0x00, 0x00, 0x00,
    0x00, 0x00, 0xff, 0xff, 0xc0, 0xb1, 0x60, 0xe2, 0x00, 0xda, 0xc0, 0xf2, 0xa0, 0xfb, 0x01, 0xfc,
    0x41, 0xfc, 0x61, 0xfc, 0x81, 0xfc, 0x21, 0xfc, 0xa0, 0xf3, 0xaf, 0xd4, 0xff, 0xff, 0x00, 0x00,
    0x00, 0x00, 0x00, 0x00, 0x00, 0x00, 0x00, 0x00, 0x00, 0x00, 0x00, 0x00, 0x00, 0x00, 0x00, 0x00,
    0x00, 0x00, 0x00, 0x00, 0x00, 0x00, 0x00, 0x00, 0x00, 0x00, 0x00, 0x00, 0x00, 0x00, 0x00, 0x00,
    0x00, 0x00, 0x00, 0x00, 0x00, 0x00, 0x00, 0x00, 0x00, 0x00, 0x00, 0x00, 0x00, 0x00, 0x00, 0x00,
    0x00, 0x00, 0xff, 0xff, 0x0d, 0xc4, 0xa0, 0xe2, 0x80, 0xea, 0xa0, 0xea, 0x80, 0xfb, 0xc0, 0xfb,
    0x01, 0xfc, 0x21, 0xfc, 0x21, 0xfc, 0xe1, 0xfb, 0x60, 0xeb, 0xf0, 0xd4, 0xff, 0xff, 0x00, 0x00,
    0x00, 0x00, 0x00, 0x00, 0x00, 0x00, 0x00, 0x00, 0x00, 0x00, 0x00, 0x00, 0x00, 0x00, 0x00, 0x00,
    0x00, 0x00, 0x00, 0x00, 0x00, 0x00, 0x00, 0x00, 0x00, 0x00, 0x00, 0x00, 0x00, 0x00, 0x00, 0x00,
    0x00, 0x00, 0x00, 0x00, 0x00, 0x00, 0x00, 0x00, 0x00, 0x00, 0x00, 0x00, 0x00, 0x00, 0x00, 0x00,
    0x00, 0x00, 0x00, 0x00, 0xff, 0xff, 0x83, 0xb2, 0xe0, 0xf2, 0x40, 0xe2, 0xe0, 0xf2, 0x80, 0xfb,
    0xc1, 0xfb, 0x01, 0xfc, 0x02, 0xfc, 0xa4, 0xfc, 0x60, 0xe3, 0x53, 0xdd, 0x00, 0x00, 0x00, 0x00,
    0x00, 0x00, 0x00, 0x00, 0x00, 0x00, 0x00, 0x00, 0x00, 0x00, 0x00, 0x00, 0x00, 0x00, 0x00, 0x00,
    0x00, 0x00, 0x00, 0x00, 0x00, 0x00, 0x00, 0x00, 0x00, 0x00, 0x00, 0x00, 0x00, 0x00, 0x00, 0x00,
    0x00, 0x00, 0x00, 0x00, 0x00, 0x00, 0x00, 0x00, 0x00, 0x00, 0x00, 0x00, 0x00, 0x00, 0x00, 0x00,
    0x00, 0x00, 0x00, 0x00, 0x00, 0x00, 0xff, 0xff, 0x40, 0xc2, 0xe1, 0xf2, 0x20, 0xe2, 0xa0, 0xea,
    0x60, 0xfb, 0xe1, 0xfb, 0x21, 0xfc, 0x41, 0xfc, 0xe0, 0xda, 0x16, 0xe6, 0x00, 0x00, 0x00, 0x00,
    0x00, 0x00, 0x00, 0x00, 0x00, 0x00, 0x00, 0x00, 0x00, 0x00, 0x00, 0x00, 0x00, 0x00, 0x00, 0x00,
    0x00, 0x00, 0x00, 0x00, 0x00, 0x00, 0x00, 0x00, 0x00, 0x00, 0x00, 0x00, 0x00, 0x00, 0x00, 0x00,
    0x00, 0x00, 0x00, 0x00, 0x00, 0x00, 0x00, 0x00, 0x00, 0x00, 0x00, 0x00, 0x00, 0x00, 0x00, 0x00,
    0x00, 0x00, 0x00, 0x00, 0x00, 0x00, 0xff, 0xff, 0x13, 0xcd, 0x60, 0xca, 0xc1, 0xf2, 0x60, 0xea,
    0x60, 0xfb, 0xa0, 0xfb, 0xc1, 0xfb, 0x21, 0xfc, 0x00, 0xd3, 0xda, 0xee, 0x00, 0x00, 0x00, 0x00,
    0x00, 0x00, 0x00, 0x00, 0x00, 0x00, 0x00, 0x00, 0x00, 0x00, 0x00, 0x00, 0x00, 0x00, 0x00, 0x00,
    0x00, 0x00, 0x00, 0x00, 0x00, 0x00, 0x00, 0x00, 0x00, 0x00, 0x00, 0x00, 0x00, 0x00, 0x00, 0x00,
    0x00, 0x00, 0x00, 0x00, 0x00, 0x00, 0x00, 0x00, 0x00, 0x00, 0x00, 0x00, 0x00, 0x00, 0x00, 0x00,
    0x00, 0x00, 0x00, 0x00, 0x00, 0x00, 0x00, 0x00, 0xff, 0xff, 0x90, 0xc4, 0x60, 0xca, 0xa1, 0xf2,
    0x60, 0xe2, 0xe0, 0xf2, 0x81, 0xfb, 0xe0, 0xfb, 0x04, 0xc3, 0xff, 0xff, 0x00, 0x00, 0x00, 0x00,
    0x00, 0x00, 0x00, 0x00, 0x00, 0x00, 0x00, 0x00, 0x00, 0x00, 0x00, 0x00, 0x00, 0x00, 0x00, 0x00,
    0x00, 0x00, 0x00, 0x00, 0x00, 0x00, 0x00, 0x00, 0x00, 0x00, 0x00, 0x00, 0x00, 0x00, 0x00, 0x00,
    0x00, 0x00, 0x00, 0x00, 0x00, 0x00, 0x00, 0x00, 0x00, 0x00, 0x00, 0x00, 0x00, 0x00, 0x00, 0x00,
    0x00, 0x00, 0x00, 0x00, 0x00, 0x00, 0x00, 0x00, 0x00, 0x00, 0xff, 0xff, 0xd2, 0xcc, 0x20, 0xc2,
    0x60, 0xea, 0xa0, 0xf2, 0x61, 0xfb, 0xa0, 0xea, 0x2d, 0xcc, 0xff, 0xff, 0x00, 0x00, 0x00, 0x00,
    0x00, 0x00, 0x00, 0x00, 0x00, 0x00, 0x00, 0x00, 0x00, 0x00, 0x00, 0x00, 0x00, 0x00, 0x00, 0x00,
    0x00, 0x00, 0x00, 0x00, 0x00, 0x00, 0x00, 0x00, 0x00, 0x00, 0x00, 0x00, 0x00, 0x00, 0x00, 0x00,
    0x00, 0x00, 0x00, 0x00, 0x00, 0x00, 0x00, 0x00, 0x00, 0x00, 0x00, 0x00, 0x00, 0x00, 0x00, 0x00,
    0x00, 0x00, 0x00, 0x00, 0x00, 0x00, 0x00, 0x00, 0x00, 0x00, 0x00, 0x00, 0xff, 0xff, 0x17, 0xde,
    0xa4, 0xba, 0xe0, 0xd1, 0xe0, 0xe9, 0xa0, 0xb9, 0x5d, 0xff, 0x00, 0x00, 0x00, 0x00, 0x00, 0x00,
    0x00, 0x00, 0x00, 0x00, 0x00, 0x00, 0x00, 0x00, 0x00, 0x00, 0x00, 0x00, 0x00, 0x00, 0x00, 0x00,
    0x00, 0x00, 0x00, 0x00, 0x00, 0x00, 0x00, 0x00, 0x00, 0x00, 0x00, 0x00, 0x00, 0x00, 0x00, 0x00,
    0x00, 0x00, 0x00, 0x00, 0x00, 0x00, 0x00, 0x00, 0x00, 0x00, 0x00, 0x00, 0x00, 0x00, 0x00, 0x00,
    0x00, 0x00, 0x00, 0x00, 0x00, 0x00, 0x00, 0x00, 0x00, 0x00, 0x00, 0x00, 0x00, 0x00, 0x00, 0x00,
    0xff, 0xff, 0x53, 0xdd, 0x0e, 0xcc, 0xba, 0xee, 0x00, 0x00, 0x00, 0x00, 0x00, 0x00, 0x00, 0x00,
    0x00, 0x00, 0x00, 0x00, 0x00, 0x00, 0x00, 0x00, 0x00, 0x00, 0x00, 0x00, 0x00, 0x00, 0x00, 0x00,
    0x00, 0x00, 0x00, 0x00, 0x00, 0x00, 0x00, 0x00, 0x00, 0x00, 0x00, 0x00, 0x00, 0x00, 0x00, 0x00,
    0x00, 0x00, 0x00, 0x00, 0x00, 0x00, 0x00, 0x00, 0x00, 0x00, 0x00, 0x00, 0x00, 0x00, 0x00, 0x00,
    0x00, 0x00, 0x00, 0x00, 0x00, 0x00, 0x00, 0x00, 0x00, 0x00, 0x00, 0x00, 0x00, 0x00, 0x00, 0x00,
    0x00, 0x00, 0x00, 0x00, 0xff, 0xff, 0x00, 0x00, 0x00, 0x00, 0x00, 0x00, 0x00, 0x00, 0x00, 0x00,
    0x00, 0x00, 0x00, 0x00, 0x00, 0x00, 0x00, 0x00, 0x00, 0x00, 0x00, 0x00, 0x00, 0x00, 0x00, 0x00,
    0x00, 0x00, 0x00, 0x00, 0x00, 0x00, 0x00, 0x00, 0x00, 0x00, 0x00, 0x00, 0x00, 0x00, 0x00, 0x00,
    0x00, 0x00, 0x00, 0xff, 0xff, 0x00, 0x00, 0x00, 0x00, 0x00, 0x00, 0x00, 0x00, 0x00, 0x00, 0x00,
    0x00, 0x00, 0x00, 0x00, 0x00, 0x00, 0x00, 0x00, 0x00, 0x00, 0x00, 0x00, 0x00, 0x00, 0x00, 0x00,
    0x00, 0x00, 0x00, 0x00, 0x00, 0x00, 0x00, 0x00, 0x00, 0x00, 0xff, 0xff, 0xff, 0xff, 0xff, 0xff,
    0xff, 0xff, 0xff, 0x00, 0x00, 0x00, 0x00, 0x00, 0x00, 0x00, 0x00, 0x00, 0x00, 0x00, 0x00, 0x00,
    0x00, 0x00, 0x00, 0x00, 0x00, 0x00, 0x00, 0x00, 0x00, 0x00, 0x00, 0x00, 0x00, 0x00, 0x00, 0x00,
    0x00, 0xff, 0xff, 0xff, 0xff, 0xff, 0xff, 0xff, 0xff, 0xff, 0xff, 0x00, 0x00, 0x00, 0x00, 0x00,
    0x00, 0x00, 0x00, 0x00, 0x00, 0x00, 0x00, 0x00, 0x00, 0x00, 0x00, 0x00, 0x00, 0x00, 0x00, 0x00,
    0x00, 0x00, 0x00, 0x00, 0x00, 0x00, 0x00, 0x00, 0xff, 0xff, 0xff, 0xff, 0xff, 0xff, 0xff, 0xff,
    0xff, 0xff, 0xff, 0xff, 0x00, 0x00, 0x00, 0x00, 0x00, 0x00, 0x00, 0x00, 0x00, 0x00, 0x00, 0x00,
    0x00, 0x00, 0x00, 0x00, 0x00, 0x00, 0x00, 0x00, 0x00, 0x00, 0x00, 0x00, 0xff, 0xff, 0xff, 0xff,
    0xff, 0xff, 0xff, 0xff, 0xff, 0xff, 0xff, 0xff, 0xff, 0xff, 0xff, 0xff, 0x00, 0x00, 0x00, 0x00,
    0x00, 0x00, 0x00, 0x00, 0x00, 0x00, 0x00, 0x00, 0x00, 0x00, 0x00, 0x00, 0x00, 0x00, 0x00, 0x00,
    0x00, 0x00, 0x00, 0xff, 0xff, 0xff, 0xff, 0xff, 0xff, 0xff, 0xff, 0xff, 0xff, 0xff, 0xff, 0xff,
    0xff, 0xff, 0xff, 0xff, 0xff, 0x00, 0x00, 0x00, 0x00, 0x00, 0x00, 0x00, 0x00, 0x00, 0x00, 0x00,
    0x00, 0x00, 0x00, 0x00, 0x00, 0x00, 0x00, 0x00, 0x00, 0x00, 0x00, 0xff, 0xff, 0xff, 0xff, 0xff,
    0xff, 0xff, 0xff, 0xff, 0xff, 0xff, 0xff, 0xff, 0xff, 0xff, 0xff, 0xff, 0xff, 0x00, 0x00, 0x00,
    0x00, 0x00, 0x00, 0x00, 0x00, 0x00, 0x00, 0x00, 0x00, 0x00, 0x00, 0x00, 0x00, 0x00, 0x00, 0x00,
    0x00, 0x00, 0xff, 0xff, 0xff, 0xff, 0xff, 0xff, 0xff, 0xff, 0xff, 0xff, 0xff, 0xff, 0xff, 0xff,
    0xff, 0xff, 0xff, 0xff, 0xff, 0x00, 0x00, 0x00, 0x00, 0x00, 0x00, 0x00, 0x00, 0x00, 0x00, 0x00,
    0x00, 0x00, 0x00, 0x00, 0x00, 0x00, 0x00, 0x00, 0x00, 0xff, 0xff, 0xff, 0xff, 0xff, 0xff, 0xff,
    0xff, 0xff, 0xff, 0xff, 0xff, 0xff, 0xff, 0xff, 0xff, 0xff, 0xff, 0xff, 0xff, 0x00, 0x00, 0x00,
    0x00, 0x00, 0x00, 0x00, 0x00, 0x00, 0x00, 0x00, 0x00, 0x00, 0x00, 0x00, 0x00, 0x00, 0x00, 0x00,
    0x00, 0xff, 0xff, 0xff, 0xff, 0xff, 0xff, 0xff, 0xff, 0xff, 0xff, 0xff, 0xff, 0xff, 0xff, 0xff,
    0xff, 0xff, 0xff, 0xff, 0xff, 0x00, 0x00, 0x00, 0x00, 0x00, 0x00, 0x00, 0x00, 0x00, 0x00, 0x00,
    0x00, 0x00, 0x00, 0x00, 0x00, 0x00, 0x00, 0x00, 0x00, 0xff, 0xff, 0xff, 0xff, 0xff, 0xff, 0xff,
    0xff, 0xff, 0xff, 0xff, 0xff, 0xff, 0xff, 0xff, 0xff, 0xff, 0xff, 0xff, 0x00, 0x00, 0x00, 0x00,
    0x00, 0x00, 0x00, 0x00, 0x00, 0x00, 0x00, 0x00, 0x00, 0x00, 0x00, 0x00, 0x00, 0x00, 0x00, 0x00,
    0x00, 0x00, 0xff, 0xff, 0xff, 0xff, 0xff, 0xff, 0xff, 0xff, 0xff, 0xff, 0xff, 0xff, 0xff, 0xff,
    0xff, 0xff, 0xff, 0xff, 0x00, 0x00, 0x00, 0x00, 0x00, 0x00, 0x00, 0x00, 0x00, 0x00, 0x00, 0x00,
    0x00, 0x00, 0x00, 0x00, 0x00, 0x00, 0x00, 0x00, 0x00, 0x00, 0x00, 0xff, 0xff, 0xff, 0xff, 0xff,
    0xff, 0xff, 0xff, 0xff, 0xff, 0xff, 0xff, 0xff, 0xff, 0xff, 0xff, 0xff, 0x00, 0x00, 0x00, 0x00,
    0x00, 0x00, 0x00, 0x00, 0x00, 0x00, 0x00, 0x00, 0x00, 0x00, 0x00, 0x00, 0x00, 0x00, 0x00, 0x00,
    0x00, 0x00, 0x00, 0xff, 0xff, 0xff, 0xff, 0xff, 0xff, 0xff, 0xff, 0xff, 0xff, 0xff, 0xff, 0xff,
    0xff, 0xff, 0xff, 0xff, 0x00, 0x00, 0x00, 0x00, 0x00, 0x00, 0x00, 0x00, 0x00, 0x00, 0x00, 0x00,
    0x00, 0x00, 0x00, 0x00, 0x00, 0x00, 0x00, 0x00, 0x00, 0x00, 0x00, 0x00, 0xff, 0xff, 0xff, 0xff,
    0xff, 0xff, 0xff, 0xff, 0xff, 0xff, 0xff, 0xff, 0xff, 0xff, 0xff, 0xff, 0xff, 0x00, 0x00, 0x00,
    0x00, 0x00, 0x00, 0x00, 0x00, 0x00, 0x00, 0x00, 0x00, 0x00, 0x00, 0x00, 0x00, 0x00, 0x00, 0x00,
    0x00, 0x00, 0x00, 0x00, 0x00, 0x00, 0x00, 0x00, 0xff, 0xff, 0xff, 0xff, 0xff, 0xff, 0xff, 0xff,
    0xff, 0xff, 0xff, 0xff, 0xff, 0xff, 0x00, 0x00, 0x00, 0x00, 0x00, 0x00, 0x00, 0x00, 0x00, 0x00,
    0x00, 0x00, 0x00, 0x00, 0x00, 0x00, 0x00, 0x00, 0x00, 0x00, 0x00, 0x00, 0x00, 0x00, 0x00, 0x00,
    0xff, 0xff, 0xff, 0xff, 0xff, 0xff, 0xff, 0xff, 0xff, 0xff, 0xff, 0xff, 0xff, 0xff, 0x00, 0x00,
    0x00, 0x00, 0x00, 0x00, 0x00, 0x00, 0x00, 0x00, 0x00, 0x00, 0x00, 0x00, 0x00, 0x00, 0x00, 0x00,
    0x00, 0x00, 0x00, 0x00, 0x00, 0x00, 0x00, 0xff, 0xff, 0xff, 0xff, 0xff, 0xff, 0xff, 0xff, 0xff,
    0xff, 0xff, 0xff, 0xff, 0xff, 0xff, 0x00, 0x00, 0x00, 0x00, 0x00, 0x00, 0x00, 0x00, 0x00, 0x00,
    0x00, 0x00, 0x00, 0x00, 0x00, 0x00, 0x00, 0x00, 0x00, 0x00, 0x00, 0x00, 0x00, 0x00, 0x00, 0x00,
    0xff, 0xff, 0xff, 0xff, 0xff, 0xff, 0xff, 0xff, 0xff, 0xff, 0xff, 0xff, 0xff, 0xff, 0x00, 0x00,
    0x00, 0x00, 0x00, 0x00, 0x00, 0x00, 0x00, 0x00, 0x00, 0x00, 0x00, 0x00, 0x00, 0x00, 0x00, 0x00,
    0x00, 0x00, 0x00, 0x00, 0x00, 0x00, 0x00, 0x00, 0xff, 0xff, 0xff, 0xff, 0xff, 0xff, 0xff, 0xff,
    0xff, 0xff, 0xff, 0xff, 0xff, 0xff, 0x00, 0x00, 0x00, 0x00, 0x00, 0x00, 0x00, 0x00, 0x00, 0x00,
    0x00, 0x00, 0x00, 0x00, 0x00, 0x00, 0x00, 0x00, 0x00, 0x00, 0x00, 0x00, 0x00, 0x00, 0x00, 0x00,
    0xff, 0xff, 0xff, 0xff, 0xff, 0xff, 0xff, 0xff, 0xff, 0xff, 0xff, 0xff, 0xff, 0xff, 0xff, 0x00,
    0x00, 0x00, 0x00, 0x00, 0x00, 0x00, 0x00, 0x00, 0x00, 0x00, 0x00, 0x00, 0x00, 0x00, 0x00, 0x00,
    0x00, 0x00, 0x00, 0x00, 0x00, 0x00, 0x00, 0x00, 0xff, 0xff, 0xff, 0xff, 0xff, 0xff, 0xff, 0xff,
    0xff, 0xff, 0xff, 0xff, 0xff, 0xff, 0xff, 0x00, 0x00, 0x00, 0x00, 0x00, 0x00, 0x00, 0x00, 0x00,
    0x00, 0x00, 0x00, 0x00, 0x00, 0x00, 0x00, 0x00, 0x00, 0x00, 0x00, 0x00, 0x00, 0x00, 0x00, 0x00,
    0x00, 0xff, 0xff, 0xff, 0xff, 0xff, 0xff, 0xff, 0xff, 0xff, 0xff, 0xff, 0xff, 0xff, 0xff, 0x00,
    0x00, 0x00, 0x00, 0x00, 0x00, 0x00, 0x00, 0x00, 0x00, 0x00, 0x00, 0x00, 0x00, 0x00, 0x00, 0x00,
    0x00, 0x00, 0x00, 0x00, 0x00, 0x00, 0x00, 0x00, 0x00, 0xff, 0xff, 0xff, 0xff, 0xff, 0xff, 0xff,
    0xff, 0xff, 0xff, 0xff, 0xff, 0xff, 0xff, 0x00, 0x00, 0x00, 0x00, 0x00, 0x00, 0x00, 0x00, 0x00,
    0x00, 0x00, 0x00, 0x00, 0x00, 0x00, 0x00, 0x00, 0x00, 0x00, 0x00, 0x00, 0x00, 0x00, 0x00, 0x00,
    0x00, 0x00, 0xff, 0xff, 0xff, 0xff, 0xff, 0xff, 0xff, 0xff, 0xff, 0xff, 0xff, 0xff, 0x00, 0x00,
    0x00, 0x00, 0x00, 0x00, 0x00, 0x00, 0x00, 0x00, 0x00, 0x00, 0x00, 0x00, 0x00, 0x00, 0x00, 0x00,
    0x00, 0x00, 0x00, 0x00, 0x00, 0x00, 0x00, 0x00, 0x00, 0x00, 0x00, 0xff, 0xff, 0xff, 0xff, 0xff,
    0xff, 0xff, 0xff, 0xff, 0xff, 0xff, 0x00, 0x00, 0x00, 0x00, 0x00, 0x00, 0x00, 0x00, 0x00, 0x00,
    0x00, 0x00, 0x00, 0x00, 0x00, 0x00, 0x00, 0x00, 0x00, 0x00, 0x00, 0x00, 0x00, 0x00, 0x00, 0x00,
    0x00, 0x00, 0x00, 0xff, 0xff, 0xff, 0xff, 0xff, 0xff, 0xff, 0xff, 0xff, 0xff, 0xff, 0x00, 0x00,
    0x00, 0x00, 0x00, 0x00, 0x00, 0x00, 0x00, 0x00, 0x00, 0x00, 0x00, 0x00, 0x00, 0x00, 0x00, 0x00,
    0x00, 0x00, 0x00, 0x00, 0x00, 0x00, 0x00, 0x00, 0x00, 0x00, 0x00, 0x00, 0xff, 0xff, 0xff, 0xff,
    0xff, 0xff, 0xff, 0xff, 0xff, 0xff, 0x00, 0x00, 0x00, 0x00, 0x00, 0x00, 0x00, 0x00, 0x00, 0x00,
    0x00, 0x00, 0x00, 0x00, 0x00, 0x00, 0x00, 0x00, 0x00, 0x00, 0x00, 0x00, 0x00, 0x00, 0x00, 0x00,
    0x00, 0x00, 0x00, 0x00, 0x00, 0xff, 0xff, 0xff, 0xff, 0xff, 0xff, 0xff, 0xff, 0xff, 0x00, 0x00,
    0x00, 0x00, 0x00, 0x00, 0x00, 0x00, 0x00, 0x00, 0x00, 0x00, 0x00, 0x00, 0x00, 0x00, 0x00, 0x00,
    0x00, 0x00, 0x00, 0x00, 0x00, 0x00, 0x00, 0x00, 0x00, 0x00, 0x00, 0x00, 0x00, 0x00, 0xff, 0xff,
    0xff, 0xff, 0xff, 0xff, 0xff, 0x00, 0x00, 0x00, 0x00, 0x00, 0x00, 0x00, 0x00, 0x00, 0x00, 0x00,
    0x00, 0x00, 0x00, 0x00, 0x00, 0x00, 0x00, 0x00, 0x00, 0x00, 0x00, 0x00, 0x00, 0x00, 0x00, 0x00,
    0x00, 0x00, 0x00, 0x00, 0x00, 0x00, 0x00, 0x00, 0xff, 0xff, 0xff, 0xff, 0x00, 0x00, 0x00, 0x00,
    0x00, 0x00, 0x00, 0x00, 0x00, 0x00, 0x00, 0x00, 0x00, 0x00, 0x00, 0x00, 0x00, 0x00, 0x00, 0x00,
    0x00, 0x00, 0x00, 0x00, 0x00, 0x00, 0x00, 0x00, 0x00, 0x00, 0x00, 0x00, 0x00, 0x00, 0x00, 0x00,
    0x00, 0x00, 0xff, 0x00, 0x00, 0x00, 0x00, 0x00, 0x00, 0x00, 0x00, 0x00, 0x00, 0x00, 0x00, 0x00,
};

static const LV_ATTRIBUTE_MEM_ALIGN uint8_t app_farm_crop_cabbage_map[] = {
    0x00, 0x00, 0x00, 0x00, 0x00, 0x00, 0x00, 0x00, 0x00, 0x00, 0x00, 0x00, 0x00, 0x00, 0x00, 0x00,
    0x00, 0x00, 0x00, 0x00, 0x00, 0x00, 0x00, 0x00, 0x00, 0x00, 0x00, 0x00, 0x00, 0x00, 0x00, 0x00,
    0x00, 0x00, 0x00, 0x00, 0x00, 0x00, 0x00, 0x00, 0xff, 0xff, 0xff, 0xff, 0xff, 0xff, 0x00, 0x00,
    0x00, 0x00, 0x00, 0x00, 0x00, 0x00, 0x00, 0x00, 0x00, 0x00, 0x00, 0x00, 0x00, 0x00, 0x00, 0x00,
    0x00, 0x00, 0x00, 0x00, 0x00, 0x00, 0x00, 0x00, 0x00, 0x00, 0x00, 0x00, 0x00, 0x00, 0x00, 0x00,
    0x00, 0x00, 0x00, 0x00, 0x00, 0x00, 0x00, 0x00, 0x00, 0x00, 0x00, 0x00, 0x00, 0x00, 0x00, 0x00,
    0x00, 0x00, 0x00, 0x00, 0x00, 0x00, 0x00, 0x00, 0x00, 0x00, 0x00, 0x00, 0x00, 0x00, 0x00, 0x00,
    0x00, 0x00, 0xff, 0xff, 0xff, 0xff, 0xff, 0xff, 0x19, 0xcf, 0xd8, 0xc6, 0x5b, 0xdf, 0xff, 0xff,
    0xff, 0xff, 0x51, 0xc6, 0x00, 0x00, 0x00, 0x00, 0x00, 0x00, 0x00, 0x00, 0x00, 0x00, 0x00, 0x00,
    0x00, 0x00, 0x00, 0x00, 0x00, 0x00, 0x00, 0x00, 0x00, 0x00, 0x00, 0x00, 0x00, 0x00, 0x00, 0x00,
    0x00, 0x00, 0x00, 0x00, 0x00, 0x00, 0x00, 0x00, 0x00, 0x00, 0x00, 0x00, 0x00, 0x00, 0x00, 0x00,
    0x00, 0x00, 0x00, 0x00, 0x00, 0x00, 0x00, 0x00, 0xff, 0xff, 0xff, 0xff, 0x93, 0xce, 0xff, 0xff,
    0xff, 0xff, 0x76, 0xb6, 0x28, 0x75, 0x24, 0x75, 0xc8, 0x95, 0x09, 0x9e, 0x88, 0x8d, 0x09, 0x75,
    0xf2, 0x9d, 0xff, 0xff, 0xff, 0xff, 0x00, 0x00, 0x00, 0x00, 0x00, 0x00, 0x00, 0x00, 0x00, 0x00,
    0x00, 0x00, 0x00, 0x00, 0x00, 0x00, 0x00, 0x00, 0x00, 0x00, 0x00, 0x00, 0x00, 0x00, 0x00, 0x00,
    0x00, 0x00, 0x00, 0x00, 0x00, 0x00, 0x00, 0x00, 0x00, 0x00, 0x00, 0x00, 0x00, 0x00, 0x00, 0x00,
    0x00, 0x00, 0xff, 0xff, 0xff, 0xff, 0xff, 0xff, 0x3a, 0xd7, 0xf9, 0xce, 0x9e, 0xef, 0xdf, 0xf7,
    0x2b, 0x7d, 0xc6, 0x95, 0x28, 0xcf, 0x88, 0xdf, 0xab, 0xe7, 0xc5, 0xae, 0x67, 0xd7, 0x8a, 0xe7,
    0x08, 0x9e, 0x0b, 0x7d, 0xdf, 0xf7, 0xff, 0xff, 0x00, 0x00, 0x00, 0x00, 0x00, 0x00, 0x00, 0x00,
    0x00, 0x00, 0x00, 0x00, 0x00, 0x00, 0x00, 0x00, 0x00, 0x00, 0x00, 0x00, 0x00, 0x00, 0x00, 0x00,
    0x00, 0x00, 0x00, 0x00, 0x00, 0x00, 0x00, 0x00, 0x00, 0x00, 0x00, 0x00, 0x00, 0x00, 0x00, 0x00,
    0xff, 0xff, 0xdf, 0xf7, 0x8f, 0x8d, 0x47, 0x7d, 0xa5, 0x8d, 0xc5, 0x95, 0x65, 0x7d, 0x65, 0x54,
    0x03, 0x96, 0x89, 0xdf, 0xc5, 0xae, 0xe1, 0x7d, 0x00, 0x86, 0x40, 0x5d, 0xe0, 0x7d, 0x21, 0x8e,
    0x06, 0xb7, 0xc4, 0x8d, 0x4c, 0x85, 0xff, 0xff, 0xff, 0xff, 0xff, 0xff, 0xff, 0xff, 0xff, 0xff,
    0x00, 0x00, 0x00, 0x00, 0x00, 0x00, 0x00, 0x00, 0x00, 0x00, 0x00, 0x00, 0x00, 0x00, 0x00, 0x00,
    0x00, 0x00, 0x00, 0x00, 0x00, 0x00, 0x00, 0x00, 0x00, 0x00, 0x00, 0x00, 0x00, 0x00, 0xff, 0xff,
    0x1a, 0xd7, 0xe7, 0x6c, 0x89, 0xb6, 0x68, 0xdf, 0x65, 0xd7, 0xe4, 0xb6, 0x22, 0x6d, 0x61, 0x75,
    0x62, 0x96, 0xa0, 0x6d, 0x20, 0x5d, 0x80, 0x3c, 0xa0, 0x44, 0xc0, 0x4c, 0xc1, 0x4c, 0x21, 0x5d,
    0xc0, 0x6d, 0x81, 0x9e, 0xe1, 0x5c, 0xc9, 0x6c, 0x46, 0x7d, 0x08, 0x7d, 0x2c, 0x7d, 0x5c, 0xdf,
    0xff, 0xff, 0x00, 0x00, 0x00, 0x00, 0x00, 0x00, 0x00, 0x00, 0x00, 0x00, 0x00, 0x00, 0x00, 0x00,
    0x00, 0x00, 0x00, 0x00, 0x00, 0x00, 0x00, 0x00, 0x00, 0x00, 0x00, 0x00, 0xff, 0xff, 0x7e, 0xef,
    0xe7, 0x6c, 0x6f, 0xe7, 0xca, 0xef, 0x41, 0x9e, 0x21, 0x8e, 0x61, 0x65, 0xe0, 0x33, 0x81, 0x6d,
    0xa1, 0x4c, 0xe1, 0x33, 0x24, 0x4c, 0x87, 0x64, 0xa7, 0x6c, 0x86, 0x5c, 0xe1, 0x3b, 0x20, 0x3c,
    0xc1, 0x4c, 0x01, 0x7e, 0x43, 0x9e, 0xa0, 0x54, 0xe4, 0xb6, 0x69, 0xd7, 0xca, 0xc6, 0xc5, 0x64,
    0x1b, 0xdf, 0xff, 0xff, 0x00, 0x00, 0x00, 0x00, 0x00, 0x00, 0x00, 0x00, 0x00, 0x00, 0x00, 0x00,
    0x00, 0x00, 0x00, 0x00, 0x00, 0x00, 0x00, 0x00, 0x00, 0x00, 0x00, 0x00, 0xff, 0xff, 0x8e, 0x8d,
    0xaa, 0xbe, 0x67, 0xd7, 0xe4, 0xbe, 0x23, 0x96, 0xe1, 0x54, 0xc1, 0x4c, 0x80, 0x23, 0x23, 0x44,
    0x41, 0x44, 0xee, 0xce, 0xd4, 0xff, 0xcc, 0xef, 0x6d, 0xdf, 0x6d, 0xe7, 0x27, 0xcf, 0xa2, 0x7d,
    0x41, 0x44, 0xe1, 0x33, 0xa2, 0x75, 0x21, 0x44, 0x20, 0x5d, 0x81, 0xa6, 0x25, 0xc7, 0xa6, 0xb6,
    0xe9, 0x74, 0xdf, 0xf7, 0xff, 0xff, 0x00, 0x00, 0x00, 0x00, 0x00, 0x00, 0x00, 0x00, 0x00, 0x00,
    0x00, 0x00, 0x00, 0x00, 0x00, 0x00, 0x00, 0x00, 0x00, 0x00, 0x00, 0x00, 0xff, 0xff, 0x27, 0x75,
    0x69, 0xdf, 0x81, 0xae, 0xa1, 0x75, 0x61, 0x6d, 0x81, 0x44, 0xc1, 0x2b, 0xec, 0xa5, 0xb5, 0xf7,
    0xc8, 0x85, 0x83, 0xa6, 0x87, 0xdf, 0x46, 0x9e, 0xc4, 0x85, 0x40, 0x5d, 0x85, 0xa6, 0xe9, 0xef,
    0xe2, 0xae, 0x21, 0x6d, 0xa0, 0x2b, 0xc1, 0x33, 0x01, 0x5d, 0x21, 0x86, 0x00, 0x86, 0x05, 0xbf,
    0x26, 0xa6, 0x0b, 0x75, 0xff, 0xff, 0x00, 0x00, 0x00, 0x00, 0x00, 0x00, 0x00, 0x00, 0x00, 0x00,
    0x00, 0x00, 0x00, 0x00, 0x00, 0x00, 0x00, 0x00, 0x00, 0x00, 0xff, 0xff, 0x7c, 0xe7, 0x66, 0x85,
    0x45, 0xcf, 0xe2, 0xbe, 0x81, 0x75, 0xc1, 0x4c, 0xe1, 0x33, 0x69, 0xae, 0xc8, 0xe7, 0x87, 0xdf,
    0xd3, 0xf7, 0x47, 0x75, 0xc1, 0x7d, 0xcc, 0xef, 0xc8, 0xe7, 0x22, 0xbf, 0xa2, 0xa6, 0x22, 0x96,
    0xa2, 0xa6, 0x66, 0xcf, 0xa3, 0x85, 0x20, 0x23, 0xe1, 0x54, 0x61, 0x65, 0xe1, 0x7d, 0x81, 0xa6,
    0x87, 0xdf, 0x23, 0x75, 0x56, 0xb6, 0xff, 0xff, 0x00, 0x00, 0x00, 0x00, 0x00, 0x00, 0x00, 0x00,
    0x00, 0x00, 0x00, 0x00, 0x00, 0x00, 0x00, 0x00, 0x00, 0x00, 0x00, 0x00, 0xff, 0xff, 0x65, 0x7d,
    0xe4, 0xbe, 0x42, 0x9e, 0x61, 0x6d, 0x60, 0x23, 0xe3, 0x95, 0xea, 0xef, 0x8c, 0xe7, 0x89, 0xdf,
    0x64, 0xd7, 0xb1, 0xef, 0x88, 0x85, 0xc0, 0x85, 0xe2, 0xb6, 0x01, 0x8e, 0x63, 0x9e, 0xc1, 0x7d,
    0x81, 0x6d, 0x04, 0x96, 0x85, 0xd7, 0xa1, 0x4c, 0xc1, 0x33, 0x21, 0x5d, 0xc1, 0x7d, 0xc2, 0xae,
    0x46, 0xd7, 0x45, 0xa6, 0xec, 0x74, 0xff, 0xff, 0x00, 0x00, 0x00, 0x00, 0x00, 0x00, 0x00, 0x00,
    0x00, 0x00, 0x00, 0x00, 0x00, 0x00, 0x00, 0x00, 0x00, 0x00, 0x00, 0x00, 0xff, 0xff, 0x67, 0x85,
    0x82, 0xae, 0x21, 0x5d, 0x41, 0x3c, 0x61, 0x54, 0xca, 0xe7, 0x8b, 0xdf, 0x8a, 0xe7, 0x89, 0xdf,
    0x42, 0xc7, 0x63, 0xcf, 0xce, 0xf7, 0x6d, 0xae, 0xc1, 0x54, 0x87, 0xae, 0x2a, 0xcf, 0x65, 0xd7,
    0x03, 0xbf, 0x41, 0x65, 0xa1, 0xae, 0x21, 0x86, 0xa1, 0x33, 0x41, 0x3c, 0xc1, 0x75, 0xc2, 0xae,
    0xc2, 0xb6, 0x42, 0x9e, 0x89, 0x64, 0xff, 0xff, 0x00, 0x00, 0x00, 0x00, 0x00, 0x00, 0x00, 0x00,
    0x00, 0x00, 0x00, 0x00, 0x00, 0x00, 0x00, 0x00, 0x00, 0x00, 0xff, 0xff, 0x3b, 0xdf, 0xc5, 0x3b,
    0x43, 0xa6, 0x82, 0x6d, 0x81, 0x23, 0x21, 0x96, 0xa9, 0xe7, 0x44, 0xcf, 0x8a, 0xdf, 0x66, 0xd7,
    0x43, 0xc7, 0xab, 0xe7, 0x44, 0xcf, 0xe9, 0xef, 0xe8, 0x95, 0x43, 0x9e, 0xa4, 0xdf, 0x03, 0xbf,
    0x02, 0xbf, 0xe2, 0x85, 0x02, 0x8e, 0xc2, 0xa6, 0x81, 0x4c, 0xa1, 0x2b, 0xa1, 0x75, 0x22, 0x8e,
    0xa2, 0xae, 0xe0, 0x85, 0x89, 0x64, 0xff, 0xff, 0x00, 0x00, 0x00, 0x00, 0x00, 0x00, 0x00, 0x00,
    0x00, 0x00, 0x00, 0x00, 0x00, 0x00, 0x00, 0x00, 0xff, 0xff, 0x1b, 0xd7, 0x45, 0x54, 0x84, 0x7d,
    0x22, 0x6d, 0xc2, 0x85, 0xe1, 0x33, 0xe1, 0xb6, 0x8a, 0xe7, 0x66, 0xcf, 0xab, 0xe7, 0x44, 0xc7,
    0xac, 0xe7, 0x8b, 0xe7, 0x43, 0xc7, 0x42, 0xc7, 0x65, 0xcf, 0x42, 0x6d, 0xe1, 0x85, 0x23, 0xc7,
    0x03, 0xc7, 0x23, 0xc7, 0xa2, 0x7d, 0xe1, 0x85, 0x21, 0x5d, 0x81, 0x2b, 0xa1, 0x4c, 0xe0, 0x54,
    0xa3, 0xa6, 0x40, 0x6d, 0xee, 0x74, 0xff, 0xff, 0x00, 0x00, 0x00, 0x00, 0x00, 0x00, 0x00, 0x00,
    0x00, 0x00, 0x00, 0x00, 0x00, 0x00, 0x00, 0x00, 0xff, 0xff, 0x69, 0x64, 0xaa, 0xbe, 0xe9, 0xef,
    0xc0, 0x5c, 0x41, 0x44, 0xa1, 0x54, 0xe2, 0xb6, 0x8a, 0xdf, 0x24, 0xc7, 0x8a, 0xdf, 0x8a, 0xdf,
    0xad, 0xef, 0x21, 0xbf, 0x23, 0xc7, 0x89, 0xdf, 0x65, 0xcf, 0x23, 0xc7, 0x21, 0x65, 0xa3, 0xae,
    0x23, 0xc7, 0x03, 0xbf, 0x82, 0x9e, 0xc1, 0x4c, 0x61, 0x65, 0x81, 0x2b, 0x41, 0x3c, 0x02, 0x86,
    0x06, 0xc7, 0xc0, 0x33, 0x78, 0xbe, 0xff, 0xff, 0x00, 0x00, 0x00, 0x00, 0x00, 0x00, 0x00, 0x00,
    0x00, 0x00, 0x00, 0x00, 0x00, 0x00, 0xff, 0xff, 0x7d, 0xe7, 0x85, 0x64, 0xed, 0xf7, 0x67, 0xd7,
    0xa1, 0x75, 0x41, 0x23, 0xc1, 0x5c, 0xa1, 0x9e, 0x48, 0xd7, 0xe4, 0xb6, 0x6a, 0xd7, 0xcf, 0xf7,
    0x25, 0xc7, 0x67, 0xd7, 0xad, 0xef, 0x69, 0xd7, 0x03, 0xbf, 0x43, 0xc7, 0xa3, 0xae, 0x42, 0x6d,
    0xe3, 0xbe, 0xa2, 0xae, 0x61, 0x96, 0x41, 0x5d, 0x01, 0x55, 0x81, 0x2b, 0x80, 0x44, 0x26, 0xc7,
    0xa3, 0x8d, 0x07, 0x4c, 0xff, 0xff, 0xf1, 0xbd, 0x00, 0x00, 0x00, 0x00, 0x00, 0x00, 0x00, 0x00,
    0x00, 0x00, 0x00, 0x00, 0x00, 0x00, 0xff, 0xff, 0xda, 0xce, 0x84, 0x5c, 0x88, 0xdf, 0xc2, 0xbe,
    0x82, 0xa6, 0x01, 0x3c, 0x61, 0x4c, 0x21, 0x86, 0xe6, 0xbe, 0xe5, 0xb6, 0x6b, 0xd7, 0xcf, 0xf7,
    0x8b, 0xdf, 0x8b, 0xdf, 0x26, 0xcf, 0xe2, 0xb6, 0x03, 0xbf, 0x04, 0xbf, 0x63, 0xcf, 0x82, 0x75,
    0xa1, 0x7d, 0x62, 0x9e, 0x41, 0x96, 0x61, 0x65, 0xa1, 0x4c, 0x61, 0x2b, 0xe1, 0x7d, 0x83, 0xa6,
    0x40, 0x2b, 0x64, 0x33, 0x1b, 0xdf, 0xff, 0xff, 0x00, 0x00, 0x00, 0x00, 0x00, 0x00, 0x00, 0x00,
    0x00, 0x00, 0x00, 0x00, 0x00, 0x00, 0xff, 0xff, 0x5d, 0xe7, 0xc1, 0x33, 0x85, 0xae, 0x03, 0xc7,
    0x66, 0xd7, 0x22, 0x96, 0x01, 0x3c, 0xc1, 0x75, 0xa3, 0xa6, 0x8a, 0xdf, 0xad, 0xe7, 0x47, 0xd7,
    0x03, 0xc7, 0xe2, 0xb6, 0xe2, 0xb6, 0x04, 0xc7, 0x89, 0xdf, 0x25, 0xc7, 0xc2, 0xae, 0x02, 0x8e,
    0xc1, 0x5c, 0x42, 0x8e, 0x01, 0x86, 0x21, 0x5d, 0x21, 0x3c, 0x21, 0x44, 0xc2, 0x7d, 0x81, 0x33,
    0x03, 0x6d, 0x00, 0x3c, 0x08, 0x54, 0xff, 0xff, 0x00, 0x00, 0x00, 0x00, 0x00, 0x00, 0x00, 0x00,
    0x00, 0x00, 0x00, 0x00, 0x00, 0x00, 0x00, 0x00, 0xff, 0xff, 0x06, 0x4c, 0xa0, 0x44, 0x43, 0x9e,
    0xa9, 0xef, 0x04, 0xbf, 0x40, 0x44, 0x01, 0x5d, 0x41, 0x8e, 0x49, 0xcf, 0x49, 0xd7, 0x40, 0x96,
    0x81, 0x9e, 0xc3, 0xae, 0x47, 0xcf, 0x8a, 0xdf, 0x06, 0xc7, 0x21, 0x8e, 0xc1, 0x75, 0x84, 0xa6,
    0xc2, 0x5c, 0xe1, 0x7d, 0x61, 0x65, 0xe1, 0x4c, 0xc1, 0x33, 0xa1, 0x33, 0xa1, 0x2b, 0xa0, 0x4c,
    0xe4, 0xb6, 0x06, 0x96, 0x01, 0x23, 0x9d, 0xef, 0xff, 0xff, 0x00, 0x00, 0x00, 0x00, 0x00, 0x00,
    0x00, 0x00, 0x00, 0x00, 0x00, 0x00, 0x00, 0x00, 0xff, 0xff, 0x36, 0xb6, 0xe1, 0x33, 0x21, 0x5d,
    0x22, 0x96, 0xe2, 0xb6, 0xe1, 0x85, 0x21, 0x44, 0xc1, 0x75, 0x08, 0xc7, 0xc5, 0xae, 0x63, 0x96,
    0x28, 0xcf, 0x48, 0xcf, 0xe7, 0xbe, 0x43, 0x96, 0xe1, 0x7d, 0x43, 0x96, 0xe6, 0xb6, 0x06, 0xc7,
    0xa2, 0x54, 0x01, 0x5d, 0xc1, 0x4c, 0x81, 0x44, 0x21, 0x23, 0x21, 0x3c, 0x01, 0x55, 0xe1, 0x7d,
    0x42, 0x96, 0x86, 0xae, 0x21, 0x23, 0x3b, 0xdf, 0xff, 0xff, 0x00, 0x00, 0x00, 0x00, 0x00, 0x00,
    0x00, 0x00, 0x00, 0x00, 0x00, 0x00, 0x00, 0x00, 0xb1, 0xb5, 0xff, 0xff, 0xa4, 0x3b, 0x20, 0x34,
    0x81, 0x44, 0x01, 0x8e, 0x63, 0xcf, 0x62, 0x7d, 0x61, 0x4c, 0x07, 0xc7, 0x23, 0x96, 0x64, 0xa6,
    0x44, 0x96, 0x01, 0x86, 0x01, 0x86, 0x63, 0x96, 0xe6, 0xb6, 0xe6, 0xbe, 0xe3, 0x85, 0xe2, 0x7d,
    0x41, 0x44, 0x61, 0x44, 0xc1, 0x4c, 0x41, 0x23, 0x21, 0x3c, 0xa1, 0x6d, 0xe1, 0x7d, 0x21, 0x8e,
    0x05, 0xbf, 0xe5, 0x95, 0x22, 0x2b, 0xbe, 0xf7, 0x33, 0xc6, 0x00, 0x00, 0x00, 0x00, 0x00, 0x00,
    0x00, 0x00, 0x00, 0x00, 0x00, 0x00, 0x00, 0x00, 0x00, 0x00, 0xff, 0xff, 0x04, 0x44, 0x80, 0x44,
    0x21, 0x34, 0x41, 0x3c, 0xc1, 0x54, 0xa2, 0xa6, 0x41, 0x4c, 0xe5, 0x95, 0x23, 0x8e, 0x81, 0x6d,
    0xc2, 0x75, 0x64, 0x9e, 0xe6, 0xbe, 0x07, 0xc7, 0xa5, 0xae, 0xc1, 0x75, 0x81, 0x65, 0xa1, 0x6d,
    0x21, 0x3c, 0xc2, 0x4c, 0x41, 0x2b, 0x81, 0x2b, 0x21, 0x5d, 0xa1, 0x75, 0x62, 0x9e, 0x26, 0xcf,
    0x66, 0xae, 0x80, 0x2b, 0x8c, 0x6c, 0xff, 0xff, 0x00, 0x00, 0x00, 0x00, 0x00, 0x00, 0x00, 0x00,
    0x00, 0x00, 0x00, 0x00, 0x00, 0x00, 0x00, 0x00, 0x00, 0x00, 0xff, 0xff, 0x8c, 0x6c, 0x41, 0x6d,
    0x42, 0x65, 0x81, 0x44, 0x41, 0x34, 0x61, 0x6d, 0xe1, 0x85, 0xe2, 0x43, 0x22, 0x65, 0xc2, 0x7d,
    0x65, 0xa6, 0x64, 0x9e, 0x24, 0x96, 0xe2, 0x85, 0x81, 0x6d, 0x01, 0x55, 0x41, 0x5d, 0xe1, 0x54,
    0xa1, 0x33, 0x41, 0x2b, 0xe1, 0x3b, 0x81, 0x6d, 0x21, 0x8e, 0x62, 0x9e, 0x61, 0x9e, 0xe3, 0xbe,
    0xe2, 0x64, 0x23, 0x2b, 0x7d, 0xef, 0xff, 0xff, 0x00, 0x00, 0x00, 0x00, 0x00, 0x00, 0x00, 0x00,
    0x00, 0x00, 0x00, 0x00, 0x00, 0x00, 0x00, 0x00, 0x00, 0x00, 0xff, 0xff, 0xfb, 0xde, 0x82, 0x3b,
    0x03, 0x8e, 0x82, 0x6d, 0x61, 0x3c, 0x81, 0x44, 0x62, 0x9e, 0xc2, 0x85, 0x61, 0x2b, 0xa1, 0x4c,
    0x21, 0x5d, 0xe1, 0x4c, 0xe1, 0x54, 0x01, 0x55, 0x01, 0x55, 0x01, 0x55, 0x81, 0x44, 0x61, 0x2b,
    0x21, 0x23, 0x41, 0x3c, 0xa1, 0x6d, 0xe4, 0xb6, 0xa4, 0xae, 0x41, 0x96, 0x82, 0xa6, 0xa4, 0xae,
    0x60, 0x2b, 0xee, 0x84, 0xff, 0xff, 0x00, 0x00, 0x00, 0x00, 0x00, 0x00, 0x00, 0x00, 0x00, 0x00,
    0x00, 0x00, 0x00, 0x00, 0x00, 0x00, 0x00, 0x00, 0x00, 0x00, 0x00, 0x00, 0xff, 0xff, 0x36, 0xb6,
    0x63, 0x33, 0x20, 0x44, 0xa1, 0x44, 0xa1, 0x44, 0xa1, 0x4c, 0x61, 0x65, 0x21, 0x5d, 0x81, 0x2b,
    0x81, 0x44, 0x02, 0x55, 0xe2, 0x4c, 0x81, 0x44, 0x01, 0x3c, 0x81, 0x2b, 0x61, 0x23, 0x01, 0x34,
    0x41, 0x65, 0x01, 0x86, 0x41, 0x96, 0x45, 0xcf, 0xe5, 0xbe, 0x81, 0x9e, 0xc3, 0x85, 0x80, 0x2b,
    0x86, 0x43, 0x9d, 0xef, 0xff, 0xff, 0x00, 0x00, 0x00, 0x00, 0x00, 0x00, 0x00, 0x00, 0x00, 0x00,
    0x00, 0x00, 0x00, 0x00, 0x00, 0x00, 0x00, 0x00, 0x00, 0x00, 0x00, 0x00, 0x00, 0x00, 0xff, 0xff,
    0x5d, 0xe7, 0xef, 0x84, 0x84, 0x3b, 0x81, 0x2b, 0x41, 0x23, 0x01, 0x1b, 0xa1, 0x2b, 0x61, 0x44,
    0xa1, 0x2b, 0x41, 0x3c, 0xa1, 0x33, 0xe1, 0x3b, 0x01, 0x65, 0x02, 0x8e, 0x81, 0x6d, 0x41, 0x5d,
    0x82, 0xa6, 0x02, 0xc7, 0x82, 0xa6, 0x21, 0x96, 0x82, 0x9e, 0x23, 0x96, 0xe0, 0x33, 0x22, 0x2b,
    0x3c, 0xe7, 0xfd, 0xff, 0x00, 0x00, 0x00, 0x00, 0x00, 0x00, 0x00, 0x00, 0x00, 0x00, 0x00, 0x00,
    0x00, 0x00, 0x00, 0x00, 0x00, 0x00, 0x00, 0x00, 0x00, 0x00, 0x00, 0x00, 0x00, 0x00, 0x00, 0x00,
    0xff, 0xff, 0xff, 0xff, 0xb3, 0x9d, 0x80, 0x2b, 0xa2, 0x54, 0x01, 0x3c, 0xc1, 0x2b, 0x01, 0x1b,
    0x01, 0x23, 0x81, 0x2b, 0xc1, 0x54, 0x81, 0x6d, 0x41, 0x65, 0x83, 0x85, 0x83, 0xae, 0xc2, 0xa6,
    0xa2, 0xae, 0xc2, 0xae, 0x82, 0x75, 0xa1, 0x2b, 0x40, 0x2b, 0xe0, 0x1a, 0x22, 0x2b, 0x56, 0xbe,
    0xff, 0xff, 0x00, 0x00, 0x00, 0x00, 0x00, 0x00, 0x00, 0x00, 0x00, 0x00, 0x00, 0x00, 0x00, 0x00,
    0x00, 0x00, 0x00, 0x00, 0x00, 0x00, 0x00, 0x00, 0x00, 0x00, 0x00, 0x00, 0x00, 0x00, 0x00, 0x00,
    0x00, 0x00, 0xff, 0xff, 0xbf, 0xf7, 0xe8, 0x53, 0xc0, 0x3b, 0xe0, 0x33, 0xc1, 0x33, 0x42, 0x4c,
    0x81, 0x4c, 0xe1, 0x54, 0xc1, 0x4c, 0x21, 0x3c, 0x01, 0x1b, 0x81, 0x0a, 0x01, 0x23, 0xa2, 0x5c,
    0x00, 0x65, 0xc0, 0x54, 0x60, 0x23, 0xc0, 0x1a, 0xad, 0x74, 0xb3, 0xa5, 0x9d, 0xef, 0xff, 0xff,
    0x00, 0x00, 0x00, 0x00, 0x00, 0x00, 0x00, 0x00, 0x00, 0x00, 0x00, 0x00, 0x00, 0x00, 0x00, 0x00,
    0x00, 0x00, 0x00, 0x00, 0x00, 0x00, 0x00, 0x00, 0x00, 0x00, 0x00, 0x00, 0x00, 0x00, 0x00, 0x00,
    0x00, 0x00, 0x00, 0x00, 0xff, 0xff, 0xff, 0xff, 0xf5, 0xad, 0xef, 0x84, 0xc1, 0x22, 0x80, 0x4c,
    0x22, 0x6d, 0x41, 0x44, 0x60, 0x2b, 0x60, 0x0a, 0x60, 0x23, 0x61, 0x44, 0x61, 0x44, 0xc0, 0x1a,
    0x25, 0x33, 0x87, 0x43, 0xc9, 0x53, 0x36, 0xb6, 0xff, 0xff, 0xff, 0xff, 0xff, 0xff, 0x00, 0x00,
    0x00, 0x00, 0x00, 0x00, 0x00, 0x00, 0x00, 0x00, 0x00, 0x00, 0x00, 0x00, 0x00, 0x00, 0x00, 0x00,
    0x00, 0x00, 0x00, 0x00, 0x00, 0x00, 0x00, 0x00, 0x00, 0x00, 0x00, 0x00, 0x00, 0x00, 0x00, 0x00,
    0x00, 0x00, 0x00, 0x00, 0x00, 0x00, 0x34, 0xc6, 0xff, 0xff, 0xff, 0xff, 0x78, 0xc6, 0x67, 0x43,
    0xc2, 0x22, 0xa2, 0x1a, 0xe3, 0x2a, 0x8d, 0x74, 0x4a, 0x64, 0x84, 0x3b, 0x85, 0x43, 0xce, 0x7c,
    0xde, 0xf7, 0xff, 0xff, 0xff, 0xff, 0xff, 0xff, 0x70, 0xa5, 0x00, 0x00, 0x00, 0x00, 0x00, 0x00,
    0x00, 0x00, 0x00, 0x00, 0x00, 0x00, 0x00, 0x00, 0x00, 0x00, 0x00, 0x00, 0x00, 0x00, 0x00, 0x00,
    0x00, 0x00, 0x00, 0x00, 0x00, 0x00, 0x00, 0x00, 0x00, 0x00, 0x00, 0x00, 0x00, 0x00, 0x00, 0x00,
    0x00, 0x00, 0x00, 0x00, 0x00, 0x00, 0x00, 0x00, 0x00, 0x00, 0x00, 0x00, 0xff, 0xff, 0xff, 0xff,
    0x9d, 0xef, 0x7c, 0xe7, 0xff, 0xff, 0xff, 0xff, 0xff, 0xff, 0xdf, 0xff, 0xff, 0xff, 0xff, 0xff,
    0xff, 0xff, 0x00, 0x00, 0x00, 0x00, 0x00, 0x00, 0x00, 0x00, 0x00, 0x00, 0x00, 0x00, 0x00, 0x00,
    0x00, 0x00, 0x00, 0x00, 0x00, 0x00, 0x00, 0x00, 0x00, 0x00, 0x00, 0x00, 0x00, 0x00, 0x00, 0x00,
    0x00, 0x00, 0x00, 0x00, 0x00, 0x00, 0x00, 0x00, 0x00, 0x00, 0x00, 0x00, 0x00, 0x00, 0x00, 0x00,
    0x00, 0x00, 0x00, 0x00, 0x00, 0x00, 0x00, 0x00, 0x00, 0x00, 0x00, 0x00, 0x00, 0x00, 0x00, 0x00,
    0xff, 0xff, 0xff, 0xff, 0xf3, 0xbd, 0x00, 0x00, 0x00, 0x00, 0x00, 0x00, 0x00, 0x00, 0x00, 0x00,
    0x00, 0x00, 0x00, 0x00, 0x00, 0x00, 0x00, 0x00, 0x00, 0x00, 0x00, 0x00, 0x00, 0x00, 0x00, 0x00,
    0x00, 0x00, 0x00, 0x00, 0x00, 0x00, 0x00, 0x00, 0x00, 0x00, 0x00, 0x00, 0x00, 0x00, 0x00, 0x00,
    0x00, 0x00, 0x00, 0x00, 0x00, 0x00, 0x00, 0x00, 0x00, 0x00, 0x00, 0x00, 0x00, 0x00, 0x00, 0x00,
    0x00, 0x00, 0x00, 0x00, 0xff, 0xff, 0xff, 0x00, 0x00, 0x00, 0x00, 0x00, 0x00, 0x00, 0x00, 0x00,
    0x00, 0x00, 0x00, 0x00, 0x00, 0x00, 0x00, 0x00, 0x00, 0x00, 0x00, 0x00, 0x00, 0x00, 0x00, 0x00,
    0x00, 0x00, 0x00, 0x00, 0x00, 0x00, 0x00, 0x00, 0x00, 0xff, 0xff, 0xff, 0xff, 0xff, 0xff, 0xff,
    0xff, 0xff, 0x00, 0x00, 0x00, 0x00, 0x00, 0x00, 0x00, 0x00, 0x00, 0x00, 0x00, 0x00, 0x00, 0x00,
    0x00, 0x00, 0x00, 0x00, 0x00, 0x00, 0x00, 0x00, 0x00, 0x00, 0x00, 0x00, 0xff, 0xff, 0xff, 0xff,
    0xff, 0xff, 0xff, 0xff, 0xff, 0xff, 0xff, 0xff, 0xff, 0xff, 0xff, 0x00, 0x00, 0x00, 0x00, 0x00,
    0x00, 0x00, 0x00, 0x00, 0x00, 0x00, 0x00, 0x00, 0x00, 0x00, 0x00, 0x00, 0x00, 0x00, 0x00, 0x00,
    0x00, 0xff, 0xff, 0xff, 0xff, 0xff, 0xff, 0xff, 0xff, 0xff, 0xff, 0xff, 0xff, 0xff, 0xff, 0xff,
    0xff, 0xff, 0xff, 0xff, 0x00, 0x00, 0x00, 0x00, 0x00, 0x00, 0x00, 0x00, 0x00, 0x00, 0x00, 0x00,
    0x00, 0x00, 0x00, 0x00, 0x00, 0x00, 0x00, 0x00, 0xff, 0xff, 0xff, 0xff, 0xff, 0xff, 0xff, 0xff,
    0xff, 0xff, 0xff, 0xff, 0xff, 0xff, 0xff, 0xff, 0xff, 0xff, 0xff, 0xff, 0xff, 0xff, 0xff, 0xff,
    0x00, 0x00, 0x00, 0x00, 0x00, 0x00, 0x00, 0x00, 0x00, 0x00, 0x00, 0x00, 0x00, 0x00, 0x00, 0xff,
    0xff, 0xff, 0xff, 0xff, 0xff, 0xff, 0xff, 0xff, 0xff, 0xff, 0xff, 0xff, 0xff, 0xff, 0xff, 0xff,
    0xff, 0xff, 0xff, 0xff, 0xff, 0xff, 0xff, 0xff, 0xff, 0x00, 0x00, 0x00, 0x00, 0x00, 0x00, 0x00,
    0x00, 0x00, 0x00, 0x00, 0x00, 0x00, 0xff, 0xff, 0xff, 0xff, 0xff, 0xff, 0xff, 0xff, 0xff, 0xff,
    0xff, 0xff, 0xff, 0xff, 0xff, 0xff, 0xff, 0xff, 0xff, 0xff, 0xff, 0xff, 0xff, 0xff, 0xff, 0xff,
    0xff, 0xff, 0x00, 0x00, 0x00, 0x00, 0x00, 0x00, 0x00, 0x00, 0x00, 0x00, 0x00, 0x00, 0xff, 0xff,
    0xff, 0xff, 0xff, 0xff, 0xff, 0xff, 0xff, 0xff, 0xff, 0xff, 0xff, 0xff, 0xff, 0xff, 0xff, 0xff,
    0xff, 0xff, 0xff, 0xff, 0xff, 0xff, 0xff, 0xff, 0xff, 0xff, 0xff, 0x00, 0x00, 0x00, 0x00, 0x00,
    0x00, 0x00, 0x00, 0x00, 0x00, 0x00, 0xff, 0xff, 0xff, 0xff, 0xff, 0xff, 0xff, 0xff, 0xff, 0xff,
    0xff, 0xff, 0xff, 0xff, 0xff, 0xff, 0xff, 0xff, 0xff, 0xff, 0xff, 0xff, 0xff, 0xff, 0xff, 0xff,
    0xff, 0xff, 0xff, 0x00, 0x00, 0x00, 0x00, 0x00, 0x00, 0x00, 0x00, 0x00, 0x00, 0xff, 0xff, 0xff,
    0xff, 0xff, 0xff, 0xff, 0xff, 0xff, 0xff, 0xff, 0xff, 0xff, 0xff, 0xff, 0xff, 0xff, 0xff, 0xff,
    0xff, 0xff, 0xff, 0xff, 0xff, 0xff, 0xff, 0xff, 0xff, 0xff, 0xff, 0xff, 0x00, 0x00, 0x00, 0x00,
    0x00, 0x00, 0x00, 0x00, 0x00, 0x00, 0xff, 0xff, 0xff, 0xff, 0xff, 0xff, 0xff, 0xff, 0xff, 0xff,
    0xff, 0xff, 0xff, 0xff, 0xff, 0xff, 0xff, 0xff, 0xff, 0xff, 0xff, 0xff, 0xff, 0xff, 0xff, 0xff,
    0xff, 0xff, 0xff, 0xff, 0x00, 0x00, 0x00, 0x00, 0x00, 0x00, 0x00, 0x00, 0x00, 0x00, 0xff, 0xff,
    0xff, 0xff, 0xff, 0xff, 0xff, 0xff, 0xff, 0xff, 0xff, 0xff, 0xff, 0xff, 0xff, 0xff, 0xff, 0xff,
    0xff, 0xff, 0xff, 0xff, 0xff, 0xff, 0xff, 0xff, 0xff, 0xff, 0xff, 0xff, 0x00, 0x00, 0x00, 0x00,
    0x00, 0x00, 0x00, 0x00, 0x00, 0xff, 0xff, 0xff, 0xff, 0xff, 0xff, 0xff, 0xff, 0xff, 0xff, 0xff,
    0xff, 0xff, 0xff, 0xff, 0xff, 0xff, 0xff, 0xff, 0xff, 0xff, 0xff, 0xff, 0xff, 0xff, 0xff, 0xff,
    0xff, 0xff, 0xff, 0xff, 0x00, 0x00, 0x00, 0x00, 0x00, 0x00, 0x00, 0x00, 0xff, 0xff, 0xff, 0xff,
    0xff, 0xff, 0xff, 0xff, 0xff, 0xff, 0xff, 0xff, 0xff, 0xff, 0xff, 0xff, 0xff, 0xff, 0xff, 0xff,
    0xff, 0xff, 0xff, 0xff, 0xff, 0xff, 0xff, 0xff, 0xff, 0xff, 0xff, 0xff, 0x00, 0x00, 0x00, 0x00,
    0x00, 0x00, 0x00, 0x00, 0xff, 0xff, 0xff, 0xff, 0xff, 0xff, 0xff, 0xff, 0xff, 0xff, 0xff, 0xff,
    0xff, 0xff, 0xff, 0xff, 0xff, 0xff, 0xff, 0xff, 0xff, 0xff, 0xff, 0xff, 0xff, 0xff, 0xff, 0xff,
    0xff, 0xff, 0xff, 0xff, 0x00, 0x00, 0x00, 0x00, 0x00, 0x00, 0x00, 0xff, 0xff, 0xff, 0xff, 0xff,
    0xff, 0xff, 0xff, 0xff, 0xff, 0xff, 0xff, 0xff, 0xff, 0xff, 0xff, 0xff, 0xff, 0xff, 0xff, 0xff,
    0xff, 0xff, 0xff, 0xff, 0xff, 0xff, 0xff, 0xff, 0xff, 0xff, 0xff, 0xff, 0x00, 0x00, 0x00, 0x00,
    0x00, 0x00, 0x00, 0xff, 0xff, 0xff, 0xff, 0xff, 0xff, 0xff, 0xff, 0xff, 0xff, 0xff, 0xff, 0xff,
    0xff, 0xff, 0xff, 0xff, 0xff, 0xff, 0xff, 0xff, 0xff, 0xff, 0xff, 0xff, 0xff, 0xff, 0xff, 0xff,
    0xff, 0xff, 0xff, 0xff, 0x00, 0x00, 0x00, 0x00, 0x00, 0x00, 0x00, 0xff, 0xff, 0xff, 0xff, 0xff,
    0xff, 0xff, 0xff, 0xff, 0xff, 0xff, 0xff, 0xff, 0xff, 0xff, 0xff, 0xff, 0xff, 0xff, 0xff, 0xff,
    0xff, 0xff, 0xff, 0xff, 0xff, 0xff, 0xff, 0xff, 0xff, 0xff, 0xff, 0xff, 0x00, 0x00, 0x00, 0x00,
    0x00, 0x00, 0x00, 0x00, 0xff, 0xff, 0xff, 0xff, 0xff, 0xff, 0xff, 0xff, 0xff, 0xff, 0xff, 0xff,
    0xff, 0xff, 0xff, 0xff, 0xff, 0xff, 0xff, 0xff, 0xff, 0xff, 0xff, 0xff, 0xff, 0xff, 0xff, 0xff,
    0xff, 0xff, 0xff, 0xff, 0xff, 0x00, 0x00, 0x00, 0x00, 0x00, 0x00, 0x00, 0xff, 0xff, 0xff, 0xff,
    0xff, 0xff, 0xff, 0xff, 0xff, 0xff, 0xff, 0xff, 0xff, 0xff, 0xff, 0xff, 0xff, 0xff, 0xff, 0xff,
    0xff, 0xff, 0xff, 0xff, 0xff, 0xff, 0xff, 0xff, 0xff, 0xff, 0xff, 0xff, 0xff, 0x00, 0x00, 0x00,
    0x00, 0x00, 0x00, 0x00, 0xff, 0xff, 0xff, 0xff, 0xff, 0xff, 0xff, 0xff, 0xff, 0xff, 0xff, 0xff,
    0xff, 0xff, 0xff, 0xff, 0xff, 0xff, 0xff, 0xff, 0xff, 0xff, 0xff, 0xff, 0xff, 0xff, 0xff, 0xff,
    0xff, 0xff, 0xff, 0xff, 0xff, 0x00, 0x00, 0x00, 0x00, 0x00, 0x00, 0x00, 0x00, 0xff, 0xff, 0xff,
    0xff, 0xff, 0xff, 0xff, 0xff, 0xff, 0xff, 0xff, 0xff, 0xff, 0xff, 0xff, 0xff, 0xff, 0xff, 0xff,
    0xff, 0xff, 0xff, 0xff, 0xff, 0xff, 0xff, 0xff, 0xff, 0xff, 0xff, 0xff, 0x00, 0x00, 0x00, 0x00,
    0x00, 0x00, 0x00, 0x00, 0x00, 0xff, 0xff, 0xff, 0xff, 0xff, 0xff, 0xff, 0xff, 0xff, 0xff, 0xff,
    0xff, 0xff, 0xff, 0xff, 0xff, 0xff, 0xff, 0xff, 0xff, 0xff, 0xff, 0xff, 0xff, 0xff, 0xff, 0xff,
    0xff, 0xff, 0xff, 0xff, 0x00, 0x00, 0x00, 0x00, 0x00, 0x00, 0x00, 0x00, 0x00, 0xff, 0xff, 0xff,
    0xff, 0xff, 0xff, 0xff, 0xff, 0xff, 0xff, 0xff, 0xff, 0xff, 0xff, 0xff, 0xff, 0xff, 0xff, 0xff,
    0xff, 0xff, 0xff, 0xff, 0xff, 0xff, 0xff, 0xff, 0xff, 0xff, 0xff, 0x00, 0x00, 0x00, 0x00, 0x00,
    0x00, 0x00, 0x00, 0x00, 0x00, 0x00, 0xff, 0xff, 0xff, 0xff, 0xff, 0xff, 0xff, 0xff, 0xff, 0xff,
    0xff, 0xff, 0xff, 0xff, 0xff, 0xff, 0xff, 0xff, 0xff, 0xff, 0xff, 0xff, 0xff, 0xff, 0xff, 0xff,
    0xff, 0xff, 0xff, 0x00, 0x00, 0x00, 0x00, 0x00, 0x00, 0x00, 0x00, 0x00, 0x00, 0x00, 0x00, 0xff,
    0xff, 0xff, 0xff, 0xff, 0xff, 0xff, 0xff, 0xff, 0xff, 0xff, 0xff, 0xff, 0xff, 0xff, 0xff, 0xff,
    0xff, 0xff, 0xff, 0xff, 0xff, 0xff, 0xff, 0xff, 0xff, 0xff, 0x00, 0x00, 0x00, 0x00, 0x00, 0x00,
    0x00, 0x00, 0x00, 0x00, 0x00, 0x00, 0x00, 0x00, 0xff, 0xff, 0xff, 0xff, 0xff, 0xff, 0xff, 0xff,
    0xff, 0xff, 0xff, 0xff, 0xff, 0xff, 0xff, 0xff, 0xff, 0xff, 0xff, 0xff, 0xff, 0xff, 0xff, 0xff,
    0xff, 0x00, 0x00, 0x00, 0x00, 0x00, 0x00, 0x00, 0x00, 0x00, 0x00, 0x00, 0x00, 0x00, 0x00, 0x00,
    0x00, 0xff, 0xff, 0xff, 0xff, 0xff, 0xff, 0xff, 0xff, 0xff, 0xff, 0xff, 0xff, 0xff, 0xff, 0xff,
    0xff, 0xff, 0xff, 0xff, 0xff, 0xff, 0xff, 0xff, 0x00, 0x00, 0x00, 0x00, 0x00, 0x00, 0x00, 0x00,
    0x00, 0x00, 0x00, 0x00, 0x00, 0x00, 0x00, 0x00, 0x00, 0x00, 0xff, 0xff, 0xff, 0xff, 0xff, 0xff,
    0xff, 0xff, 0xff, 0xff, 0xff, 0xff, 0xff, 0xff, 0xff, 0xff, 0xff, 0xff, 0xff, 0xff, 0xff, 0x00,
    0x00, 0x00, 0x00, 0x00, 0x00, 0x00, 0x00, 0x00, 0x00, 0x00, 0x00, 0x00, 0x00, 0x00, 0x00, 0x00,
    0x00, 0x00, 0x00, 0xff, 0xff, 0xff, 0xff, 0xff, 0xff, 0xff, 0xff, 0xff, 0xff, 0xff, 0xff, 0xff,
    0xff, 0xff, 0xff, 0xff, 0xff, 0x00, 0x00, 0x00, 0x00, 0x00, 0x00, 0x00, 0x00, 0x00, 0x00, 0x00,
    0x00, 0x00, 0x00, 0x00, 0x00, 0x00, 0x00, 0x00, 0x00, 0x00, 0x00, 0x00, 0x00, 0x00, 0xff, 0xff,
    0xff, 0xff, 0xff, 0xff, 0xff, 0xff, 0xff, 0xff, 0xff, 0x00, 0x00, 0x00, 0x00, 0x00, 0x00, 0x00,
    0x00, 0x00, 0x00, 0x00, 0x00, 0x00, 0x00, 0x00, 0x00, 0x00, 0x00, 0x00, 0x00, 0x00, 0x00, 0x00,
    0x00, 0x00, 0x00, 0x00, 0x00, 0x00, 0x00, 0x00, 0xff, 0xff, 0xff, 0x00, 0x00, 0x00, 0x00, 0x00,
    0x00, 0x00, 0x00, 0x00, 0x00, 0x00, 0x00, 0x00, 0x00, 0x00, 0x00, 0x00, 0x00, 0x00, 0x00, 0x00,
};

static const LV_ATTRIBUTE_MEM_ALIGN uint8_t app_farm_crop_tomato_map[] = {
    0x00, 0x00, 0x00, 0x00, 0x00, 0x00, 0x00, 0x00, 0x00, 0x00, 0x00, 0x00, 0x00, 0x00, 0x00, 0x00,
    0x00, 0x00, 0x00, 0x00, 0x00, 0x00, 0x00, 0x00, 0x00, 0x00, 0x00, 0x00, 0x00, 0x00, 0x00, 0x00,
    0x00, 0x00, 0x00, 0x00, 0x00, 0x00, 0x00, 0x00, 0xff, 0xff, 0xff, 0xff, 0x00, 0x00, 0x00, 0x00,
    0x00, 0x00, 0x00, 0x00, 0x00, 0x00, 0x00, 0x00, 0x00, 0x00, 0x00, 0x00, 0x00, 0x00, 0x00, 0x00,
    0x00, 0x00, 0x00, 0x00, 0x00, 0x00, 0x00, 0x00, 0x00, 0x00, 0x00, 0x00, 0x00, 0x00, 0x00, 0x00,
    0x00, 0x00, 0x00, 0x00, 0x00, 0x00, 0x00, 0x00, 0x00, 0x00, 0x00, 0x00, 0x00, 0x00, 0x00, 0x00,
    0x00, 0x00, 0x00, 0x00, 0x00, 0x00, 0x00, 0x00, 0x00, 0x00, 0x00, 0x00, 0x00, 0x00, 0x00, 0x00,
    0x00, 0x00, 0x00, 0x00, 0xff, 0xff, 0xff, 0xff, 0x13, 0xa6, 0x3b, 0xdf, 0xff, 0xff, 0x00, 0x00,
    0x00, 0x00, 0x00, 0x00, 0x00, 0x00, 0x00, 0x00, 0x00, 0x00, 0x00, 0x00, 0x00, 0x00, 0x00, 0x00,
    0x00, 0x00, 0x00, 0x00, 0x00, 0x00, 0x00, 0x00, 0x00, 0x00, 0x00, 0x00, 0x00, 0x00, 0x00, 0x00,
    0x00, 0x00, 0x00, 0x00, 0x00, 0x00, 0x00, 0x00, 0x00, 0x00, 0x00, 0x00, 0x00, 0x00, 0x00, 0x00,
    0x00, 0x00, 0x00, 0x00, 0x00, 0x00, 0x00, 0x00, 0x00, 0x00, 0x00, 0x00, 0x00, 0x00, 0x00, 0x00,
    0x00, 0x00, 0x00, 0x00, 0xff, 0xff, 0xc7, 0x6c, 0xa4, 0x8d, 0x81, 0x5c, 0x1a, 0xdf, 0x00, 0x00,
    0x00, 0x00, 0x00, 0x00, 0x00, 0x00, 0x00, 0x00, 0x00, 0x00, 0x00, 0x00, 0x00, 0x00, 0x00, 0x00,
    0x00, 0x00, 0x00, 0x00, 0x00, 0x00, 0x00, 0x00, 0x00, 0x00, 0x00, 0x00, 0x00, 0x00, 0x00, 0x00,
    0x00, 0x00, 0x00, 0x00, 0x00, 0x00, 0x00, 0x00, 0x00, 0x00, 0x00, 0x00, 0x00, 0x00, 0x00, 0x00,
    0x00, 0x00, 0x00, 0x00, 0x00, 0x00, 0x00, 0x00, 0xff, 0xff, 0xff, 0xff, 0xff, 0xff, 0xff, 0xff,
    0x00, 0x00, 0xff, 0xff, 0x13, 0xae, 0x66, 0x8d, 0x4a, 0xd7, 0x40, 0x54, 0x35, 0xb6, 0xff, 0xff,
    0x00, 0x00, 0x00, 0x00, 0x00, 0x00, 0x00, 0x00, 0x00, 0x00, 0x00, 0x00, 0x00, 0x00, 0x00, 0x00,
    0x00, 0x00, 0x00, 0x00, 0x00, 0x00, 0x00, 0x00, 0x00, 0x00, 0x00, 0x00, 0x00, 0x00, 0x00, 0x00,
    0x00, 0x00, 0x00, 0x00, 0x00, 0x00, 0x00, 0x00, 0x00, 0x00, 0x00, 0x00, 0x00, 0x00, 0x00, 0x00,
    0x00, 0x00, 0x00, 0x00, 0x00, 0x00, 0x00, 0x00, 0xff, 0xff, 0x2b, 0x85, 0x0a, 0x7d, 0x77, 0xbe,
    0xff, 0xff, 0x7e, 0xf7, 0xec, 0x84, 0xe4, 0x95, 0xc0, 0x54, 0x43, 0x33, 0x7d, 0xff, 0xfe, 0xff,
    0xff, 0xff, 0xff, 0xff, 0x00, 0x00, 0xff, 0xff, 0x00, 0x00, 0x00, 0x00, 0x00, 0x00, 0x00, 0x00,
    0x00, 0x00, 0x00, 0x00, 0x00, 0x00, 0x00, 0x00, 0x00, 0x00, 0x00, 0x00, 0x00, 0x00, 0x00, 0x00,
    0x00, 0x00, 0x00, 0x00, 0x00, 0x00, 0x00, 0x00, 0x00, 0x00, 0x00, 0x00, 0x00, 0x00, 0x00, 0x00,
    0x00, 0x00, 0x00, 0x00, 0x00, 0x00, 0x00, 0x00, 0xff, 0xff, 0xe5, 0x6c, 0x89, 0xb6, 0xc3, 0x6c,
    0xa4, 0x64, 0x05, 0x6c, 0x42, 0x53, 0x83, 0x7d, 0x60, 0x44, 0xa1, 0x42, 0xc8, 0x7b, 0xa9, 0x6c,
    0x86, 0x64, 0xc2, 0x6c, 0x00, 0x00, 0x00, 0x00, 0xff, 0xff, 0x00, 0x00, 0x00, 0x00, 0x00, 0x00,
    0x00, 0x00, 0x00, 0x00, 0x00, 0x00, 0x00, 0x00, 0x00, 0x00, 0x00, 0x00, 0x00, 0x00, 0x00, 0x00,
    0x00, 0x00, 0x00, 0x00, 0x00, 0x00, 0x00, 0x00, 0x00, 0x00, 0x00, 0x00, 0x00, 0x00, 0x00, 0x00,
    0x00, 0x00, 0x00, 0x00, 0xff, 0xff, 0xff, 0xff, 0xd2, 0xcc, 0x42, 0x53, 0x23, 0x8e, 0x83, 0xae,
    0x43, 0xa6, 0x02, 0x96, 0x62, 0x54, 0xa0, 0x54, 0x20, 0x44, 0x40, 0x2b, 0xe3, 0x64, 0x04, 0x9e,
    0x01, 0x96, 0x81, 0x75, 0x00, 0x00, 0xff, 0xff, 0xff, 0xff, 0x00, 0x00, 0x00, 0x00, 0x00, 0x00,
    0x00, 0x00, 0x00, 0x00, 0x00, 0x00, 0x00, 0x00, 0x00, 0x00, 0x00, 0x00, 0x00, 0x00, 0x00, 0x00,
    0x00, 0x00, 0x00, 0x00, 0x00, 0x00, 0x00, 0x00, 0x00, 0x00, 0x00, 0x00, 0x00, 0x00, 0x00, 0x00,
    0x00, 0x00, 0xff, 0xff, 0x75, 0xd5, 0xe5, 0xa1, 0x85, 0xca, 0x83, 0xb2, 0x40, 0x3b, 0x20, 0x5d,
    0x40, 0x75, 0x00, 0x65, 0x80, 0x54, 0x00, 0x3c, 0x00, 0x3c, 0x00, 0x3c, 0x80, 0x4c, 0xa0, 0x5c,
    0x20, 0x44, 0x00, 0x23, 0x61, 0x71, 0x44, 0x99, 0x50, 0xbc, 0xff, 0xff, 0xff, 0xff, 0x00, 0x00,
    0x00, 0x00, 0x00, 0x00, 0x00, 0x00, 0x00, 0x00, 0x00, 0x00, 0x00, 0x00, 0x00, 0x00, 0x00, 0x00,
    0x00, 0x00, 0x00, 0x00, 0x00, 0x00, 0x00, 0x00, 0x00, 0x00, 0x00, 0x00, 0x00, 0x00, 0x00, 0x00,
    0xff, 0xff, 0xee, 0xc3, 0x03, 0xb2, 0xed, 0xec, 0xe7, 0xfb, 0x01, 0xfa, 0x40, 0xb9, 0xe0, 0x69,
    0x21, 0x3b, 0x64, 0x85, 0x40, 0x6d, 0xa0, 0x54, 0xe0, 0x5c, 0xa0, 0x4c, 0xe0, 0x5c, 0xe0, 0x3b,
    0x00, 0x3a, 0xe0, 0xa8, 0xe0, 0xd0, 0x01, 0xd1, 0x80, 0xa0, 0x27, 0x92, 0x7e, 0xf7, 0xff, 0xff,
    0x00, 0x00, 0x00, 0x00, 0x00, 0x00, 0x00, 0x00, 0x00, 0x00, 0x00, 0x00, 0x00, 0x00, 0x00, 0x00,
    0x00, 0x00, 0x00, 0x00, 0x00, 0x00, 0x00, 0x00, 0x00, 0x00, 0x00, 0x00, 0x00, 0x00, 0xff, 0xff,
    0xef, 0xbb, 0x44, 0xba, 0xd0, 0xfd, 0x24, 0xfb, 0x81, 0xfa, 0xa2, 0xfa, 0x21, 0xfa, 0x00, 0xba,
    0x44, 0x7d, 0x64, 0xae, 0x20, 0x6d, 0x80, 0x4c, 0x00, 0x3c, 0x80, 0x7d, 0x01, 0x96, 0x01, 0x8e,
    0xa0, 0x43, 0x60, 0xb9, 0x81, 0xf1, 0xa1, 0xe1, 0xe3, 0xf1, 0xa0, 0xb8, 0xe6, 0x91, 0xdf, 0xff,
    0x71, 0xce, 0x00, 0x00, 0x00, 0x00, 0x00, 0x00, 0x00, 0x00, 0x00, 0x00, 0x00, 0x00, 0x00, 0x00,
    0x00, 0x00, 0x00, 0x00, 0x00, 0x00, 0x00, 0x00, 0x00, 0x00, 0x00, 0x00, 0xff, 0xff, 0xb6, 0xdd,
    0xa2, 0xa9, 0xb0, 0xfd, 0x82, 0xfa, 0x40, 0xfa, 0xa1, 0xfa, 0xa1, 0xfa, 0x81, 0xfa, 0xc1, 0x73,
    0x02, 0x86, 0x60, 0x75, 0x20, 0x5d, 0x40, 0x33, 0xe0, 0x49, 0x40, 0x44, 0x60, 0x65, 0x60, 0x75,
    0xc0, 0x44, 0xa0, 0x62, 0x81, 0xf9, 0x81, 0xe9, 0x20, 0xd9, 0x82, 0xe1, 0x60, 0xa8, 0x6c, 0xa3,
    0xff, 0xff, 0x00, 0x00, 0x00, 0x00, 0x00, 0x00, 0x00, 0x00, 0x00, 0x00, 0x00, 0x00, 0x00, 0x00,
    0x00, 0x00, 0x00, 0x00, 0x00, 0x00, 0x00, 0x00, 0x00, 0x00, 0x00, 0x00, 0xff, 0xff, 0xc5, 0x99,
    0x8b, 0xec, 0x04, 0xfb, 0x40, 0xfa, 0x89, 0xfc, 0xaf, 0xfd, 0xa6, 0xfb, 0x41, 0xf2, 0x80, 0x53,
    0x20, 0x34, 0xa0, 0x33, 0xc0, 0x3a, 0x80, 0x99, 0x60, 0xe9, 0xc0, 0x89, 0x80, 0x42, 0x00, 0x2b,
    0x40, 0x23, 0x20, 0x62, 0x61, 0xf1, 0x81, 0xe9, 0x21, 0xe1, 0xe0, 0xd0, 0x41, 0xe1, 0x80, 0x88,
    0x99, 0xe6, 0x00, 0x00, 0x00, 0x00, 0x00, 0x00, 0x00, 0x00, 0x00, 0x00, 0x00, 0x00, 0x00, 0x00,
    0x00, 0x00, 0x00, 0x00, 0x00, 0x00, 0x00, 0x00, 0x00, 0x00, 0xff, 0xff, 0x34, 0xcd, 0x03, 0xaa,
    0x28, 0xfc, 0xe0, 0xf9, 0xaa, 0xfc, 0x36, 0xff, 0x36, 0xff, 0x32, 0xfe, 0xa2, 0xfa, 0x21, 0xca,
    0xc0, 0x89, 0xa0, 0xa9, 0x80, 0xd9, 0xe1, 0xf9, 0x21, 0xfa, 0x01, 0xfa, 0x80, 0xe1, 0x40, 0xc1,
    0x20, 0xb1, 0x00, 0xd1, 0x41, 0xe1, 0x61, 0xe9, 0x61, 0xe1, 0xe1, 0xd0, 0x21, 0xd9, 0x80, 0xb0,
    0x2b, 0xa3, 0xff, 0xff, 0x00, 0x00, 0x00, 0x00, 0x00, 0x00, 0x00, 0x00, 0x00, 0x00, 0x00, 0x00,
    0x00, 0x00, 0x00, 0x00, 0x00, 0x00, 0x00, 0x00, 0x00, 0x00, 0xff, 0xff, 0x88, 0x9a, 0xc5, 0xda,
    0xe3, 0xfa, 0x81, 0xfa, 0x31, 0xfe, 0xd4, 0xfe, 0xd4, 0xfe, 0x31, 0xfe, 0xa1, 0xfa, 0x41, 0xfa,
    0x41, 0xfa, 0x62, 0xfa, 0x82, 0xfa, 0x82, 0xfa, 0x62, 0xfa, 0x62, 0xfa, 0x21, 0xfa, 0xe1, 0xf9,
    0xa1, 0xf1, 0x61, 0xe9, 0x41, 0xe1, 0x21, 0xe1, 0x41, 0xe1, 0x01, 0xd1, 0xe1, 0xc8, 0x01, 0xd1,
    0x43, 0x89, 0xbd, 0xff, 0x00, 0x00, 0x00, 0x00, 0x00, 0x00, 0x00, 0x00, 0x00, 0x00, 0x00, 0x00,
    0x00, 0x00, 0x00, 0x00, 0x00, 0x00, 0x00, 0x00, 0x00, 0x00, 0xff, 0xff, 0x63, 0x91, 0x04, 0xf3,
    0x61, 0xfa, 0x41, 0xfa, 0x8f, 0xfd, 0x35, 0xff, 0xf5, 0xfe, 0x28, 0xfc, 0x81, 0xfa, 0x0c, 0xfd,
    0xc6, 0xfb, 0x61, 0xfa, 0x82, 0xfa, 0x62, 0xfa, 0x41, 0xfa, 0x21, 0xfa, 0x01, 0xf2, 0xe1, 0xf1,
    0xc1, 0xf1, 0x81, 0xe9, 0x41, 0xe1, 0x21, 0xd9, 0x21, 0xe1, 0x01, 0xd1, 0xe1, 0xc8, 0x41, 0xe1,
    0xa0, 0x90, 0x99, 0xe6, 0x00, 0x00, 0x00, 0x00, 0x00, 0x00, 0x00, 0x00, 0x00, 0x00, 0x00, 0x00,
    0x00, 0x00, 0x00, 0x00, 0x00, 0x00, 0x00, 0x00, 0xff, 0xff, 0x99, 0xe6, 0x00, 0x99, 0x83, 0xfa,
    0x01, 0xfa, 0x21, 0xfa, 0xa3, 0xfa, 0x6a, 0xfc, 0xc7, 0xfb, 0x20, 0xfa, 0x28, 0xfc, 0xf4, 0xfe,
    0xa7, 0xfb, 0x40, 0xfa, 0x62, 0xfa, 0x41, 0xfa, 0x21, 0xfa, 0x01, 0xfa, 0xe1, 0xf1, 0xc1, 0xf1,
    0xa1, 0xf1, 0x61, 0xe9, 0x61, 0xe9, 0x41, 0xe1, 0x21, 0xd9, 0x01, 0xd1, 0xc1, 0xc0, 0x21, 0xd9,
    0x80, 0x98, 0xb6, 0xd5, 0xff, 0xff, 0x00, 0x00, 0x00, 0x00, 0x00, 0x00, 0x00, 0x00, 0x00, 0x00,
    0x00, 0x00, 0x00, 0x00, 0x00, 0x00, 0x00, 0x00, 0xff, 0xff, 0xd7, 0xd5, 0xc0, 0xa0, 0x22, 0xfa,
    0xe1, 0xf1, 0x21, 0xfa, 0x21, 0xfa, 0x00, 0xfa, 0x21, 0xfa, 0x61, 0xfa, 0x04, 0xfb, 0x86, 0xfb,
    0x41, 0xfa, 0x41, 0xfa, 0x21, 0xfa, 0x21, 0xfa, 0x01, 0xfa, 0xe1, 0xf1, 0xc1, 0xf1, 0xc1, 0xf1,
    0x81, 0xf1, 0x61, 0xe9, 0x41, 0xe9, 0x41, 0xe1, 0x01, 0xd1, 0xe1, 0xc8, 0xc1, 0xc0, 0x21, 0xd1,
    0x80, 0xa0, 0x54, 0xcd, 0xff, 0xff, 0x00, 0x00, 0x00, 0x00, 0x00, 0x00, 0x00, 0x00, 0x00, 0x00,
    0x00, 0x00, 0x00, 0x00, 0x00, 0x00, 0x00, 0x00, 0xff, 0xff, 0xb6, 0xd5, 0xc0, 0xa8, 0x02, 0xfa,
    0xc1, 0xf1, 0x01, 0xfa, 0x21, 0xfa, 0x21, 0xfa, 0x41, 0xfa, 0x41, 0xfa, 0x21, 0xfa, 0x00, 0xfa,
    0x21, 0xfa, 0x21, 0xfa, 0x21, 0xfa, 0x01, 0xfa, 0xe1, 0xf1, 0xc1, 0xf1, 0xa1, 0xf1, 0xa1, 0xf1,
    0x61, 0xe9, 0x41, 0xe1, 0x41, 0xe1, 0x21, 0xd9, 0xe1, 0xc8, 0xe1, 0xc8, 0xc0, 0xc0, 0x21, 0xd9,
    0x60, 0x98, 0x95, 0xcd, 0xff, 0xff, 0x00, 0x00, 0x00, 0x00, 0x00, 0x00, 0x00, 0x00, 0x00, 0x00,
    0x00, 0x00, 0x00, 0x00, 0x00, 0x00, 0x00, 0x00, 0x00, 0x00, 0xff, 0xff, 0xc0, 0xa0, 0xe1, 0xf9,
    0xc1, 0xf1, 0xe1, 0xf1, 0xe1, 0xf9, 0x01, 0xfa, 0x01, 0xfa, 0x01, 0xfa, 0x21, 0xfa, 0x21, 0xfa,
    0x01, 0xf2, 0xe1, 0xf9, 0xe1, 0xf1, 0xc1, 0xf1, 0xa1, 0xf1, 0xa1, 0xf1, 0x81, 0xe9, 0x81, 0xe9,
    0x41, 0xe9, 0x41, 0xe1, 0x20, 0xe1, 0x01, 0xd9, 0xe1, 0xc8, 0xe1, 0xc8, 0xc0, 0xc0, 0x41, 0xd9,
    0xa0, 0x88, 0x78, 0xde, 0x00, 0x00, 0x00, 0x00, 0x00, 0x00, 0x00, 0x00, 0x00, 0x00, 0x00, 0x00,
    0x00, 0x00, 0x00, 0x00, 0x00, 0x00, 0x00, 0x00, 0x00, 0x00, 0xff, 0xff, 0x01, 0x99, 0xa1, 0xf1,
    0x61, 0xe9, 0xa1, 0xf1, 0xc1, 0xf1, 0xe1, 0xf1, 0xe1, 0xf1, 0xe1, 0xf1, 0xe1, 0xf1, 0xe1, 0xf1,
    0xc1, 0xf1, 0xa1, 0xf1, 0xa1, 0xf1, 0x81, 0xe9, 0x81, 0xe9, 0x81, 0xe9, 0x61, 0xe9, 0x41, 0xe9,
    0x41, 0xe1, 0x21, 0xe1, 0x21, 0xe1, 0xe1, 0xd0, 0xe1, 0xc0, 0xc1, 0xc0, 0xc0, 0xc0, 0x21, 0xd9,
    0x02, 0x81, 0x9c, 0xf7, 0x00, 0x00, 0x00, 0x00, 0x00, 0x00, 0x00, 0x00, 0x00, 0x00, 0x00, 0x00,
    0x00, 0x00, 0x00, 0x00, 0x00, 0x00, 0x00, 0x00, 0x00, 0x00, 0xff, 0xff, 0xe5, 0x91, 0x40, 0xd9,
    0x41, 0xe1, 0x61, 0xe9, 0x81, 0xf1, 0x81, 0xf1, 0xa1, 0xf1, 0xa1, 0xf1, 0xa1, 0xf1, 0xa1, 0xf1,
    0xa1, 0xf1, 0x81, 0xe9, 0x81, 0xe9, 0x81, 0xe9, 0x81, 0xe9, 0x61, 0xe9, 0x41, 0xe9, 0x41, 0xe1,
    0x20, 0xe1, 0x20, 0xe1, 0x01, 0xd1, 0xc1, 0xc0, 0xc1, 0xc0, 0xc0, 0xc0, 0x01, 0xd1, 0xe0, 0xb8,
    0x89, 0x8a, 0xff, 0xff, 0x00, 0x00, 0x00, 0x00, 0x00, 0x00, 0x00, 0x00, 0x00, 0x00, 0x00, 0x00,
    0x00, 0x00, 0x00, 0x00, 0x00, 0x00, 0x00, 0x00, 0x00, 0x00, 0xff, 0xff, 0x50, 0xbc, 0xa0, 0xb0,
    0x82, 0xf1, 0x20, 0xe1, 0x61, 0xe9, 0x61, 0xe9, 0x61, 0xe9, 0x61, 0xe9, 0x61, 0xe9, 0x61, 0xe9,
    0x61, 0xe9, 0x61, 0xe9, 0x61, 0xe9, 0x61, 0xe9, 0x61, 0xe9, 0x41, 0xe1, 0x21, 0xe1, 0x21, 0xe1,
    0x20, 0xe1, 0x00, 0xd1, 0xc1, 0xc8, 0xc1, 0xc0, 0xc1, 0xc0, 0xa0, 0xb8, 0x61, 0xd9, 0x60, 0x88,
    0x95, 0xc5, 0xff, 0xff, 0x00, 0x00, 0x00, 0x00, 0x00, 0x00, 0x00, 0x00, 0x00, 0x00, 0x00, 0x00,
    0x00, 0x00, 0x00, 0x00, 0x00, 0x00, 0x00, 0x00, 0x00, 0x00, 0x00, 0x00, 0xff, 0xff, 0x01, 0x89,
    0x81, 0xe1, 0x21, 0xd9, 0x00, 0xd9, 0x40, 0xe1, 0x40, 0xe1, 0x41, 0xe9, 0x41, 0xe9, 0x41, 0xe9,
    0x41, 0xe9, 0x40, 0xe1, 0x41, 0xe1, 0x40, 0xe1, 0x20, 0xe1, 0x20, 0xe1, 0x20, 0xd9, 0x00, 0xd9,
    0x01, 0xd1, 0xe1, 0xc8, 0xc1, 0xc0, 0xc1, 0xc0, 0xa0, 0xb8, 0x01, 0xc9, 0x00, 0xc1, 0xa5, 0x71,
    0xff, 0xff, 0x00, 0x00, 0x00, 0x00, 0x00, 0x00, 0x00, 0x00, 0x00, 0x00, 0x00, 0x00, 0x00, 0x00,
    0x00, 0x00, 0x00, 0x00, 0x00, 0x00, 0x00, 0x00, 0x00, 0x00, 0x00, 0x00, 0xff, 0xff, 0x91, 0xc4,
    0x60, 0x98, 0xa2, 0xe9, 0xe0, 0xd0, 0x00, 0xd1, 0x00, 0xd9, 0x20, 0xe1, 0x20, 0xe1, 0x20, 0xe1,
    0x20, 0xe1, 0x20, 0xe1, 0x20, 0xd9, 0x20, 0xd9, 0x20, 0xd9, 0x00, 0xd9, 0x00, 0xd1, 0xe1, 0xc8,
    0xc1, 0xc0, 0xc1, 0xc0, 0xc1, 0xc0, 0xc0, 0xb8, 0xe0, 0xc0, 0x81, 0xe1, 0x60, 0x78, 0x17, 0xd6,
    0xff, 0xff, 0x00, 0x00, 0x00, 0x00, 0x00, 0x00, 0x00, 0x00, 0x00, 0x00, 0x00, 0x00, 0x00, 0x00,
    0x00, 0x00, 0x00, 0x00, 0x00, 0x00, 0x00, 0x00, 0x00, 0x00, 0x00, 0x00, 0x00, 0x00, 0xff, 0xff,
    0xc9, 0xa2, 0x80, 0xa8, 0x82, 0xe9, 0xe0, 0xd0, 0xe0, 0xd0, 0xe0, 0xd0, 0xe0, 0xd0, 0x00, 0xd1,
    0x00, 0xd9, 0x00, 0xd9, 0x00, 0xd9, 0x00, 0xd1, 0xe0, 0xd0, 0xe0, 0xc8, 0xc1, 0xc8, 0xc1, 0xc0,
    0xc1, 0xc0, 0xc0, 0xc0, 0xc0, 0xc0, 0xe1, 0xc0, 0x82, 0xe1, 0x40, 0x90, 0x2f, 0xac, 0xff, 0xff,
    0x00, 0x00, 0x00, 0x00, 0x00, 0x00, 0x00, 0x00, 0x00, 0x00, 0x00, 0x00, 0x00, 0x00, 0x00, 0x00,
    0x00, 0x00, 0x00, 0x00, 0x00, 0x00, 0x00, 0x00, 0x00, 0x00, 0x00, 0x00, 0x00, 0x00, 0x00, 0x00,
    0xff, 0xff, 0x88, 0xa2, 0x60, 0xa8, 0x61, 0xe1, 0x21, 0xd9, 0xe0, 0xc8, 0xc0, 0xc8, 0xe0, 0xc8,
    0xe0, 0xc8, 0xe0, 0xc8, 0xe0, 0xc8, 0xe0, 0xc8, 0xe0, 0xc8, 0xe0, 0xc8, 0xc0, 0xc0, 0xc0, 0xc0,
    0xc0, 0xc0, 0xc0, 0xc0, 0x41, 0xd9, 0x61, 0xd1, 0x40, 0x90, 0xad, 0xb3, 0xff, 0xff, 0x00, 0x00,
    0x00, 0x00, 0x00, 0x00, 0x00, 0x00, 0x00, 0x00, 0x00, 0x00, 0x00, 0x00, 0x00, 0x00, 0x00, 0x00,
    0x00, 0x00, 0x00, 0x00, 0x00, 0x00, 0x00, 0x00, 0x00, 0x00, 0x00, 0x00, 0x00, 0x00, 0x00, 0x00,
    0x00, 0x00, 0xff, 0xff, 0xad, 0xb3, 0x60, 0x90, 0xe0, 0xc8, 0x41, 0xe1, 0x21, 0xd9, 0xe0, 0xc8,
    0xc0, 0xc8, 0xc0, 0xc8, 0xc0, 0xc8, 0xe0, 0xc8, 0xc0, 0xc8, 0xc0, 0xc0, 0xc0, 0xc0, 0xe0, 0xc8,
    0x21, 0xd1, 0x61, 0xd9, 0xc0, 0xb0, 0xa0, 0x88, 0x91, 0xcc, 0xff, 0xff, 0x00, 0x00, 0x00, 0x00,
    0x00, 0x00, 0x00, 0x00, 0x00, 0x00, 0x00, 0x00, 0x00, 0x00, 0x00, 0x00, 0x00, 0x00, 0x00, 0x00,
    0x00, 0x00, 0x00, 0x00, 0x00, 0x00, 0x00, 0x00, 0x00, 0x00, 0x00, 0x00, 0x00, 0x00, 0x00, 0x00,
    0x00, 0x00, 0x00, 0x00, 0xff, 0xff, 0x18, 0xe6, 0x27, 0x9a, 0x80, 0x90, 0x80, 0xb0, 0xe0, 0xc8,
    0x21, 0xd9, 0x21, 0xd9, 0x21, 0xd9, 0x21, 0xd9, 0x21, 0xd9, 0x21, 0xd9, 0x41, 0xd9, 0x20, 0xc9,
    0xa0, 0xb0, 0x80, 0x90, 0x88, 0xa2, 0xda, 0xf6, 0xff, 0xff, 0x00, 0x00, 0x00, 0x00, 0x00, 0x00,
    0x00, 0x00, 0x00, 0x00, 0x00, 0x00, 0x00, 0x00, 0x00, 0x00, 0x00, 0x00, 0x00, 0x00, 0x00, 0x00,
    0x00, 0x00, 0x00, 0x00, 0x00, 0x00, 0x00, 0x00, 0x00, 0x00, 0x00, 0x00, 0x00, 0x00, 0x00, 0x00,
    0x00, 0x00, 0x00, 0x00, 0x00, 0x00, 0xff, 0xff, 0xff, 0xff, 0x38, 0xe6, 0x4c, 0xa3, 0x64, 0x89,
    0xa0, 0x88, 0x60, 0x90, 0x60, 0x98, 0x60, 0x98, 0x60, 0x98, 0x80, 0x98, 0xc0, 0x90, 0x84, 0x91,
    0x6d, 0xb3, 0x99, 0xee, 0xff, 0xff, 0x00, 0x00, 0x00, 0x00, 0x00, 0x00, 0x00, 0x00, 0x00, 0x00,
    0x00, 0x00, 0x00, 0x00, 0x00, 0x00, 0x00, 0x00, 0x00, 0x00, 0x00, 0x00, 0x00, 0x00, 0x00, 0x00,
    0x00, 0x00, 0x00, 0x00, 0x00, 0x00, 0x00, 0x00, 0x00, 0x00, 0x00, 0x00, 0x00, 0x00, 0x00, 0x00,
    0x00, 0x00, 0x00, 0x00, 0x00, 0x00, 0x00, 0x00, 0x00, 0x00, 0x00, 0x00, 0xff, 0xff, 0xfe, 0xff,
    0xfb, 0xee, 0xf7, 0xdd, 0x34, 0xcd, 0xf3, 0xc4, 0x34, 0xcd, 0xf7, 0xdd, 0xfa, 0xee, 0xfd, 0xff,
    0xff, 0xff, 0x00, 0x00, 0x00, 0x00, 0x00, 0x00, 0x00, 0x00, 0x00, 0x00, 0x00, 0x00, 0x00, 0x00,
    0x00, 0x00, 0x00, 0x00, 0x00, 0x00, 0x00, 0x00, 0x00, 0x00, 0x00, 0x00, 0x00, 0x00, 0x00, 0x00,
    0x00, 0x00, 0x00, 0x00, 0x00, 0x00, 0x00, 0x00, 0x00, 0x00, 0x00, 0x00, 0x00, 0x00, 0x00, 0x00,
    0x00, 0x00, 0x00, 0x00, 0x00, 0x00, 0x00, 0x00, 0x00, 0x00, 0x00, 0x00, 0x00, 0x00, 0x00, 0x00,
    0x00, 0x00, 0x00, 0x00, 0xff, 0xff, 0xff, 0xff, 0xff, 0xff, 0x00, 0x00, 0x00, 0x00, 0x00, 0x00,
    0x00, 0x00, 0x00, 0x00, 0x00, 0x00, 0x00, 0x00, 0x00, 0x00, 0x00, 0x00, 0x00, 0x00, 0x00, 0x00,
    0x00, 0x00, 0x00, 0x00, 0x00, 0x00, 0x00, 0x00, 0x00, 0x00, 0x00, 0x00, 0x00, 0x00, 0x00, 0x00,
    0x00, 0x00, 0x00, 0x00, 0x00, 0x00, 0x00, 0x00, 0x00, 0x00, 0x00, 0x00, 0x00, 0x00, 0x00, 0x00,
    0x00, 0x00, 0x00, 0x00, 0x00, 0x00, 0x00, 0x00, 0x00, 0x00, 0x00, 0x00, 0x00, 0x00, 0x00, 0x00,
    0x00, 0x00, 0x00, 0x00, 0x00, 0x00, 0x00, 0x00, 0x00, 0x00, 0x00, 0x00, 0x00, 0x00, 0x00, 0x00,
    0x00, 0x00, 0x00, 0x00, 0x00, 0x00, 0x00, 0x00, 0x00, 0x00, 0x00, 0x00, 0x00, 0x00, 0x00, 0x00,
    0x00, 0x00, 0x00, 0x00, 0x00, 0x00, 0x00, 0x00, 0x00, 0x00, 0x00, 0x00, 0x00, 0x00, 0x00, 0x00,
    0x00, 0x00, 0x00, 0x00, 0x00, 0x00, 0x00, 0x00, 0x00, 0x00, 0x00, 0x00, 0x00, 0x00, 0x00, 0x00,
    0x00, 0x00, 0x00, 0x00, 0xff, 0xff, 0x00, 0x00, 0x00, 0x00, 0x00, 0x00, 0x00, 0x00, 0x00, 0x00,
    0x00, 0x00, 0x00, 0x00, 0x00, 0x00, 0x00, 0x00, 0x00, 0x00, 0x00, 0x00, 0x00, 0x00, 0x00, 0x00,
    0x00, 0x00, 0x00, 0x00, 0x00, 0x00, 0x00, 0x00, 0x00, 0x00, 0xff, 0xff, 0xff, 0xff, 0xff, 0x00,
    0x00, 0x00, 0x00, 0x00, 0x00, 0x00, 0x00, 0x00, 0x00, 0x00, 0x00, 0x00, 0x00, 0x00, 0x00, 0x00,
    0x00, 0x00, 0x00, 0x00, 0x00, 0x00, 0x00, 0x00, 0x00, 0x00, 0x00, 0x00, 0x00, 0x00, 0x00, 0x00,
    0x00, 0x00, 0xff, 0xff, 0xff, 0xff, 0xff, 0x00, 0x00, 0x00, 0x00, 0x00, 0x00, 0x00, 0x00, 0x00,
    0x00, 0x00, 0x00, 0x00, 0x00, 0x00, 0x00, 0x00, 0x00, 0x00, 0x00, 0x00, 0x00, 0x00, 0x00, 0x00,
    0x00, 0x00, 0x00, 0x00, 0xff, 0xff, 0xff, 0xff, 0x00, 0xff, 0xff, 0xff, 0xff, 0xff, 0xff, 0xff,
    0x00, 0x00, 0x00, 0x00, 0x00, 0x00, 0x00, 0x00, 0x00, 0x00, 0x00, 0x00, 0x00, 0x00, 0x00, 0x00,
    0x00, 0x00, 0x00, 0x00, 0x00, 0x00, 0x00, 0x00, 0x00, 0x00, 0x00, 0x00, 0xff, 0xff, 0xff, 0xff,
    0xff, 0xff, 0xff, 0xff, 0xff, 0xff, 0xff, 0xff, 0xff, 0xff, 0x00, 0xff, 0x00, 0x00, 0x00, 0x00,
    0x00, 0x00, 0x00, 0x00, 0x00, 0x00, 0x00, 0x00, 0x00, 0x00, 0x00, 0x00, 0x00, 0x00, 0x00, 0x00,
    0x00, 0x00, 0x00, 0x00, 0xff, 0xff, 0xff, 0xff, 0xff, 0xff, 0xff, 0xff, 0xff, 0xff, 0xff, 0xff,
    0xff, 0xff, 0x00, 0x00, 0xff, 0x00, 0x00, 0x00, 0x00, 0x00, 0x00, 0x00, 0x00, 0x00, 0x00, 0x00,
    0x00, 0x00, 0x00, 0x00, 0x00, 0x00, 0x00, 0x00, 0x00, 0x00, 0xff, 0xff, 0xff, 0xff, 0xff, 0xff,
    0xff, 0xff, 0xff, 0xff, 0xff, 0xff, 0xff, 0xff, 0xff, 0xff, 0x00, 0xff, 0xff, 0x00, 0x00, 0x00,
    0x00, 0x00, 0x00, 0x00, 0x00, 0x00, 0x00, 0x00, 0x00, 0x00, 0x00, 0x00, 0x00, 0x00, 0x00, 0x00,
    0x00, 0xff, 0xff, 0xff, 0xff, 0xff, 0xff, 0xff, 0xff, 0xff, 0xff, 0xff, 0xff, 0xff, 0xff, 0xff,
    0xff, 0xff, 0xff, 0xff, 0xff, 0xff, 0xff, 0x00, 0x00, 0x00, 0x00, 0x00, 0x00, 0x00, 0x00, 0x00,
    0x00, 0x00, 0x00, 0x00, 0x00, 0x00, 0x00, 0x00, 0xff, 0xff, 0xff, 0xff, 0xff, 0xff, 0xff, 0xff,
    0xff, 0xff, 0xff, 0xff, 0xff, 0xff, 0xff, 0xff, 0xff, 0xff, 0xff, 0xff, 0xff, 0xff, 0xff, 0xff,
    0x00, 0x00, 0x00, 0x00, 0x00, 0x00, 0x00, 0x00, 0x00, 0x00, 0x00, 0x00, 0x00, 0x00, 0x00, 0xff,
    0xff, 0xff, 0xff, 0xff, 0xff, 0xff, 0xff, 0xff, 0xff, 0xff, 0xff, 0xff, 0xff, 0xff, 0xff, 0xff,
    0xff, 0xff, 0xff, 0xff, 0xff, 0xff, 0xff, 0xff, 0xff, 0x00, 0x00, 0x00, 0x00, 0x00, 0x00, 0x00,
    0x00, 0x00, 0x00, 0x00, 0x00, 0x00, 0xff, 0xff, 0xff, 0xff, 0xff, 0xff, 0xff, 0xff, 0xff, 0xff,
    0xff, 0xff, 0xff, 0xff, 0xff, 0xff, 0xff, 0xff, 0xff, 0xff, 0xff, 0xff, 0xff, 0xff, 0xff, 0xff,
    0xff, 0x00, 0x00, 0x00, 0x00, 0x00, 0x00, 0x00, 0x00, 0x00, 0x00, 0x00, 0x00, 0x00, 0xff, 0xff,
    0xff, 0xff, 0xff, 0xff, 0xff, 0xff, 0xff, 0xff, 0xff, 0xff, 0xff, 0xff, 0xff, 0xff, 0xff, 0xff,
    0xff, 0xff, 0xff, 0xff, 0xff, 0xff, 0xff, 0xff, 0xff, 0x00, 0x00, 0x00, 0x00, 0x00, 0x00, 0x00,
    0x00, 0x00, 0x00, 0x00, 0x00, 0xff, 0xff, 0xff, 0xff, 0xff, 0xff, 0xff, 0xff, 0xff, 0xff, 0xff,
    0xff, 0xff, 0xff, 0xff, 0xff, 0xff, 0xff, 0xff, 0xff, 0xff, 0xff, 0xff, 0xff, 0xff, 0xff, 0xff,
    0xff, 0xff, 0x00, 0x00, 0x00, 0x00, 0x00, 0x00, 0x00, 0x00, 0x00, 0x00, 0x00, 0xff, 0xff, 0xff,
    0xff, 0xff, 0xff, 0xff, 0xff, 0xff, 0xff, 0xff, 0xff, 0xff, 0xff, 0xff, 0xff, 0xff, 0xff, 0xff,
    0xff, 0xff, 0xff, 0xff, 0xff, 0xff, 0xff, 0xff, 0xff, 0xff, 0x00, 0x00, 0x00, 0x00, 0x00, 0x00,
    0x00, 0x00, 0x00, 0x00, 0x00, 0xff, 0xff, 0xff, 0xff, 0xff, 0xff, 0xff, 0xff, 0xff, 0xff, 0xff,
    0xff, 0xff, 0xff, 0xff, 0xff, 0xff, 0xff, 0xff, 0xff, 0xff, 0xff, 0xff, 0xff, 0xff, 0xff, 0xff,
    0xff, 0xff, 0x00, 0x00, 0x00, 0x00, 0x00, 0x00, 0x00, 0x00, 0x00, 0x00, 0xff, 0xff, 0xff, 0xff,
    0xff, 0xff, 0xff, 0xff, 0xff, 0xff, 0xff, 0xff, 0xff, 0xff, 0xff, 0xff, 0xff, 0xff, 0xff, 0xff,
    0xff, 0xff, 0xff, 0xff, 0xff, 0xff, 0xff, 0xff, 0xff, 0xff, 0xff, 0x00, 0x00, 0x00, 0x00, 0x00,
    0x00, 0x00, 0x00, 0x00, 0xff, 0xff, 0xff, 0xff, 0xff, 0xff, 0xff, 0xff, 0xff, 0xff, 0xff, 0xff,
    0xff, 0xff, 0xff, 0xff, 0xff, 0xff, 0xff, 0xff, 0xff, 0xff, 0xff, 0xff, 0xff, 0xff, 0xff, 0xff,
    0xff, 0xff, 0xff, 0x00, 0x00, 0x00, 0x00, 0x00, 0x00, 0x00, 0x00, 0x00, 0xff, 0xff, 0xff, 0xff,
    0xff, 0xff, 0xff, 0xff, 0xff, 0xff, 0xff, 0xff, 0xff, 0xff, 0xff, 0xff, 0xff, 0xff, 0xff, 0xff,
    0xff, 0xff, 0xff, 0xff, 0xff, 0xff, 0xff, 0xff, 0xff, 0xff, 0xff, 0x00, 0x00, 0x00, 0x00, 0x00,
    0x00, 0x00, 0x00, 0x00, 0x00, 0xff, 0xff, 0xff, 0xff, 0xff, 0xff, 0xff, 0xff, 0xff, 0xff, 0xff,
    0xff, 0xff, 0xff, 0xff, 0xff, 0xff, 0xff, 0xff, 0xff, 0xff, 0xff, 0xff, 0xff, 0xff, 0xff, 0xff,
    0xff, 0xff, 0x00, 0x00, 0x00, 0x00, 0x00, 0x00, 0x00, 0x00, 0x00, 0x00, 0x00, 0xff, 0xff, 0xff,
    0xff, 0xff, 0xff, 0xff, 0xff, 0xff, 0xff, 0xff, 0xff, 0xff, 0xff, 0xff, 0xff, 0xff, 0xff, 0xff,
    0xff, 0xff, 0xff, 0xff, 0xff, 0xff, 0xff, 0xff, 0xff, 0xff, 0x00, 0x00, 0x00, 0x00, 0x00, 0x00,
    0x00, 0x00, 0x00, 0x00, 0x00, 0xff, 0xff, 0xff, 0xff, 0xff, 0xff, 0xff, 0xff, 0xff, 0xff, 0xff,
    0xff, 0xff, 0xff, 0xff, 0xff, 0xff, 0xff, 0xff, 0xff, 0xff, 0xff, 0xff, 0xff, 0xff, 0xff, 0xff,
    0xff, 0xff, 0x00, 0x00, 0x00, 0x00, 0x00, 0x00, 0x00, 0x00, 0x00, 0x00, 0x00, 0xff, 0xff, 0xff,
    0xff, 0xff, 0xff, 0xff, 0xff, 0xff, 0xff, 0xff, 0xff, 0xff, 0xff, 0xff, 0xff, 0xff, 0xff, 0xff,
    0xff, 0xff, 0xff, 0xff, 0xff, 0xff, 0xff, 0xff, 0xff, 0xff, 0x00, 0x00, 0x00, 0x00, 0x00, 0x00,
    0x00, 0x00, 0x00, 0x00, 0x00, 0x00, 0xff, 0xff, 0xff, 0xff, 0xff, 0xff, 0xff, 0xff, 0xff, 0xff,
    0xff, 0xff, 0xff, 0xff, 0xff, 0xff, 0xff, 0xff, 0xff, 0xff, 0xff, 0xff, 0xff, 0xff, 0xff, 0xff,
    0xff, 0x00, 0x00, 0x00, 0x00, 0x00, 0x00, 0x00, 0x00, 0x00, 0x00, 0x00, 0x00, 0x00, 0xff, 0xff,
    0xff, 0xff, 0xff, 0xff, 0xff, 0xff, 0xff, 0xff, 0xff, 0xff, 0xff, 0xff, 0xff, 0xff, 0xff, 0xff,
    0xff, 0xff, 0xff, 0xff, 0xff, 0xff, 0xff, 0xff, 0xff, 0x00, 0x00, 0x00, 0x00, 0x00, 0x00, 0x00,
    0x00, 0x00, 0x00, 0x00, 0x00, 0x00, 0x00, 0xff, 0xff, 0xff, 0xff, 0xff, 0xff, 0xff, 0xff, 0xff,
    0xff, 0xff, 0xff, 0xff, 0xff, 0xff, 0xff, 0xff, 0xff, 0xff, 0xff, 0xff, 0xff, 0xff, 0xff, 0xff,
    0x00, 0x00, 0x00, 0x00, 0x00, 0x00, 0x00, 0x00, 0x00, 0x00, 0x00, 0x00, 0x00, 0x00, 0x00, 0x00,
    0xff, 0xff, 0xff, 0xff, 0xff, 0xff, 0xff, 0xff, 0xff, 0xff, 0xff, 0xff, 0xff, 0xff, 0xff, 0xff,
    0xff, 0xff, 0xff, 0xff, 0xff, 0xff, 0xff, 0x00, 0x00, 0x00, 0x00, 0x00, 0x00, 0x00, 0x00, 0x00,
    0x00, 0x00, 0x00, 0x00, 0x00, 0x00, 0x00, 0x00, 0x00, 0xff, 0xff, 0xff, 0xff, 0xff, 0xff, 0xff,
    0xff, 0xff, 0xff, 0xff, 0xff, 0xff, 0xff, 0xff, 0xff, 0xff, 0xff, 0xff, 0xff, 0xff, 0x00, 0x00,
    0x00, 0x00, 0x00, 0x00, 0x00, 0x00, 0x00, 0x00, 0x00, 0x00, 0x00, 0x00, 0x00, 0x00, 0x00, 0x00,
    0x00, 0x00, 0xff, 0xff, 0xff, 0xff, 0xff, 0xff, 0xff, 0xff, 0xff, 0xff, 0xff, 0xff, 0xff, 0xff,
    0xff, 0xff, 0xff, 0xff, 0xff, 0x00, 0x00, 0x00, 0x00, 0x00, 0x00, 0x00, 0x00, 0x00, 0x00, 0x00,
    0x00, 0x00, 0x00, 0x00, 0x00, 0x00, 0x00, 0x00, 0x00, 0x00, 0x00, 0xff, 0xff, 0xff, 0xff, 0xff,
    0xff, 0xff, 0xff, 0xff, 0xff, 0xff, 0xff, 0xff, 0xff, 0xff, 0xff, 0x00, 0x00, 0x00, 0x00, 0x00,
    0x00, 0x00, 0x00, 0x00, 0x00, 0x00, 0x00, 0x00, 0x00, 0x00, 0x00, 0x00, 0x00, 0x00, 0x00, 0x00,
    0x00, 0x00, 0x00, 0x00, 0x00, 0x00, 0xff, 0xff, 0xff, 0xff, 0xff, 0xff, 0xff, 0xff, 0xff, 0xff,
    0xff, 0x00, 0x00, 0x00, 0x00, 0x00, 0x00, 0x00, 0x00, 0x00, 0x00, 0x00, 0x00, 0x00, 0x00, 0x00,
    0x00, 0x00, 0x00, 0x00, 0x00, 0x00, 0x00, 0x00, 0x00, 0x00, 0x00, 0x00, 0x00, 0x00, 0x00, 0x00,
    0x00, 0x00, 0xff, 0xff, 0xff, 0x00, 0x00, 0x00, 0x00, 0x00, 0x00, 0x00, 0x00, 0x00, 0x00, 0x00,
    0x00, 0x00, 0x00, 0x00, 0x00, 0x00, 0x00, 0x00, 0x00, 0x00, 0x00, 0x00, 0x00, 0x00, 0x00, 0x00,
    0x00, 0x00, 0x00, 0x00, 0x00, 0x00, 0x00, 0x00, 0x00, 0x00, 0x00, 0x00, 0x00, 0x00, 0x00, 0x00,
    0x00, 0x00, 0x00, 0x00, 0x00, 0x00, 0x00, 0x00, 0x00, 0x00, 0x00, 0x00, 0x00, 0x00, 0x00, 0x00,
};

static const LV_ATTRIBUTE_MEM_ALIGN uint8_t app_farm_crop_corn_map[] = {
    0x00, 0x00, 0x00, 0x00, 0x00, 0x00, 0x00, 0x00, 0x00, 0x00, 0x00, 0x00, 0x00, 0x00, 0x00, 0x00,
    0x00, 0x00, 0x00, 0x00, 0x00, 0x00, 0x00, 0x00, 0x00, 0x00, 0x00, 0x00, 0xff, 0xff, 0xff, 0xff,
    0xff, 0xff, 0x00, 0x00, 0x00, 0x00, 0x00, 0x00, 0x00, 0x00, 0x00, 0x00, 0x00, 0x00, 0x00, 0x00,
    0x00, 0x00, 0x00, 0x00, 0x00, 0x00, 0x00, 0x00, 0x00, 0x00, 0x00, 0x00, 0x00, 0x00, 0x00, 0x00,
    0x00, 0x00, 0x00, 0x00, 0x00, 0x00, 0x00, 0x00, 0x00, 0x00, 0x00, 0x00, 0x00, 0x00, 0x00, 0x00,
    0x00, 0x00, 0x00, 0x00, 0x00, 0x00, 0x00, 0x00, 0x00, 0x00, 0x00, 0x00, 0x00, 0x00, 0x00, 0x00,
    0x00, 0x00, 0x00, 0x00, 0x00, 0x00, 0x00, 0x00, 0xff, 0xff, 0xff, 0xff, 0x73, 0xf6, 0x51, 0xf6,
    0x95, 0xf6, 0xff, 0xff, 0xff, 0xff, 0x00, 0x00, 0x00, 0x00, 0x00, 0x00, 0x00, 0x00, 0x00, 0x00,
    0x00, 0x00, 0x00, 0x00, 0x00, 0x00, 0x00, 0x00, 0x00, 0x00, 0x00, 0x00, 0x00, 0x00, 0x00, 0x00,
    0x00, 0x00, 0x00, 0x00, 0x00, 0x00, 0x00, 0x00, 0x00, 0x00, 0x00, 0x00, 0x00, 0x00, 0x00, 0x00,
    0x00, 0x00, 0x00, 0x00, 0x00, 0x00, 0x00, 0x00, 0x00, 0x00, 0x00, 0x00, 0x00, 0x00, 0x00, 0x00,
    0x00, 0x00, 0x00, 0x00, 0x00, 0x00, 0xff, 0xff, 0xd9, 0xf6, 0x23, 0xe5, 0x03, 0xf6, 0x45, 0xf6,
    0x45, 0xf6, 0x67, 0xe5, 0x52, 0xee, 0xff, 0xff, 0x00, 0x00, 0x00, 0x00, 0x00, 0x00, 0x00, 0x00,
    0x00, 0x00, 0x00, 0x00, 0x00, 0x00, 0x00, 0x00, 0x00, 0x00, 0x00, 0x00, 0x00, 0x00, 0x00, 0x00,
    0x00, 0x00, 0x00, 0x00, 0x00, 0x00, 0x00, 0x00, 0x00, 0x00, 0x00, 0x00, 0x00, 0x00, 0x00, 0x00,
    0x00, 0x00, 0x00, 0x00, 0x00, 0x00, 0x00, 0x00, 0x00, 0x00, 0x00, 0x00, 0x00, 0x00, 0x00, 0x00,
    0x00, 0x00, 0x00, 0x00, 0xff, 0xff, 0xd9, 0xf6, 0x23, 0xdd, 0xe4, 0xfe, 0x05, 0xff, 0xe3, 0xfe,
    0x20, 0xfe, 0x02, 0xfe, 0x21, 0xe5, 0x6e, 0xdd, 0xff, 0xff, 0x00, 0x00, 0x00, 0x00, 0x00, 0x00,
    0x00, 0x00, 0x00, 0x00, 0x00, 0x00, 0x00, 0x00, 0x00, 0x00, 0x00, 0x00, 0x00, 0x00, 0x00, 0x00,
    0x00, 0x00, 0x00, 0x00, 0x00, 0x00, 0x00, 0x00, 0x00, 0x00, 0x00, 0x00, 0x00, 0x00, 0x00, 0x00,
    0x00, 0x00, 0x00, 0x00, 0x00, 0x00, 0x00, 0x00, 0x00, 0x00, 0x00, 0x00, 0x00, 0x00, 0x00, 0x00,
    0x00, 0x00, 0x00, 0x00, 0xff, 0xff, 0x26, 0xdd, 0x21, 0xfe, 0x00, 0xfe, 0x01, 0xfe, 0x09, 0xff,
    0x24, 0xfe, 0x08, 0xff, 0x84, 0xfe, 0x41, 0xed, 0x6e, 0xdd, 0xff, 0xff, 0x00, 0x00, 0x00, 0x00,
    0x00, 0x00, 0x00, 0x00, 0x00, 0x00, 0x00, 0x00, 0x00, 0x00, 0x00, 0x00, 0x00, 0x00, 0x00, 0x00,
    0x00, 0x00, 0x00, 0x00, 0x00, 0x00, 0x00, 0x00, 0x00, 0x00, 0x00, 0x00, 0x00, 0x00, 0x00, 0x00,
    0x00, 0x00, 0x00, 0x00, 0x00, 0x00, 0x00, 0x00, 0x00, 0x00, 0x00, 0x00, 0x00, 0x00, 0x00, 0x00,
    0x00, 0x00, 0x00, 0x00, 0xff, 0xff, 0xa2, 0xdc, 0x03, 0xf6, 0xa7, 0xfe, 0xa3, 0xfe, 0x87, 0xff,
    0x04, 0xff, 0x81, 0xfe, 0x80, 0xfe, 0x40, 0xf5, 0x61, 0xd4, 0xfb, 0xf6, 0xff, 0xff, 0x00, 0x00,
    0x00, 0x00, 0x00, 0x00, 0x00, 0x00, 0x00, 0x00, 0x00, 0x00, 0x00, 0x00, 0x00, 0x00, 0x00, 0x00,
    0x00, 0x00, 0x00, 0x00, 0x00, 0x00, 0x00, 0x00, 0x00, 0x00, 0x00, 0x00, 0x00, 0x00, 0x00, 0x00,
    0x00, 0x00, 0x00, 0x00, 0x00, 0x00, 0x00, 0x00, 0x00, 0x00, 0x00, 0x00, 0x00, 0x00, 0x00, 0x00,
    0x00, 0x00, 0xff, 0xff, 0x6c, 0xdd, 0x23, 0xf6, 0xa2, 0xfe, 0xe3, 0xfe, 0x60, 0xfe, 0x80, 0xfe,
    0x82, 0xfe, 0xc0, 0xfd, 0xa5, 0xfe, 0x45, 0xf6, 0xc2, 0xf5, 0xe7, 0xd4, 0xff, 0xff, 0x00, 0x00,
    0x00, 0x00, 0x00, 0x00, 0x00, 0x00, 0x00, 0x00, 0x00, 0x00, 0x00, 0x00, 0x00, 0x00, 0x00, 0x00,
    0x00, 0x00, 0x00, 0x00, 0x00, 0x00, 0x00, 0x00, 0x00, 0x00, 0x00, 0x00, 0x00, 0x00, 0x00, 0x00,
    0x00, 0x00, 0x00, 0x00, 0x00, 0x00, 0x00, 0x00, 0x00, 0x00, 0x00, 0x00, 0x00, 0x00, 0x00, 0x00,
    0x00, 0x00, 0xff, 0xff, 0xa4, 0xd4, 0xa0, 0xfd, 0xc0, 0xf5, 0x41, 0xfe, 0xe1, 0xfd, 0x08, 0xff,
    0x4a, 0xff, 0xa5, 0xfe, 0xc5, 0xfe, 0x44, 0xff, 0xe1, 0xfd, 0x80, 0xdc, 0x56, 0xee, 0xff, 0xff,
    0x00, 0x00, 0x00, 0x00, 0x00, 0x00, 0x00, 0x00, 0x00, 0x00, 0x00, 0x00, 0x00, 0x00, 0x00, 0x00,
    0x00, 0x00, 0x00, 0x00, 0x00, 0x00, 0x00, 0x00, 0x00, 0x00, 0x00, 0x00, 0x00, 0x00, 0x00, 0x00,
    0x00, 0x00, 0x00, 0x00, 0x00, 0x00, 0x00, 0x00, 0x00, 0x00, 0x00, 0x00, 0x00, 0x00, 0x00, 0x00,
    0x00, 0x00, 0xff, 0xff, 0x84, 0xd4, 0x81, 0xf5, 0x42, 0xf6, 0x07, 0xff, 0x41, 0xfe, 0x44, 0xff,
    0x22, 0xff, 0x02, 0xff, 0x40, 0xfe, 0x80, 0xfe, 0x60, 0xf5, 0xc1, 0xec, 0x09, 0xd5, 0xbe, 0xf7,
    0xff, 0xff, 0xff, 0xff, 0x00, 0x00, 0xff, 0xff, 0x00, 0x00, 0x00, 0x00, 0x00, 0x00, 0x00, 0x00,
    0x00, 0x00, 0x00, 0x00, 0x00, 0x00, 0x00, 0x00, 0x00, 0x00, 0x00, 0x00, 0x00, 0x00, 0x00, 0x00,
    0x00, 0x00, 0x00, 0x00, 0x00, 0x00, 0x00, 0x00, 0x00, 0x00, 0x00, 0x00, 0x00, 0x00, 0x00, 0x00,
    0x00, 0x00, 0xff, 0xff, 0x42, 0xe5, 0x21, 0xfe, 0x80, 0xfe, 0xe2, 0xfe, 0x20, 0xfe, 0xa0, 0xfe,
    0x60, 0xfe, 0x82, 0xfe, 0xc0, 0xfd, 0x64, 0xfe, 0xa5, 0xfe, 0xc1, 0xf5, 0xc0, 0xe4, 0x55, 0xee,
    0x1a, 0xcf, 0x48, 0x7d, 0x00, 0x00, 0x00, 0x00, 0xff, 0xff, 0x00, 0x00, 0x00, 0x00, 0x00, 0x00,
    0x00, 0x00, 0x00, 0x00, 0x00, 0x00, 0x00, 0x00, 0x00, 0x00, 0x00, 0x00, 0x00, 0x00, 0x00, 0x00,
    0x00, 0x00, 0x00, 0x00, 0x00, 0x00, 0x00, 0x00, 0x00, 0x00, 0x00, 0x00, 0x00, 0x00, 0x00, 0x00,
    0x00, 0x00, 0xff, 0xff, 0xc0, 0xe4, 0x40, 0xf5, 0xa0, 0xf5, 0x20, 0xfe, 0xa0, 0xfd, 0x83, 0xfe,
    0x2a, 0xff, 0x6a, 0xff, 0xa4, 0xfe, 0x83, 0xfe, 0x02, 0xff, 0xe0, 0xf5, 0xe0, 0xf4, 0x46, 0xac,
    0x46, 0x6d, 0xe7, 0xbe, 0x00, 0x00, 0x00, 0x00, 0xff, 0xff, 0x00, 0x00, 0x00, 0x00, 0x00, 0x00,
    0x00, 0x00, 0x00, 0x00, 0x00, 0x00, 0x00, 0x00, 0x00, 0x00, 0x00, 0x00, 0x00, 0x00, 0x00, 0x00,
    0x00, 0x00, 0x00, 0x00, 0x00, 0x00, 0x00, 0x00, 0x00, 0x00, 0x00, 0x00, 0x00, 0x00, 0x00, 0x00,
    0x00, 0x00, 0xff, 0xff, 0x41, 0xcc, 0x61, 0xf5, 0xc1, 0xf5, 0x27, 0xff, 0x01, 0xfe, 0xe2, 0xfe,
    0x23, 0xff, 0x01, 0xff, 0x03, 0xff, 0x00, 0xfe, 0x80, 0xfe, 0xa0, 0xf5, 0xa0, 0xec, 0x01, 0xbc,
    0xe1, 0x6c, 0x22, 0x86, 0x00, 0x00, 0xff, 0xff, 0xbd, 0xf7, 0xff, 0xff, 0x00, 0x00, 0x00, 0x00,
    0x00, 0x00, 0x00, 0x00, 0x00, 0x00, 0x00, 0x00, 0x00, 0x00, 0x00, 0x00, 0x00, 0x00, 0x00, 0x00,
    0x00, 0x00, 0x00, 0x00, 0x00, 0x00, 0x00, 0x00, 0x00, 0x00, 0x00, 0x00, 0xff, 0xff, 0xff, 0xff,
    0xff, 0xff, 0x56, 0xe6, 0xe0, 0xdc, 0xc1, 0xfd, 0x20, 0xfe, 0x42, 0xff, 0x41, 0xfe, 0x80, 0xfe,
    0x02, 0xff, 0xe1, 0xfe, 0x80, 0xfe, 0x80, 0xfd, 0xa1, 0xfd, 0x01, 0xf6, 0x20, 0xed, 0xe2, 0xf4,
    0xc1, 0x7b, 0xe0, 0x44, 0x00, 0x00, 0x00, 0x00, 0x00, 0x00, 0x00, 0x00, 0xff, 0xff, 0x00, 0x00,
    0x00, 0x00, 0x00, 0x00, 0x00, 0x00, 0x00, 0x00, 0x00, 0x00, 0x00, 0x00, 0x00, 0x00, 0x00, 0x00,
    0x00, 0x00, 0x00, 0x00, 0x00, 0x00, 0x00, 0x00, 0x00, 0x00, 0xff, 0xff, 0xcd, 0x95, 0x8b, 0x8d,
    0xce, 0x95, 0x0e, 0xa5, 0xa2, 0xdc, 0x00, 0xf5, 0xa0, 0xf5, 0xc0, 0xfe, 0x00, 0xfe, 0xe0, 0xfd,
    0x40, 0xfe, 0x21, 0xfe, 0x63, 0xfe, 0xa1, 0xf5, 0x43, 0xfe, 0x03, 0xff, 0xa0, 0xf5, 0xa1, 0xec,
    0x81, 0x93, 0x40, 0x44, 0x00, 0x00, 0x00, 0x00, 0x00, 0x00, 0x00, 0x00, 0xff, 0xff, 0x00, 0x00,
    0x00, 0x00, 0x00, 0x00, 0x00, 0x00, 0x00, 0x00, 0x00, 0x00, 0x00, 0x00, 0x00, 0x00, 0x00, 0x00,
    0x00, 0x00, 0x00, 0x00, 0x00, 0x00, 0x00, 0x00, 0xff, 0xff, 0x34, 0xae, 0xc0, 0x64, 0x48, 0xdf,
    0xc3, 0xbe, 0xc0, 0x5c, 0xc2, 0xab, 0xc1, 0xf4, 0xa0, 0xe4, 0x01, 0xfe, 0xe2, 0xfd, 0xc0, 0xfd,
    0x06, 0xff, 0x29, 0xff, 0x46, 0xff, 0xc3, 0xfe, 0xe0, 0xf5, 0x80, 0xfe, 0x80, 0xfd, 0xe0, 0xcb,
    0x60, 0x74, 0x01, 0xc7, 0x00, 0x00, 0x00, 0x00, 0x00, 0x00, 0xff, 0xff, 0xff, 0xff, 0x00, 0x00,
    0x00, 0x00, 0x00, 0x00, 0x00, 0x00, 0x00, 0x00, 0x00, 0x00, 0x00, 0x00, 0x00, 0x00, 0x00, 0x00,
    0x00, 0x00, 0x00, 0x00, 0x00, 0x00, 0x00, 0x00, 0x00, 0x00, 0xff, 0xff, 0xd9, 0xc6, 0x65, 0x7d,
    0x81, 0xae, 0xc0, 0x5c, 0xa1, 0x9b, 0x20, 0xfd, 0x00, 0xf5, 0xc2, 0xfe, 0xc4, 0xfe, 0xe0, 0xfd,
    0x22, 0xff, 0x02, 0xff, 0xe0, 0xfe, 0x60, 0xfe, 0x40, 0xf5, 0x60, 0xf5, 0xe0, 0xf4, 0x00, 0x7c,
    0xa2, 0xae, 0x60, 0x7d, 0x00, 0x00, 0x00, 0x00, 0xff, 0xff, 0x00, 0x00, 0x00, 0x00, 0x00, 0x00,
    0x00, 0x00, 0x00, 0x00, 0x00, 0x00, 0x00, 0x00, 0x00, 0x00, 0x00, 0x00, 0x00, 0x00, 0x00, 0x00,
    0x00, 0x00, 0x00, 0x00, 0x00, 0x00, 0x00, 0x00, 0x00, 0x00, 0xff, 0xff, 0x5b, 0xe7, 0x26, 0x6d,
    0xe2, 0x8d, 0x22, 0x9e, 0x81, 0x8d, 0x60, 0x84, 0x20, 0xb4, 0xe0, 0xfd, 0x60, 0xfe, 0x60, 0xf5,
    0x40, 0xfe, 0x40, 0xfe, 0x00, 0xfe, 0xe0, 0xfd, 0xc0, 0xec, 0xc1, 0xfd, 0xe0, 0xb4, 0x02, 0x96,
    0x60, 0x7d, 0xc0, 0x2b, 0x00, 0x00, 0x00, 0x00, 0xff, 0xff, 0x00, 0x00, 0x00, 0x00, 0x00, 0x00,
    0x00, 0x00, 0x00, 0x00, 0x00, 0x00, 0x00, 0x00, 0x00, 0x00, 0x00, 0x00, 0x00, 0x00, 0x00, 0x00,
    0x00, 0x00, 0x00, 0x00, 0x00, 0x00, 0x00, 0x00, 0x00, 0x00, 0xff, 0xff, 0x00, 0x3c, 0x00, 0x65,
    0x80, 0x7d, 0x01, 0x9e, 0xa1, 0xb6, 0xe2, 0xc6, 0x04, 0xa6, 0xa1, 0x94, 0xe0, 0xdc, 0x00, 0xfd,
    0x80, 0xf5, 0x42, 0xfe, 0x84, 0xfe, 0xc2, 0xfe, 0xc0, 0xf5, 0xe0, 0xec, 0x22, 0x8d, 0xe1, 0x8d,
    0x00, 0x34, 0x80, 0x44, 0x00, 0x00, 0x00, 0x00, 0xff, 0xff, 0x00, 0x00, 0x00, 0x00, 0x00, 0x00,
    0x00, 0x00, 0x00, 0x00, 0x00, 0x00, 0x00, 0x00, 0x00, 0x00, 0x00, 0x00, 0x00, 0x00, 0x00, 0x00,
    0x00, 0x00, 0x00, 0x00, 0x00, 0x00, 0x00, 0x00, 0x00, 0x00, 0xff, 0xff, 0xd7, 0xc6, 0xb8, 0xc6,
    0xa6, 0x3b, 0x20, 0x13, 0xc0, 0x2b, 0xa0, 0x54, 0x22, 0x9e, 0xc5, 0xc6, 0x63, 0x8d, 0x80, 0xbc,
    0xe0, 0xfd, 0xc2, 0xfe, 0xa1, 0xfe, 0x80, 0xfe, 0xa0, 0xfd, 0x20, 0xa4, 0x02, 0x96, 0xa0, 0x4c,
    0xc0, 0x4c, 0xc0, 0x4c, 0x00, 0x00, 0x00, 0x00, 0xff, 0xff, 0x00, 0x00, 0x00, 0x00, 0x00, 0x00,
    0x00, 0x00, 0x00, 0x00, 0x00, 0x00, 0x00, 0x00, 0x00, 0x00, 0x00, 0x00, 0x00, 0x00, 0x00, 0x00,
    0x00, 0x00, 0x00, 0x00, 0x00, 0x00, 0x00, 0x00, 0x00, 0x00, 0x00, 0x00, 0x00, 0x00, 0xff, 0xff,
    0x76, 0xbe, 0x20, 0x1b, 0x40, 0x34, 0x80, 0x3c, 0x80, 0x3c, 0x00, 0x5d, 0x63, 0xae, 0x63, 0x8d,
    0x80, 0xb4, 0xe0, 0xfd, 0xc0, 0xfd, 0x80, 0xfd, 0xa0, 0xe4, 0xa1, 0x84, 0x81, 0x75, 0xc0, 0x4c,
    0x40, 0x65, 0xe0, 0x54, 0x00, 0x00, 0x00, 0x00, 0xff, 0xff, 0x00, 0x00, 0x00, 0x00, 0x00, 0x00,
    0x00, 0x00, 0x00, 0x00, 0x00, 0x00, 0x00, 0x00, 0x00, 0x00, 0x00, 0x00, 0x00, 0x00, 0x00, 0x00,
    0x00, 0x00, 0x00, 0x00, 0x00, 0x00, 0x00, 0x00, 0x00, 0x00, 0x00, 0x00, 0x00, 0x00, 0x00, 0x00,
    0xff, 0xff, 0x84, 0x3b, 0x80, 0x3c, 0xc0, 0x4c, 0x80, 0x6d, 0x80, 0x6d, 0x40, 0x65, 0x01, 0x96,
    0x41, 0x7d, 0x40, 0xb4, 0x80, 0xfd, 0xe1, 0xfd, 0xc0, 0xc4, 0x41, 0x7d, 0x00, 0x5d, 0x40, 0x65,
    0x20, 0x5d, 0x00, 0x55, 0x00, 0x00, 0x00, 0x00, 0xff, 0xff, 0x00, 0x00, 0x00, 0x00, 0x00, 0x00,
    0x00, 0x00, 0x00, 0x00, 0x00, 0x00, 0x00, 0x00, 0x00, 0x00, 0x00, 0x00, 0x00, 0x00, 0x00, 0x00,
    0x00, 0x00, 0x00, 0x00, 0x00, 0x00, 0x00, 0x00, 0x00, 0x00, 0x00, 0x00, 0x00, 0x00, 0x00, 0x00,
    0xff, 0xff, 0xee, 0x7c, 0x20, 0x3c, 0xc0, 0x4c, 0x60, 0x65, 0x20, 0x8e, 0x20, 0x8e, 0xc0, 0x7d,
    0x00, 0x8e, 0x00, 0x75, 0x00, 0xcd, 0xc0, 0xfd, 0x80, 0x9c, 0x40, 0x65, 0x00, 0x5d, 0x80, 0x6d,
    0x00, 0x55, 0xe1, 0x54, 0x00, 0x00, 0x00, 0x00, 0x00, 0x00, 0x00, 0x00, 0x00, 0x00, 0x00, 0x00,
    0x00, 0x00, 0x00, 0x00, 0x00, 0x00, 0x00, 0x00, 0x00, 0x00, 0x00, 0x00, 0x00, 0x00, 0x00, 0x00,
    0x00, 0x00, 0x00, 0x00, 0x00, 0x00, 0x00, 0x00, 0x00, 0x00, 0x00, 0x00, 0x00, 0x00, 0x00, 0x00,
    0x00, 0x00, 0xff, 0xff, 0xa1, 0x2b, 0x02, 0x55, 0xe0, 0x4c, 0x00, 0x86, 0x00, 0x8e, 0x20, 0x8e,
    0x00, 0x8e, 0xe0, 0x7d, 0x60, 0x6c, 0x60, 0xe4, 0x60, 0x74, 0x40, 0x5d, 0x40, 0x65, 0x60, 0x65,
    0xa0, 0x4c, 0xe1, 0x4c, 0x00, 0x00, 0xff, 0xff, 0x00, 0x00, 0x00, 0x00, 0x00, 0x00, 0x00, 0x00,
    0x00, 0x00, 0x00, 0x00, 0x00, 0x00, 0x00, 0x00, 0x00, 0x00, 0x00, 0x00, 0x00, 0x00, 0x00, 0x00,
    0x00, 0x00, 0x00, 0x00, 0x00, 0x00, 0x00, 0x00, 0x00, 0x00, 0x00, 0x00, 0x00, 0x00, 0x00, 0x00,
    0x00, 0x00, 0xff, 0xff, 0x6a, 0x64, 0x82, 0x44, 0xc0, 0x4c, 0x20, 0x5d, 0x00, 0x86, 0xc0, 0x7d,
    0xe0, 0x85, 0xe0, 0x7d, 0x60, 0x65, 0xe0, 0x7b, 0x80, 0x64, 0x20, 0x55, 0x20, 0x5d, 0xc0, 0x4c,
    0xc1, 0x4c, 0x41, 0x44, 0x00, 0x00, 0xff, 0xff, 0x00, 0x00, 0x00, 0x00, 0x00, 0x00, 0x00, 0x00,
    0x00, 0x00, 0x00, 0x00, 0x00, 0x00, 0x00, 0x00, 0x00, 0x00, 0x00, 0x00, 0x00, 0x00, 0x00, 0x00,
    0x00, 0x00, 0x00, 0x00, 0x00, 0x00, 0x00, 0x00, 0x00, 0x00, 0x00, 0x00, 0x00, 0x00, 0x00, 0x00,
    0x00, 0x00, 0x00, 0x00, 0xff, 0xff, 0x82, 0x33, 0x03, 0x55, 0x80, 0x44, 0x00, 0x55, 0x80, 0x6d,
    0x40, 0x65, 0x60, 0x65, 0x60, 0x65, 0x40, 0x44, 0x40, 0x4c, 0xe0, 0x4c, 0x60, 0x3c, 0xa0, 0x44,
    0x02, 0x5d, 0x83, 0x3b, 0xff, 0xff, 0x00, 0x00, 0x00, 0x00, 0x00, 0x00, 0x00, 0x00, 0x00, 0x00,
    0x00, 0x00, 0x00, 0x00, 0x00, 0x00, 0x00, 0x00, 0x00, 0x00, 0x00, 0x00, 0x00, 0x00, 0x00, 0x00,
    0x00, 0x00, 0x00, 0x00, 0x00, 0x00, 0x00, 0x00, 0x00, 0x00, 0x00, 0x00, 0x00, 0x00, 0x00, 0x00,
    0x00, 0x00, 0x00, 0x00, 0xff, 0xff, 0x14, 0xb6, 0x80, 0x2b, 0x03, 0x55, 0xa1, 0x44, 0xa0, 0x44,
    0xe0, 0x4c, 0xc0, 0x4c, 0xc0, 0x4c, 0xa0, 0x4c, 0x20, 0x3c, 0x60, 0x44, 0x20, 0x6d, 0x01, 0x65,
    0x82, 0x3b, 0xf9, 0xd6, 0xff, 0xff, 0x00, 0x00, 0x00, 0x00, 0x00, 0x00, 0x00, 0x00, 0x00, 0x00,
    0x00, 0x00, 0x00, 0x00, 0x00, 0x00, 0x00, 0x00, 0x00, 0x00, 0x00, 0x00, 0x00, 0x00, 0x00, 0x00,
    0x00, 0x00, 0x00, 0x00, 0x00, 0x00, 0x00, 0x00, 0x00, 0x00, 0x00, 0x00, 0x00, 0x00, 0x00, 0x00,
    0x00, 0x00, 0x00, 0x00, 0x00, 0x00, 0xff, 0xff, 0xf4, 0xad, 0x81, 0x2b, 0x82, 0x4c, 0x02, 0x55,
    0xc1, 0x4c, 0xc0, 0x44, 0x60, 0x3c, 0x60, 0x3c, 0xe0, 0x33, 0x40, 0x75, 0xa0, 0x5c, 0x07, 0x54,
    0x3a, 0xe7, 0x00, 0x00, 0x00, 0x00, 0x00, 0x00, 0x00, 0x00, 0x00, 0x00, 0x00, 0x00, 0x00, 0x00,
    0x00, 0x00, 0x00, 0x00, 0x00, 0x00, 0x00, 0x00, 0x00, 0x00, 0x00, 0x00, 0x00, 0x00, 0x00, 0x00,
    0x00, 0x00, 0x00, 0x00, 0x00, 0x00, 0x00, 0x00, 0x00, 0x00, 0x00, 0x00, 0x00, 0x00, 0x00, 0x00,
    0x00, 0x00, 0x00, 0x00, 0x00, 0x00, 0x00, 0x00, 0xff, 0xff, 0x3a, 0xdf, 0x8a, 0x64, 0xc3, 0x3b,
    0xe1, 0x33, 0x00, 0x2c, 0x41, 0x3c, 0x80, 0x44, 0x80, 0x6d, 0x00, 0x5d, 0xe7, 0x4b, 0xdd, 0xff,
    0x00, 0x00, 0x00, 0x00, 0x00, 0x00, 0x00, 0x00, 0x00, 0x00, 0x00, 0x00, 0x00, 0x00, 0x00, 0x00,
    0x00, 0x00, 0x00, 0x00, 0x00, 0x00, 0x00, 0x00, 0x00, 0x00, 0x00, 0x00, 0x00, 0x00, 0x00, 0x00,
    0x00, 0x00, 0x00, 0x00, 0x00, 0x00, 0x00, 0x00, 0x00, 0x00, 0x00, 0x00, 0x00, 0x00, 0x00, 0x00,
    0x00, 0x00, 0x00, 0x00, 0x00, 0x00, 0x00, 0x00, 0x00, 0x00, 0x00, 0x00, 0xff, 0xff, 0x7a, 0xef,
    0x96, 0xc6, 0xed, 0x7c, 0x40, 0x1b, 0xa0, 0x44, 0xa0, 0x54, 0xc1, 0x3b, 0xb7, 0xc6, 0x73, 0xce,
    0x00, 0x00, 0x00, 0x00, 0x00, 0x00, 0x00, 0x00, 0x00, 0x00, 0x00, 0x00, 0x00, 0x00, 0x00, 0x00,
    0x00, 0x00, 0x00, 0x00, 0x00, 0x00, 0x00, 0x00, 0x00, 0x00, 0x00, 0x00, 0x00, 0x00, 0x00, 0x00,
    0x00, 0x00, 0x00, 0x00, 0x00, 0x00, 0x00, 0x00, 0x00, 0x00, 0x00, 0x00, 0x00, 0x00, 0x00, 0x00,
    0x00, 0x00, 0x00, 0x00, 0x00, 0x00, 0x00, 0x00, 0x00, 0x00, 0x00, 0x00, 0x00, 0x00, 0x00, 0x00,
    0x00, 0x00, 0xff, 0xff, 0x13, 0xae, 0x0d, 0x7d, 0xd2, 0x9d, 0x5a, 0xe7, 0xff, 0xff, 0x00, 0x00,
    0x00, 0x00, 0x00, 0x00, 0x00, 0x00, 0x00, 0x00, 0x00, 0x00, 0x00, 0x00, 0x00, 0x00, 0x00, 0x00,
    0x00, 0x00, 0x00, 0x00, 0x00, 0x00, 0x00, 0x00, 0x00, 0x00, 0x00, 0x00, 0x00, 0x00, 0x00, 0x00,
    0x00, 0x00, 0x00, 0x00, 0x00, 0x00, 0x00, 0x00, 0x00, 0x00, 0x00, 0x00, 0x00, 0x00, 0x00, 0x00,
    0x00, 0x00, 0x00, 0x00, 0x00, 0x00, 0x00, 0x00, 0x00, 0x00, 0x00, 0x00, 0x00, 0x00, 0x00, 0x00,
    0x00, 0x00, 0x00, 0x00, 0xff, 0xff, 0xff, 0xff, 0x73, 0xce, 0x00, 0x00, 0x00, 0x00, 0x00, 0x00,
    0x00, 0x00, 0x00, 0x00, 0x00, 0x00, 0x00, 0x00, 0x00, 0x00, 0x00, 0x00, 0x00, 0x00, 0x00, 0x00,
    0x00, 0x00, 0x00, 0x00, 0x00, 0x00, 0x00, 0x00, 0x00, 0x00, 0x00, 0x00, 0x00, 0x00, 0x00, 0x00,
    0x00, 0x00, 0x00, 0x00, 0x00, 0x00, 0x00, 0x00, 0x00, 0x00, 0x00, 0x00, 0x00, 0x00, 0x00, 0x00,
    0x00, 0x00, 0x00, 0x00, 0x00, 0x00, 0x00, 0x00, 0x00, 0x00, 0x00, 0x00, 0x00, 0x00, 0x00, 0x00,
    0x00, 0x00, 0x00, 0x00, 0x00, 0x00, 0x00, 0x00, 0x00, 0x00, 0x00, 0x00, 0x00, 0x00, 0x00, 0x00,
    0x00, 0x00, 0x00, 0x00, 0x00, 0x00, 0x00, 0x00, 0x00, 0x00, 0x00, 0x00, 0x00, 0x00, 0x00, 0x00,
    0x00, 0x00, 0x00, 0x00, 0x00, 0x00, 0x00, 0x00, 0x00, 0x00, 0x00, 0x00, 0x00, 0x00, 0x00, 0x00,
    0x00, 0x00, 0x00, 0x00, 0x00, 0x00, 0x00, 0x00, 0x00, 0x00, 0x00, 0x00, 0x00, 0x00, 0xff, 0xff,
    0xff, 0x00, 0x00, 0x00, 0x00, 0x00, 0x00, 0x00, 0x00, 0x00, 0x00, 0x00, 0x00, 0x00, 0x00, 0x00,
    0x00, 0x00, 0x00, 0x00, 0x00, 0x00, 0x00, 0x00, 0x00, 0x00, 0x00, 0x00, 0x00, 0x00, 0x00, 0x00,
    0x00, 0x00, 0x00, 0x00, 0xff, 0xff, 0xff, 0xff, 0xff, 0xff, 0xff, 0x00, 0x00, 0x00, 0x00, 0x00,
    0x00, 0x00, 0x00, 0x00, 0x00, 0x00, 0x00, 0x00, 0x00, 0x00, 0x00, 0x00, 0x00, 0x00, 0x00, 0x00,
    0x00, 0x00, 0x00, 0x00, 0x00, 0x00, 0x00, 0x00, 0x00, 0x00, 0x00, 0xff, 0xff, 0xff, 0xff, 0xff,
    0xff, 0xff, 0xff, 0xff, 0x00, 0x00, 0x00, 0x00, 0x00, 0x00, 0x00, 0x00, 0x00, 0x00, 0x00, 0x00,
    0x00, 0x00, 0x00, 0x00, 0x00, 0x00, 0x00, 0x00, 0x00, 0x00, 0x00, 0x00, 0x00, 0x00, 0x00, 0x00,
    0x00, 0x00, 0xff, 0xff, 0xff, 0xff, 0xff, 0xff, 0xff, 0xff, 0xff, 0xff, 0xff, 0x00, 0x00, 0x00,
    0x00, 0x00, 0x00, 0x00, 0x00, 0x00, 0x00, 0x00, 0x00, 0x00, 0x00, 0x00, 0x00, 0x00, 0x00, 0x00,
    0x00, 0x00, 0x00, 0x00, 0x00, 0x00, 0x00, 0x00, 0x00, 0x00, 0xff, 0xff, 0xff, 0xff, 0xff, 0xff,
    0xff, 0xff, 0xff, 0xff, 0xff, 0xff, 0x00, 0x00, 0x00, 0x00, 0x00, 0x00, 0x00, 0x00, 0x00, 0x00,
    0x00, 0x00, 0x00, 0x00, 0x00, 0x00, 0x00, 0x00, 0x00, 0x00, 0x00, 0x00, 0x00, 0x00, 0x00, 0x00,
    0x00, 0x00, 0xff, 0xff, 0xff, 0xff, 0xff, 0xff, 0xff, 0xff, 0xff, 0xff, 0xff, 0xff, 0xff, 0x00,
    0x00, 0x00, 0x00, 0x00, 0x00, 0x00, 0x00, 0x00, 0x00, 0x00, 0x00, 0x00, 0x00, 0x00, 0x00, 0x00,
    0x00, 0x00, 0x00, 0x00, 0x00, 0x00, 0x00, 0x00, 0x00, 0xff, 0xff, 0xff, 0xff, 0xff, 0xff, 0xff,
    0xff, 0xff, 0xff, 0xff, 0xff, 0xff, 0xff, 0x00, 0x00, 0x00, 0x00, 0x00, 0x00, 0x00, 0x00, 0x00,
    0x00, 0x00, 0x00, 0x00, 0x00, 0x00, 0x00, 0x00, 0x00, 0x00, 0x00, 0x00, 0x00, 0x00, 0x00, 0x00,
    0x00, 0xff, 0xff, 0xff, 0xff, 0xff, 0xff, 0xff, 0xff, 0xff, 0xff, 0xff, 0xff, 0xff, 0xff, 0xff,
    0x00, 0x00, 0x00, 0x00, 0x00, 0x00, 0x00, 0x00, 0x00, 0x00, 0x00, 0x00, 0x00, 0x00, 0x00, 0x00,
    0x00, 0x00, 0x00, 0x00, 0x00, 0x00, 0x00, 0x00, 0x00, 0xff, 0xff, 0xff, 0xff, 0xff, 0xff, 0xff,
    0xff, 0xff, 0xff, 0xff, 0xff, 0xff, 0xff, 0xff, 0xff, 0xff, 0x00, 0xff, 0x00, 0x00, 0x00, 0x00,
    0x00, 0x00, 0x00, 0x00, 0x00, 0x00, 0x00, 0x00, 0x00, 0x00, 0x00, 0x00, 0x00, 0x00, 0x00, 0x00,
    0x00, 0xff, 0xff, 0xff, 0xff, 0xff, 0xff, 0xff, 0xff, 0xff, 0xff, 0xff, 0xff, 0xff, 0xff, 0xff,
    0xff, 0xff, 0x00, 0x00, 0xff, 0x00, 0x00, 0x00, 0x00, 0x00, 0x00, 0x00, 0x00, 0x00, 0x00, 0x00,
    0x00, 0x00, 0x00, 0x00, 0x00, 0x00, 0x00, 0x00, 0x00, 0xff, 0xff, 0xff, 0xff, 0xff, 0xff, 0xff,
    0xff, 0xff, 0xff, 0xff, 0xff, 0xff, 0xff, 0xff, 0xff, 0xff, 0x00, 0x00, 0xff, 0x00, 0x00, 0x00,
    0x00, 0x00, 0x00, 0x00, 0x00, 0x00, 0x00, 0x00, 0x00, 0x00, 0x00, 0x00, 0x00, 0x00, 0x00, 0x00,
    0x00, 0xff, 0xff, 0xff, 0xff, 0xff, 0xff, 0xff, 0xff, 0xff, 0xff, 0xff, 0xff, 0xff, 0xff, 0xff,
    0xff, 0xff, 0x00, 0xff, 0xff, 0xff, 0x00, 0x00, 0x00, 0x00, 0x00, 0x00, 0x00, 0x00, 0x00, 0x00,
    0x00, 0x00, 0x00, 0x00, 0x00, 0x00, 0xff, 0xff, 0xff, 0xff, 0xff, 0xff, 0xff, 0xff, 0xff, 0xff,
    0xff, 0xff, 0xff, 0xff, 0xff, 0xff, 0xff, 0xff, 0xff, 0xff, 0x00, 0x00, 0x00, 0x00, 0xff, 0x00,
    0x00, 0x00, 0x00, 0x00, 0x00, 0x00, 0x00, 0x00, 0x00, 0x00, 0x00, 0x00, 0x00, 0xff, 0xff, 0xff,
    0xff, 0xff, 0xff, 0xff, 0xff, 0xff, 0xff, 0xff, 0xff, 0xff, 0xff, 0xff, 0xff, 0xff, 0xff, 0xff,
    0xff, 0xff, 0x00, 0x00, 0x00, 0x00, 0xff, 0x00, 0x00, 0x00, 0x00, 0x00, 0x00, 0x00, 0x00, 0x00,
    0x00, 0x00, 0x00, 0x00, 0xff, 0xff, 0xff, 0xff, 0xff, 0xff, 0xff, 0xff, 0xff, 0xff, 0xff, 0xff,
    0xff, 0xff, 0xff, 0xff, 0xff, 0xff, 0xff, 0xff, 0xff, 0xff, 0x00, 0x00, 0x00, 0xff, 0xff, 0x00,
    0x00, 0x00, 0x00, 0x00, 0x00, 0x00, 0x00, 0x00, 0x00, 0x00, 0x00, 0x00, 0x00, 0xff, 0xff, 0xff,
    0xff, 0xff, 0xff, 0xff, 0xff, 0xff, 0xff, 0xff, 0xff, 0xff, 0xff, 0xff, 0xff, 0xff, 0xff, 0xff,
    0xff, 0xff, 0x00, 0x00, 0xff, 0x00, 0x00, 0x00, 0x00, 0x00, 0x00, 0x00, 0x00, 0x00, 0x00, 0x00,
    0x00, 0x00, 0x00, 0x00, 0x00, 0xff, 0xff, 0xff, 0xff, 0xff, 0xff, 0xff, 0xff, 0xff, 0xff, 0xff,
    0xff, 0xff, 0xff, 0xff, 0xff, 0xff, 0xff, 0xff, 0xff, 0xff, 0x00, 0x00, 0xff, 0x00, 0x00, 0x00,
    0x00, 0x00, 0x00, 0x00, 0x00, 0x00, 0x00, 0x00, 0x00, 0x00, 0x00, 0x00, 0x00, 0xff, 0xff, 0xff,
    0xff, 0xff, 0xff, 0xff, 0xff, 0xff, 0xff, 0xff, 0xff, 0xff, 0xff, 0xff, 0xff, 0xff, 0xff, 0xff,
    0xff, 0xff, 0x00, 0x00, 0xff, 0x00, 0x00, 0x00, 0x00, 0x00, 0x00, 0x00, 0x00, 0x00, 0x00, 0x00,
    0x00, 0x00, 0x00, 0x00, 0x00, 0xff, 0xff, 0xff, 0xff, 0xff, 0xff, 0xff, 0xff, 0xff, 0xff, 0xff,
    0xff, 0xff, 0xff, 0xff, 0xff, 0xff, 0xff, 0xff, 0xff, 0xff, 0x00, 0x00, 0xff, 0x00, 0x00, 0x00,
    0x00, 0x00, 0x00, 0x00, 0x00, 0x00, 0x00, 0x00, 0x00, 0x00, 0x00, 0x00, 0x00, 0x00, 0x00, 0xff,
    0xff, 0xff, 0xff, 0xff, 0xff, 0xff, 0xff, 0xff, 0xff, 0xff, 0xff, 0xff, 0xff, 0xff, 0xff, 0xff,
    0xff, 0xff, 0x00, 0x00, 0xff, 0x00, 0x00, 0x00, 0x00, 0x00, 0x00, 0x00, 0x00, 0x00, 0x00, 0x00,
    0x00, 0x00, 0x00, 0x00, 0x00, 0x00, 0x00, 0x00, 0xff, 0xff, 0xff, 0xff, 0xff, 0xff, 0xff, 0xff,
    0xff, 0xff, 0xff, 0xff, 0xff, 0xff, 0xff, 0xff, 0xff, 0xff, 0x00, 0x00, 0xff, 0x00, 0x00, 0x00,
    0x00, 0x00, 0x00, 0x00, 0x00, 0x00, 0x00, 0x00, 0x00, 0x00, 0x00, 0x00, 0x00, 0x00, 0x00, 0x00,
    0xff, 0xff, 0xff, 0xff, 0xff, 0xff, 0xff, 0xff, 0xff, 0xff, 0xff, 0xff, 0xff, 0xff, 0xff, 0xff,
    0xff, 0xff, 0x00, 0x00, 0x00, 0x00, 0x00, 0x00, 0x00, 0x00, 0x00, 0x00, 0x00, 0x00, 0x00, 0x00,
    0x00, 0x00, 0x00, 0x00, 0x00, 0x00, 0x00, 0x00, 0x00, 0xff, 0xff, 0xff, 0xff, 0xff, 0xff, 0xff,
    0xff, 0xff, 0xff, 0xff, 0xff, 0xff, 0xff, 0xff, 0xff, 0xff, 0x00, 0xff, 0x00, 0x00, 0x00, 0x00,
    0x00, 0x00, 0x00, 0x00, 0x00, 0x00, 0x00, 0x00, 0x00, 0x00, 0x00, 0x00, 0x00, 0x00, 0x00, 0x00,
    0x00, 0xff, 0xff, 0xff, 0xff, 0xff, 0xff, 0xff, 0xff, 0xff, 0xff, 0xff, 0xff, 0xff, 0xff, 0xff,
    0xff, 0xff, 0x00, 0xff, 0x00, 0x00, 0x00, 0x00, 0x00, 0x00, 0x00, 0x00, 0x00, 0x00, 0x00, 0x00,
    0x00, 0x00, 0x00, 0x00, 0x00, 0x00, 0x00, 0x00, 0x00, 0x00, 0xff, 0xff, 0xff, 0xff, 0xff, 0xff,
    0xff, 0xff, 0xff, 0xff, 0xff, 0xff, 0xff, 0xff, 0xff, 0xff, 0xff, 0x00, 0x00, 0x00, 0x00, 0x00,
    0x00, 0x00, 0x00, 0x00, 0x00, 0x00, 0x00, 0x00, 0x00, 0x00, 0x00, 0x00, 0x00, 0x00, 0x00, 0x00,
    0x00, 0x00, 0xff, 0xff, 0xff, 0xff, 0xff, 0xff, 0xff, 0xff, 0xff, 0xff, 0xff, 0xff, 0xff, 0xff,
    0xff, 0xff, 0xff, 0x00, 0x00, 0x00, 0x00, 0x00, 0x00, 0x00, 0x00, 0x00, 0x00, 0x00, 0x00, 0x00,
    0x00, 0x00, 0x00, 0x00, 0x00, 0x00, 0x00, 0x00, 0x00, 0x00, 0x00, 0xff, 0xff, 0xff, 0xff, 0xff,
    0xff, 0xff, 0xff, 0xff, 0xff, 0xff, 0xff, 0xff, 0xff, 0x00, 0x00, 0x00, 0x00, 0x00, 0x00, 0x00,
    0x00, 0x00, 0x00, 0x00, 0x00, 0x00, 0x00, 0x00, 0x00, 0x00, 0x00, 0x00, 0x00, 0x00, 0x00, 0x00,
    0x00, 0x00, 0x00, 0x00, 0xff, 0xff, 0xff, 0xff, 0xff, 0xff, 0xff, 0xff, 0xff, 0xff, 0xff, 0xff,
    0x00, 0x00, 0x00, 0x00, 0x00, 0x00, 0x00, 0x00, 0x00, 0x00, 0x00, 0x00, 0x00, 0x00, 0x00, 0x00,
    0x00, 0x00, 0x00, 0x00, 0x00, 0x00, 0x00, 0x00, 0x00, 0x00, 0x00, 0x00, 0x00, 0x00, 0xff, 0xff,
    0xff, 0xff, 0xff, 0xff, 0xff, 0xff, 0xff, 0xff, 0x00, 0x00, 0x00, 0x00, 0x00, 0x00, 0x00, 0x00,
    0x00, 0x00, 0x00, 0x00, 0x00, 0x00, 0x00, 0x00, 0x00, 0x00, 0x00, 0x00, 0x00, 0x00, 0x00, 0x00,
    0x00, 0x00, 0x00, 0x00, 0x00, 0x00, 0x00, 0x00, 0x00, 0xff, 0xff, 0xff, 0xff, 0xff, 0xff, 0x00,
    0x00, 0x00, 0x00, 0x00, 0x00, 0x00, 0x00, 0x00, 0x00, 0x00, 0x00, 0x00, 0x00, 0x00, 0x00, 0x00,
    0x00, 0x00, 0x00, 0x00, 0x00, 0x00, 0x00, 0x00, 0x00, 0x00, 0x00, 0x00, 0x00, 0x00, 0x00, 0x00,
    0x00, 0x00, 0xff, 0xff, 0xff, 0x00, 0x00, 0x00, 0x00, 0x00, 0x00, 0x00, 0x00, 0x00, 0x00, 0x00,
    0x00, 0x00, 0x00, 0x00, 0x00, 0x00, 0x00, 0x00, 0x00, 0x00, 0x00, 0x00, 0x00, 0x00, 0x00, 0x00,
    0x00, 0x00, 0x00, 0x00, 0x00, 0x00, 0x00, 0x00, 0x00, 0x00, 0x00, 0x00, 0x00, 0x00, 0x00, 0x00,
    0x00, 0x00, 0x00, 0x00, 0x00, 0x00, 0x00, 0x00, 0x00, 0x00, 0x00, 0x00, 0x00, 0x00, 0x00, 0x00,
};

static const LV_ATTRIBUTE_MEM_ALIGN uint8_t app_farm_crop_berry_map[] = {
    0x00, 0x00, 0x00, 0x00, 0x00, 0x00, 0x00, 0x00, 0x00, 0x00, 0x00, 0x00, 0x00, 0x00, 0x00, 0x00,
    0x00, 0x00, 0x00, 0x00, 0x00, 0x00, 0x00, 0x00, 0x00, 0x00, 0x00, 0x00, 0xff, 0xff, 0xff, 0xff,
    0xff, 0xff, 0xff, 0xff, 0x00, 0x00, 0x00, 0x00, 0x00, 0x00, 0x00, 0x00, 0x00, 0x00, 0x00, 0x00,
    0x00, 0x00, 0x00, 0x00, 0x00, 0x00, 0x00, 0x00, 0x00, 0x00, 0x00, 0x00, 0x00, 0x00, 0x00, 0x00,
    0x00, 0x00, 0x00, 0x00, 0x00, 0x00, 0x00, 0x00, 0x00, 0x00, 0x00, 0x00, 0x00, 0x00, 0x00, 0x00,
    0x00, 0x00, 0x00, 0x00, 0x00, 0x00, 0x00, 0x00, 0x00, 0x00, 0x00, 0x00, 0x00, 0x00, 0x00, 0x00,
    0x00, 0x00, 0x00, 0x00, 0x00, 0x00, 0x00, 0x00, 0xff, 0xff, 0xff, 0xff, 0xb7, 0xbe, 0xf9, 0xce,
    0xf8, 0xce, 0xb8, 0xc6, 0xff, 0xff, 0xff, 0xff, 0xff, 0xff, 0x00, 0x00, 0x00, 0x00, 0x00, 0x00,
    0x00, 0x00, 0x00, 0x00, 0x00, 0x00, 0x00, 0x00, 0x00, 0x00, 0x00, 0x00, 0x00, 0x00, 0x00, 0x00,
    0x00, 0x00, 0x00, 0x00, 0x00, 0x00, 0x00, 0x00, 0x00, 0x00, 0x00, 0x00, 0x00, 0x00, 0x00, 0x00,
    0x00, 0x00, 0x00, 0x00, 0x00, 0x00, 0x00, 0x00, 0x00, 0x00, 0x00, 0x00, 0x00, 0x00, 0x00, 0x00,
    0x00, 0x00, 0x00, 0x00, 0x00, 0x00, 0xff, 0xff, 0xd8, 0xc6, 0xc2, 0x5c, 0x85, 0x85, 0x85, 0x85,
    0x04, 0x6d, 0x42, 0x75, 0xe9, 0x6c, 0xca, 0x5c, 0xd8, 0xc6, 0xff, 0xff, 0x00, 0x00, 0x00, 0x00,
    0x00, 0x00, 0xff, 0xff, 0xff, 0xff, 0xff, 0xff, 0xff, 0xff, 0xff, 0xff, 0xff, 0xff, 0x00, 0x00,
    0x00, 0x00, 0x00, 0x00, 0x00, 0x00, 0x00, 0x00, 0x00, 0x00, 0x00, 0x00, 0x00, 0x00, 0x00, 0x00,
    0x00, 0x00, 0x00, 0x00, 0x00, 0x00, 0x00, 0x00, 0x00, 0x00, 0x00, 0x00, 0x00, 0x00, 0x00, 0x00,
    0x00, 0x00, 0x00, 0x00, 0x71, 0xce, 0xff, 0xff, 0x0b, 0x6d, 0xa1, 0x75, 0x44, 0x96, 0xe3, 0x7d,
    0x45, 0x96, 0x42, 0x96, 0x21, 0x9e, 0xc0, 0x54, 0xe0, 0x33, 0x57, 0xb6, 0xff, 0xff, 0xff, 0xff,
    0xff, 0xff, 0xb3, 0x8d, 0x0a, 0x75, 0x66, 0x4c, 0xf4, 0x9d, 0x55, 0xae, 0x97, 0xb6, 0xff, 0xff,
    0xff, 0xff, 0x00, 0x00, 0x00, 0x00, 0x00, 0x00, 0x00, 0x00, 0x00, 0x00, 0x00, 0x00, 0x00, 0x00,
    0x00, 0x00, 0x00, 0x00, 0x00, 0x00, 0x00, 0x00, 0x00, 0x00, 0x00, 0x00, 0x00, 0x00, 0x00, 0x00,
    0xff, 0xff, 0xff, 0xff, 0xde, 0xf7, 0x15, 0xd7, 0xe8, 0x64, 0xe0, 0x44, 0xe1, 0x75, 0xa2, 0x75,
    0x20, 0x5d, 0x80, 0x6d, 0x00, 0x8e, 0x22, 0x96, 0x22, 0x96, 0x22, 0x44, 0x9f, 0xf7, 0x5c, 0xdf,
    0x89, 0x5c, 0xe7, 0x95, 0x63, 0xa6, 0x02, 0x65, 0x88, 0x85, 0x09, 0xa6, 0x84, 0x7d, 0x83, 0x54,
    0xb2, 0x95, 0xff, 0xff, 0x00, 0x00, 0x00, 0x00, 0x00, 0x00, 0x00, 0x00, 0x00, 0x00, 0x00, 0x00,
    0x00, 0x00, 0x00, 0x00, 0x00, 0x00, 0x00, 0x00, 0x00, 0x00, 0x00, 0x00, 0x00, 0x00, 0xff, 0xff,
    0x18, 0xd7, 0x71, 0xbe, 0x4f, 0xb6, 0xdb, 0xff, 0x35, 0xdf, 0xa5, 0x54, 0x04, 0x5d, 0x60, 0x65,
    0x01, 0x5d, 0x80, 0x44, 0x00, 0x55, 0x60, 0x6d, 0xe0, 0x7d, 0xa0, 0x4c, 0xcd, 0x74, 0xc9, 0x6c,
    0x65, 0xa6, 0x82, 0xa6, 0xe0, 0x85, 0x42, 0xa6, 0xa3, 0xae, 0x02, 0x86, 0x03, 0x86, 0xe3, 0x7d,
    0xe0, 0x2b, 0x7c, 0xe7, 0x00, 0x00, 0x00, 0x00, 0x00, 0x00, 0x00, 0x00, 0x00, 0x00, 0x00, 0x00,
    0x00, 0x00, 0x00, 0x00, 0x00, 0x00, 0x00, 0x00, 0x00, 0x00, 0x00, 0x00, 0x00, 0x00, 0xff, 0xff,
    0x91, 0xbe, 0xfc, 0xff, 0x34, 0xef, 0x11, 0xf7, 0xf1, 0xe6, 0xbb, 0xff, 0x38, 0xe7, 0xc2, 0x54,
    0xc0, 0x75, 0x80, 0x4c, 0xc0, 0x2b, 0x40, 0x65, 0x80, 0x75, 0xe0, 0x4c, 0xe0, 0x12, 0x83, 0x85,
    0xe0, 0x85, 0xc0, 0x85, 0x80, 0x75, 0xc0, 0x7d, 0x60, 0x6d, 0xa1, 0x75, 0xa2, 0x75, 0x62, 0x5d,
    0xe1, 0x2b, 0xbd, 0xef, 0x00, 0x00, 0x00, 0x00, 0x00, 0x00, 0x00, 0x00, 0x00, 0x00, 0x00, 0x00,
    0x00, 0x00, 0x00, 0x00, 0x00, 0x00, 0x00, 0x00, 0x00, 0x00, 0x00, 0x00, 0xff, 0xff, 0x5b, 0xdf,
    0x4f, 0xb6, 0xfa, 0xff, 0x8d, 0xee, 0x42, 0xf6, 0x45, 0xee, 0x76, 0xf7, 0x35, 0xef, 0x62, 0x44,
    0x80, 0x3c, 0x80, 0x44, 0x60, 0x1b, 0x80, 0x44, 0x20, 0x55, 0x40, 0x34, 0xe0, 0x33, 0xa0, 0x75,
    0x20, 0x5d, 0xa0, 0x75, 0xa0, 0x4c, 0x20, 0x65, 0x02, 0x8e, 0x42, 0x9e, 0xa2, 0x6d, 0x60, 0x34,
    0x8a, 0x5c, 0xff, 0xff, 0x00, 0x00, 0x00, 0x00, 0x00, 0x00, 0x00, 0x00, 0x00, 0x00, 0x00, 0x00,
    0x00, 0x00, 0x00, 0x00, 0x00, 0x00, 0x00, 0x00, 0x00, 0x00, 0xff, 0xff, 0x53, 0xb6, 0x47, 0x85,
    0x81, 0x54, 0xcd, 0x9d, 0x12, 0xf7, 0xe3, 0xed, 0x4a, 0xf6, 0x56, 0xe7, 0x65, 0x5c, 0x60, 0x13,
    0x20, 0x5d, 0xa0, 0x7d, 0xc0, 0x4c, 0xa0, 0x2b, 0x60, 0x34, 0xc0, 0x23, 0x00, 0x34, 0x20, 0x55,
    0xe0, 0x4c, 0x40, 0x3c, 0x40, 0x3c, 0xa0, 0x75, 0xa0, 0x75, 0x61, 0x5d, 0x21, 0x55, 0x20, 0x2c,
    0xe6, 0x43, 0xff, 0xff, 0x00, 0x00, 0x00, 0x00, 0x00, 0x00, 0x00, 0x00, 0x00, 0x00, 0x00, 0x00,
    0x00, 0x00, 0x00, 0x00, 0x00, 0x00, 0x00, 0x00, 0x00, 0x00, 0xff, 0xff, 0x80, 0x54, 0x83, 0xa6,
    0x00, 0x5d, 0x71, 0xb6, 0xff, 0xff, 0xf4, 0xe6, 0x57, 0xef, 0xfc, 0xff, 0x08, 0x75, 0xc0, 0x54,
    0x40, 0x4c, 0xa0, 0x3c, 0xe0, 0x44, 0x00, 0x2c, 0xc0, 0x23, 0x80, 0x1b, 0xc0, 0x2b, 0x80, 0x3c,
    0xe0, 0x2b, 0xa0, 0x4c, 0x80, 0x75, 0x20, 0x5d, 0x00, 0x5d, 0x41, 0x5d, 0x41, 0x55, 0xe0, 0x1b,
    0xcc, 0x6c, 0xff, 0xff, 0x00, 0x00, 0x00, 0x00, 0x00, 0x00, 0x00, 0x00, 0x00, 0x00, 0x00, 0x00,
    0x00, 0x00, 0x00, 0x00, 0x00, 0x00, 0x00, 0x00, 0x00, 0x00, 0xff, 0xff, 0xc4, 0x73, 0x80, 0x4c,
    0xa0, 0x4c, 0x66, 0x6c, 0x92, 0xce, 0xe7, 0x74, 0xa5, 0x64, 0xac, 0x9d, 0xc2, 0x3b, 0x40, 0x4c,
    0x40, 0x44, 0xe0, 0x2b, 0x80, 0x34, 0xe0, 0x23, 0x40, 0x13, 0xc0, 0x02, 0xa0, 0x13, 0xa0, 0x1b,
    0x00, 0x34, 0x60, 0x65, 0xa0, 0x6d, 0x80, 0x65, 0x40, 0x5d, 0x40, 0x5d, 0x40, 0x2c, 0x84, 0x3b,
    0xbe, 0xf7, 0x00, 0x00, 0x00, 0x00, 0x00, 0x00, 0x00, 0x00, 0x00, 0x00, 0x00, 0x00, 0x00, 0x00,
    0x00, 0x00, 0x00, 0x00, 0x00, 0x00, 0x00, 0x00, 0xff, 0xff, 0x75, 0xe5, 0xcb, 0xdb, 0xe3, 0xba,
    0x00, 0xaa, 0x60, 0x63, 0x40, 0x5d, 0x00, 0x34, 0x40, 0x1b, 0xa0, 0x34, 0xe0, 0x4c, 0xe0, 0x79,
    0xa0, 0x61, 0x40, 0x03, 0x00, 0x1c, 0xe0, 0x13, 0x82, 0x2b, 0x26, 0x85, 0x20, 0x13, 0x60, 0x13,
    0x20, 0x24, 0x40, 0x2c, 0xa0, 0x3c, 0x00, 0x4d, 0x00, 0x4d, 0xe0, 0x3c, 0x40, 0x13, 0x29, 0x64,
    0xdf, 0xff, 0xff, 0xff, 0x00, 0x00, 0x00, 0x00, 0x00, 0x00, 0x00, 0x00, 0x00, 0x00, 0x00, 0x00,
    0x00, 0x00, 0x00, 0x00, 0x00, 0x00, 0x00, 0x00, 0xff, 0xff, 0xac, 0xc3, 0x2e, 0xfd, 0x01, 0xfb,
    0x23, 0xfb, 0xa0, 0x83, 0xc0, 0x4c, 0x60, 0x82, 0xc0, 0xa9, 0x60, 0x53, 0x00, 0x3c, 0xc0, 0xa1,
    0x41, 0xe9, 0x44, 0x6a, 0x06, 0x44, 0xc0, 0x0a, 0x41, 0x4c, 0x82, 0xae, 0x20, 0x13, 0x40, 0x03,
    0x80, 0x13, 0x00, 0x1c, 0x60, 0x2c, 0x60, 0x2c, 0x20, 0x2c, 0x80, 0x1b, 0x20, 0x0b, 0x81, 0x1b,
    0x26, 0x4c, 0xb9, 0xc6, 0xff, 0xff, 0x00, 0x00, 0x00, 0x00, 0x00, 0x00, 0x00, 0x00, 0x00, 0x00,
    0x00, 0x00, 0x00, 0x00, 0x00, 0x00, 0x00, 0x00, 0xff, 0xff, 0xa5, 0xca, 0xe2, 0xfa, 0xef, 0xf5,
    0xe4, 0xfb, 0x63, 0xd3, 0x61, 0xba, 0x40, 0xfa, 0x00, 0xfa, 0x80, 0xd9, 0x60, 0xc1, 0x40, 0xe9,
    0x20, 0xd9, 0xe2, 0x71, 0xc7, 0x64, 0x84, 0x43, 0xc0, 0x33, 0x20, 0x65, 0xe0, 0x12, 0xa0, 0x2b,
    0x61, 0x54, 0xa0, 0x02, 0xe0, 0x02, 0x00, 0x0b, 0x00, 0x0b, 0x20, 0x03, 0xe0, 0x13, 0xe1, 0x3c,
    0x41, 0x55, 0xe1, 0x33, 0x1b, 0xd7, 0x52, 0xc6, 0x00, 0x00, 0x00, 0x00, 0x00, 0x00, 0x00, 0x00,
    0x00, 0x00, 0x00, 0x00, 0x00, 0x00, 0xff, 0xff, 0x14, 0xcd, 0x80, 0xd1, 0x04, 0xfb, 0xe5, 0xfb,
    0xe4, 0xfb, 0xf4, 0xfe, 0xa3, 0xfb, 0x60, 0xfa, 0xa9, 0xf4, 0xa2, 0xfa, 0xc0, 0xf9, 0xa0, 0x8a,
    0xc2, 0x7b, 0xa3, 0x74, 0x61, 0x7d, 0x81, 0x7d, 0x40, 0x44, 0xe0, 0x33, 0xc0, 0x2b, 0xa0, 0x75,
    0xc1, 0x8d, 0xa1, 0x8d, 0xc0, 0x64, 0xe0, 0x12, 0x01, 0x03, 0x00, 0x1c, 0x80, 0x2c, 0x80, 0x34,
    0x42, 0x55, 0x40, 0x34, 0x51, 0x8d, 0xff, 0xff, 0x00, 0x00, 0x00, 0x00, 0x00, 0x00, 0x00, 0x00,
    0x00, 0x00, 0x00, 0x00, 0x00, 0x00, 0x00, 0x00, 0x76, 0xd5, 0x02, 0xc2, 0xc7, 0xfb, 0x40, 0xf1,
    0x22, 0xfb, 0x86, 0xfc, 0xa0, 0xf2, 0xc0, 0xf9, 0x09, 0xfd, 0xc2, 0xfa, 0x40, 0xe1, 0x00, 0x4b,
    0xe2, 0x6d, 0x22, 0x8e, 0x60, 0x65, 0x40, 0x44, 0x40, 0x6d, 0x00, 0x5d, 0x20, 0x5d, 0xa0, 0x54,
    0x00, 0x5d, 0x60, 0x5d, 0xc0, 0x33, 0x21, 0x03, 0xc1, 0x13, 0xa0, 0x1b, 0x80, 0x13, 0x20, 0x24,
    0xc0, 0x34, 0xa1, 0x3c, 0x26, 0x4c, 0xde, 0xf7, 0x00, 0x00, 0x00, 0x00, 0x00, 0x00, 0x00, 0x00,
    0x00, 0x00, 0x00, 0x00, 0x00, 0x00, 0x00, 0x00, 0xff, 0xff, 0x41, 0xa9, 0xa0, 0xf1, 0x87, 0xf3,
    0xa1, 0xfa, 0x20, 0xfa, 0xe3, 0xfa, 0x86, 0xf3, 0x80, 0xf9, 0x80, 0xf1, 0x20, 0xea, 0xe0, 0xb0,
    0x80, 0x49, 0xc0, 0x52, 0x00, 0x52, 0x02, 0x6c, 0xa1, 0xae, 0x80, 0x44, 0x01, 0x8e, 0x05, 0x9e,
    0x60, 0x42, 0x00, 0x6a, 0xe1, 0xa9, 0xe0, 0x59, 0x41, 0x0c, 0xa0, 0x34, 0x20, 0x24, 0x60, 0x2c,
    0x60, 0x2c, 0xc1, 0x3c, 0x20, 0x34, 0x35, 0xae, 0xff, 0xff, 0x00, 0x00, 0x00, 0x00, 0x00, 0x00,
    0x00, 0x00, 0x00, 0x00, 0x00, 0x00, 0x00, 0x00, 0xff, 0xff, 0x2f, 0xbc, 0xc0, 0xc8, 0xc6, 0xfb,
    0x21, 0xf2, 0x20, 0xf1, 0x04, 0xf3, 0xe6, 0xf3, 0x60, 0xf1, 0xa1, 0xe1, 0xe0, 0xc8, 0xc4, 0xa1,
    0xea, 0xeb, 0xe0, 0xf9, 0x01, 0xd2, 0x21, 0x7d, 0xc0, 0x6d, 0x40, 0x52, 0x80, 0x53, 0x01, 0x66,
    0xa0, 0x82, 0xe0, 0xf8, 0x64, 0xf2, 0xe9, 0xda, 0xc0, 0x32, 0xe1, 0x2c, 0x40, 0x24, 0xe0, 0x3c,
    0xc1, 0x44, 0xa1, 0x34, 0xe0, 0x2b, 0xd3, 0x9d, 0xff, 0xff, 0x00, 0x00, 0x00, 0x00, 0x00, 0x00,
    0x00, 0x00, 0x00, 0x00, 0x00, 0x00, 0x00, 0x00, 0x00, 0x00, 0xff, 0xff, 0xc3, 0x81, 0xe0, 0xe0,
    0x40, 0xe9, 0xa6, 0xeb, 0x41, 0xea, 0xe0, 0xe8, 0xa2, 0xe2, 0x62, 0xea, 0x80, 0xa0, 0xaf, 0xd4,
    0xe8, 0xfb, 0xe2, 0xfa, 0xc1, 0xe2, 0x00, 0x53, 0x40, 0x72, 0x01, 0xea, 0xe0, 0xc1, 0x40, 0x6a,
    0xe0, 0xa9, 0xc0, 0xf9, 0xe0, 0xe0, 0xc8, 0xea, 0x64, 0x7a, 0x20, 0x14, 0x61, 0x24, 0x80, 0x24,
    0xc1, 0x34, 0xc2, 0x3c, 0x80, 0x1b, 0xb7, 0xc6, 0x12, 0xbe, 0x00, 0x00, 0x00, 0x00, 0x00, 0x00,
    0x00, 0x00, 0x00, 0x00, 0x00, 0x00, 0x00, 0x00, 0xff, 0xff, 0x14, 0xa6, 0x20, 0x2c, 0xe0, 0x79,
    0xe0, 0xe0, 0x62, 0xf2, 0xc1, 0xe9, 0x20, 0xe9, 0x40, 0xe1, 0xc0, 0xa0, 0xc3, 0x99, 0xe5, 0xfa,
    0xae, 0xfd, 0x84, 0xfb, 0x63, 0xfb, 0xe9, 0xeb, 0xc2, 0xfa, 0x62, 0xfb, 0xa1, 0xfa, 0xa0, 0xf9,
    0xa0, 0xf9, 0xa0, 0xf1, 0x45, 0xf3, 0x23, 0xea, 0xc4, 0xa9, 0x61, 0x13, 0x81, 0x1c, 0x61, 0x1c,
    0x20, 0x1c, 0x20, 0x24, 0x20, 0x03, 0x76, 0xbe, 0x00, 0x00, 0x00, 0x00, 0x00, 0x00, 0x00, 0x00,
    0x00, 0x00, 0x00, 0x00, 0x00, 0x00, 0x00, 0x00, 0xff, 0xff, 0xed, 0x74, 0xe0, 0x3c, 0xc1, 0x34,
    0x00, 0x52, 0x00, 0x99, 0xe0, 0xa0, 0x60, 0x89, 0xe0, 0x49, 0x20, 0x1a, 0x61, 0xb9, 0x21, 0xfa,
    0x26, 0xf4, 0x40, 0xfa, 0x31, 0xfe, 0x93, 0xfe, 0x01, 0xfb, 0xa4, 0xfb, 0xa1, 0xfa, 0x44, 0xfb,
    0x89, 0xfc, 0x20, 0xf1, 0x88, 0xf4, 0xc4, 0xe2, 0x22, 0xb9, 0x80, 0x0a, 0x00, 0x04, 0x40, 0x13,
    0x63, 0x33, 0xc6, 0x43, 0xab, 0x74, 0xff, 0xff, 0x00, 0x00, 0x00, 0x00, 0x00, 0x00, 0x00, 0x00,
    0x00, 0x00, 0x00, 0x00, 0x00, 0x00, 0x00, 0x00, 0xff, 0xff, 0xc7, 0x64, 0x61, 0x55, 0x21, 0x55,
    0x21, 0x3d, 0xe0, 0x1b, 0xe0, 0x2b, 0xe0, 0x1b, 0x00, 0x0c, 0x00, 0x1b, 0x41, 0xc1, 0xc0, 0xf9,
    0xa0, 0xf1, 0x20, 0xfa, 0x26, 0xfc, 0x42, 0xfb, 0xc1, 0xfa, 0x4f, 0xfe, 0xc1, 0xfa, 0x04, 0xfb,
    0x2a, 0xfd, 0x80, 0xf1, 0xc0, 0xe9, 0x81, 0xe1, 0x62, 0xb9, 0x47, 0x5b, 0xa5, 0x33, 0xcd, 0x84,
    0x9b, 0xff, 0xff, 0xff, 0xff, 0xff, 0x00, 0x00, 0x00, 0x00, 0x00, 0x00, 0x00, 0x00, 0x00, 0x00,
    0x00, 0x00, 0x00, 0x00, 0x00, 0x00, 0x00, 0x00, 0xff, 0xff, 0xe3, 0x3b, 0x60, 0x2c, 0xc0, 0x3c,
    0xe0, 0x34, 0xc0, 0x34, 0x20, 0x4d, 0xa0, 0x3c, 0xc0, 0x34, 0x60, 0x13, 0x40, 0xa9, 0x80, 0xf1,
    0xc0, 0xf1, 0x41, 0xfa, 0x40, 0xfa, 0x20, 0xfa, 0x81, 0xfa, 0x65, 0xfc, 0x61, 0xfa, 0xc0, 0xf9,
    0x20, 0xfa, 0x40, 0xe9, 0x00, 0xd9, 0x82, 0xe1, 0x83, 0xa1, 0x35, 0xde, 0xfd, 0xff, 0xff, 0xff,
    0x00, 0x00, 0x00, 0x00, 0x00, 0x00, 0x00, 0x00, 0x00, 0x00, 0x00, 0x00, 0x00, 0x00, 0x00, 0x00,
    0x00, 0x00, 0x00, 0x00, 0x00, 0x00, 0x00, 0x00, 0xff, 0xff, 0x5c, 0xe7, 0x0e, 0x85, 0xa4, 0x33,
    0x81, 0x23, 0x21, 0x1b, 0x80, 0x0b, 0xe0, 0x13, 0x60, 0x03, 0x40, 0x0b, 0x62, 0x89, 0x20, 0xe9,
    0x42, 0xea, 0x8d, 0xfd, 0xc0, 0xf9, 0xe0, 0xf1, 0x00, 0xfa, 0xc0, 0xfa, 0x00, 0xf2, 0xa0, 0xf1,
    0xa0, 0xf1, 0x44, 0xf3, 0x60, 0xd9, 0x61, 0xd1, 0x46, 0x92, 0xbc, 0xf7, 0x00, 0x00, 0x00, 0x00,
    0x00, 0x00, 0x00, 0x00, 0x00, 0x00, 0x00, 0x00, 0x00, 0x00, 0x00, 0x00, 0x00, 0x00, 0x00, 0x00,
    0x00, 0x00, 0x00, 0x00, 0x00, 0x00, 0x00, 0x00, 0x00, 0x00, 0x00, 0x00, 0xff, 0xff, 0xfe, 0xff,
    0xbc, 0xff, 0xf9, 0xde, 0x6a, 0x54, 0x8a, 0x64, 0xed, 0x84, 0x95, 0xce, 0xcc, 0xab, 0xe0, 0xc0,
    0xa1, 0xe9, 0x26, 0xf4, 0xc0, 0xf1, 0xc0, 0xf1, 0xe0, 0xf1, 0x00, 0xfa, 0x80, 0xf1, 0x60, 0xf1,
    0x01, 0xf2, 0x66, 0xec, 0x41, 0xd9, 0xa0, 0xa8, 0x12, 0xbd, 0xff, 0xff, 0x00, 0x00, 0x00, 0x00,
    0x00, 0x00, 0x00, 0x00, 0x00, 0x00, 0x00, 0x00, 0x00, 0x00, 0x00, 0x00, 0x00, 0x00, 0x00, 0x00,
    0x00, 0x00, 0x00, 0x00, 0x00, 0x00, 0x00, 0x00, 0x00, 0x00, 0x00, 0x00, 0x00, 0x00, 0x00, 0x00,
    0x00, 0x00, 0x00, 0x00, 0xff, 0xff, 0xff, 0xff, 0xff, 0xff, 0xff, 0xff, 0x1b, 0xef, 0x62, 0x99,
    0x20, 0xe1, 0x60, 0xe1, 0x40, 0xe9, 0x05, 0xf3, 0xaa, 0xf4, 0x00, 0xf1, 0x63, 0xf2, 0x42, 0xea,
    0x20, 0xd9, 0x61, 0xd9, 0xe0, 0xc8, 0x25, 0x92, 0xff, 0xff, 0x00, 0x00, 0x00, 0x00, 0x00, 0x00,
    0x00, 0x00, 0x00, 0x00, 0x00, 0x00, 0x00, 0x00, 0x00, 0x00, 0x00, 0x00, 0x00, 0x00, 0x00, 0x00,
    0x00, 0x00, 0x00, 0x00, 0x00, 0x00, 0x00, 0x00, 0x00, 0x00, 0x00, 0x00, 0x00, 0x00, 0x00, 0x00,
    0x00, 0x00, 0x00, 0x00, 0x00, 0x00, 0x00, 0x00, 0x00, 0x00, 0x00, 0x00, 0xff, 0xff, 0x74, 0xcd,
    0xa0, 0xa0, 0x61, 0xe1, 0x20, 0xe1, 0x01, 0xea, 0xc5, 0xeb, 0xe0, 0xe8, 0x47, 0xf4, 0xe3, 0xe2,
    0xa0, 0xd0, 0x21, 0xd9, 0x01, 0x91, 0x99, 0xe6, 0xff, 0xff, 0x00, 0x00, 0x00, 0x00, 0x00, 0x00,
    0x00, 0x00, 0x00, 0x00, 0x00, 0x00, 0x00, 0x00, 0x00, 0x00, 0x00, 0x00, 0x00, 0x00, 0x00, 0x00,
    0x00, 0x00, 0x00, 0x00, 0x00, 0x00, 0x00, 0x00, 0x00, 0x00, 0x00, 0x00, 0x00, 0x00, 0x00, 0x00,
    0x00, 0x00, 0x00, 0x00, 0x00, 0x00, 0x00, 0x00, 0x00, 0x00, 0x00, 0x00, 0x00, 0x00, 0xff, 0xff,
    0x90, 0xbc, 0xa0, 0xa0, 0x61, 0xe1, 0x20, 0xe1, 0x00, 0xd9, 0x20, 0xd9, 0xa0, 0xd9, 0x40, 0xd9,
    0x41, 0xd9, 0xe0, 0x90, 0x94, 0xcd, 0xff, 0xff, 0x00, 0x00, 0x00, 0x00, 0x00, 0x00, 0x00, 0x00,
    0x00, 0x00, 0x00, 0x00, 0x00, 0x00, 0x00, 0x00, 0x00, 0x00, 0x00, 0x00, 0x00, 0x00, 0x00, 0x00,
    0x00, 0x00, 0x00, 0x00, 0x00, 0x00, 0x00, 0x00, 0x00, 0x00, 0x00, 0x00, 0x00, 0x00, 0x00, 0x00,
    0x00, 0x00, 0x00, 0x00, 0x00, 0x00, 0x00, 0x00, 0x00, 0x00, 0x00, 0x00, 0x00, 0x00, 0x00, 0x00,
    0xff, 0xff, 0xb1, 0xbc, 0xe0, 0x98, 0x20, 0xd9, 0x41, 0xe1, 0x20, 0xd9, 0x21, 0xd9, 0xe0, 0xc8,
    0x01, 0x91, 0x74, 0xcd, 0xfe, 0xff, 0x00, 0x00, 0x00, 0x00, 0x00, 0x00, 0x00, 0x00, 0x00, 0x00,
    0x00, 0x00, 0x00, 0x00, 0x00, 0x00, 0x00, 0x00, 0x00, 0x00, 0x00, 0x00, 0x00, 0x00, 0x00, 0x00,
    0x00, 0x00, 0x00, 0x00, 0x00, 0x00, 0x00, 0x00, 0x00, 0x00, 0x00, 0x00, 0x00, 0x00, 0x00, 0x00,
    0x00, 0x00, 0x00, 0x00, 0x00, 0x00, 0x00, 0x00, 0x00, 0x00, 0x00, 0x00, 0x00, 0x00, 0x00, 0x00,
    0x00, 0x00, 0xff, 0xff, 0x37, 0xde, 0x05, 0x9a, 0xc0, 0xa8, 0xc0, 0xb8, 0xe0, 0xa0, 0x46, 0x9a,
    0x99, 0xe6, 0xff, 0xff, 0x00, 0x00, 0x00, 0x00, 0x00, 0x00, 0x00, 0x00, 0x00, 0x00, 0x00, 0x00,
    0x00, 0x00, 0x00, 0x00, 0x00, 0x00, 0x00, 0x00, 0x00, 0x00, 0x00, 0x00, 0x00, 0x00, 0x00, 0x00,
    0x00, 0x00, 0x00, 0x00, 0x00, 0x00, 0x00, 0x00, 0x00, 0x00, 0x00, 0x00, 0x00, 0x00, 0x00, 0x00,
    0x00, 0x00, 0x00, 0x00, 0x00, 0x00, 0x00, 0x00, 0x00, 0x00, 0x00, 0x00, 0x00, 0x00, 0x00, 0x00,
    0x00, 0x00, 0x00, 0x00, 0xff, 0xff, 0xfd, 0xff, 0x16, 0xde, 0x33, 0xcd, 0x37, 0xde, 0xfe, 0xff,
    0xff, 0xff, 0x00, 0x00, 0x00, 0x00, 0x00, 0x00, 0x00, 0x00, 0x00, 0x00, 0x00, 0x00, 0x00, 0x00,
    0x00, 0x00, 0x00, 0x00, 0x00, 0x00, 0x00, 0x00, 0x00, 0x00, 0x00, 0x00, 0x00, 0x00, 0x00, 0x00,
    0x00, 0x00, 0x00, 0x00, 0x00, 0x00, 0x00, 0x00, 0x00, 0x00, 0x00, 0x00, 0x00, 0x00, 0x00, 0x00,
    0x00, 0x00, 0x00, 0x00, 0x00, 0x00, 0x00, 0x00, 0x00, 0x00, 0x00, 0x00, 0x00, 0x00, 0x00, 0x00,
    0x00, 0x00, 0x00, 0x00, 0x00, 0x00, 0x00, 0x00, 0x00, 0x00, 0xff, 0xff, 0x00, 0x00, 0x00, 0x00,
    0x00, 0x00, 0x00, 0x00, 0x00, 0x00, 0x00, 0x00, 0x00, 0x00, 0x00, 0x00, 0x00, 0x00, 0x00, 0x00,
    0x00, 0x00, 0x00, 0x00, 0x00, 0x00, 0x00, 0x00, 0x00, 0x00, 0x00, 0x00, 0x00, 0x00, 0x00, 0x00,
    0x00, 0x00, 0x00, 0x00, 0x00, 0x00, 0x00, 0x00, 0x00, 0x00, 0x00, 0x00, 0x00, 0x00, 0xff, 0xff,
    0xff, 0xff, 0x00, 0x00, 0x00, 0x00, 0x00, 0x00, 0x00, 0x00, 0x00, 0x00, 0x00, 0x00, 0x00, 0x00,
    0x00, 0x00, 0x00, 0x00, 0x00, 0x00, 0x00, 0x00, 0x00, 0x00, 0x00, 0x00, 0x00, 0x00, 0x00, 0x00,
    0x00, 0x00, 0x00, 0x00, 0xff, 0xff, 0xff, 0xff, 0xff, 0xff, 0xff, 0xff, 0xff, 0x00, 0x00, 0x00,
    0x00, 0x00, 0x00, 0x00, 0x00, 0x00, 0x00, 0x00, 0x00, 0x00, 0x00, 0x00, 0x00, 0x00, 0x00, 0x00,
    0x00, 0x00, 0x00, 0x00, 0x00, 0x00, 0x00, 0x00, 0x00, 0x00, 0x00, 0xff, 0xff, 0xff, 0xff, 0xff,
    0xff, 0xff, 0xff, 0xff, 0xff, 0xff, 0x00, 0x00, 0x00, 0xff, 0xff, 0xff, 0xff, 0xff, 0xff, 0x00,
    0x00, 0x00, 0x00, 0x00, 0x00, 0x00, 0x00, 0x00, 0x00, 0x00, 0x00, 0x00, 0x00, 0x00, 0x00, 0x00,
    0x00, 0x00, 0xff, 0xff, 0xff, 0xff, 0xff, 0xff, 0xff, 0xff, 0xff, 0xff, 0xff, 0xff, 0xff, 0xff,
    0xff, 0xff, 0xff, 0xff, 0xff, 0xff, 0xff, 0xff, 0xff, 0x00, 0x00, 0x00, 0x00, 0x00, 0x00, 0x00,
    0x00, 0x00, 0x00, 0x00, 0x00, 0x00, 0x00, 0x00, 0xff, 0xff, 0xff, 0xff, 0xff, 0xff, 0xff, 0xff,
    0xff, 0xff, 0xff, 0xff, 0xff, 0xff, 0xff, 0xff, 0xff, 0xff, 0xff, 0xff, 0xff, 0xff, 0xff, 0xff,
    0xff, 0xff, 0x00, 0x00, 0x00, 0x00, 0x00, 0x00, 0x00, 0x00, 0x00, 0x00, 0x00, 0x00, 0x00, 0xff,
    0xff, 0xff, 0xff, 0xff, 0xff, 0xff, 0xff, 0xff, 0xff, 0xff, 0xff, 0xff, 0xff, 0xff, 0xff, 0xff,
    0xff, 0xff, 0xff, 0xff, 0xff, 0xff, 0xff, 0xff, 0xff, 0xff, 0x00, 0x00, 0x00, 0x00, 0x00, 0x00,
    0x00, 0x00, 0x00, 0x00, 0x00, 0x00, 0x00, 0xff, 0xff, 0xff, 0xff, 0xff, 0xff, 0xff, 0xff, 0xff,
    0xff, 0xff, 0xff, 0xff, 0xff, 0xff, 0xff, 0xff, 0xff, 0xff, 0xff, 0xff, 0xff, 0xff, 0xff, 0xff,
    0xff, 0xff, 0x00, 0x00, 0x00, 0x00, 0x00, 0x00, 0x00, 0x00, 0x00, 0x00, 0x00, 0x00, 0xff, 0xff,
    0xff, 0xff, 0xff, 0xff, 0xff, 0xff, 0xff, 0xff, 0xff, 0xff, 0xff, 0xff, 0xff, 0xff, 0xff, 0xff,
    0xff, 0xff, 0xff, 0xff, 0xff, 0xff, 0xff, 0xff, 0xff, 0xff, 0x00, 0x00, 0x00, 0x00, 0x00, 0x00,
    0x00, 0x00, 0x00, 0x00, 0x00, 0xff, 0xff, 0xff, 0xff, 0xff, 0xff, 0xff, 0xff, 0xff, 0xff, 0xff,
    0xff, 0xff, 0xff, 0xff, 0xff, 0xff, 0xff, 0xff, 0xff, 0xff, 0xff, 0xff, 0xff, 0xff, 0xff, 0xff,
    0xff, 0xff, 0x00, 0x00, 0x00, 0x00, 0x00, 0x00, 0x00, 0x00, 0x00, 0x00, 0x00, 0xff, 0xff, 0xff,
    0xff, 0xff, 0xff, 0xff, 0xff, 0xff, 0xff, 0xff, 0xff, 0xff, 0xff, 0xff, 0xff, 0xff, 0xff, 0xff,
    0xff, 0xff, 0xff, 0xff, 0xff, 0xff, 0xff, 0xff, 0xff, 0xff, 0x00, 0x00, 0x00, 0x00, 0x00, 0x00,
    0x00, 0x00, 0x00, 0x00, 0x00, 0xff, 0xff, 0xff, 0xff, 0xff, 0xff, 0xff, 0xff, 0xff, 0xff, 0xff,
    0xff, 0xff, 0xff, 0xff, 0xff, 0xff, 0xff, 0xff, 0xff, 0xff, 0xff, 0xff, 0xff, 0xff, 0xff, 0xff,
    0xff, 0x00, 0x00, 0x00, 0x00, 0x00, 0x00, 0x00, 0x00, 0x00, 0x00, 0x00, 0xff, 0xff, 0xff, 0xff,
    0xff, 0xff, 0xff, 0xff, 0xff, 0xff, 0xff, 0xff, 0xff, 0xff, 0xff, 0xff, 0xff, 0xff, 0xff, 0xff,
    0xff, 0xff, 0xff, 0xff, 0xff, 0xff, 0xff, 0xff, 0xff, 0xff, 0x00, 0x00, 0x00, 0x00, 0x00, 0x00,
    0x00, 0x00, 0x00, 0x00, 0xff, 0xff, 0xff, 0xff, 0xff, 0xff, 0xff, 0xff, 0xff, 0xff, 0xff, 0xff,
    0xff, 0xff, 0xff, 0xff, 0xff, 0xff, 0xff, 0xff, 0xff, 0xff, 0xff, 0xff, 0xff, 0xff, 0xff, 0xff,
    0xff, 0xff, 0xff, 0x00, 0x00, 0x00, 0x00, 0x00, 0x00, 0x00, 0x00, 0x00, 0xff, 0xff, 0xff, 0xff,
    0xff, 0xff, 0xff, 0xff, 0xff, 0xff, 0xff, 0xff, 0xff, 0xff, 0xff, 0xff, 0xff, 0xff, 0xff, 0xff,
    0xff, 0xff, 0xff, 0xff, 0xff, 0xff, 0xff, 0xff, 0xff, 0xff, 0xff, 0xff, 0x00, 0x00, 0x00, 0x00,
    0x00, 0x00, 0x00, 0xff, 0xff, 0xff, 0xff, 0xff, 0xff, 0xff, 0xff, 0xff, 0xff, 0xff, 0xff, 0xff,
    0xff, 0xff, 0xff, 0xff, 0xff, 0xff, 0xff, 0xff, 0xff, 0xff, 0xff, 0xff, 0xff, 0xff, 0xff, 0xff,
    0xff, 0xff, 0xff, 0xff, 0x00, 0x00, 0x00, 0x00, 0x00, 0x00, 0x00, 0x00, 0xff, 0xff, 0xff, 0xff,
    0xff, 0xff, 0xff, 0xff, 0xff, 0xff, 0xff, 0xff, 0xff, 0xff, 0xff, 0xff, 0xff, 0xff, 0xff, 0xff,
    0xff, 0xff, 0xff, 0xff, 0xff, 0xff, 0xff, 0xff, 0xff, 0xff, 0xff, 0xff, 0x00, 0x00, 0x00, 0x00,
    0x00, 0x00, 0x00, 0x00, 0xff, 0xff, 0xff, 0xff, 0xff, 0xff, 0xff, 0xff, 0xff, 0xff, 0xff, 0xff,
    0xff, 0xff, 0xff, 0xff, 0xff, 0xff, 0xff, 0xff, 0xff, 0xff, 0xff, 0xff, 0xff, 0xff, 0xff, 0xff,
    0xff, 0xff, 0xff, 0xff, 0xff, 0x00, 0x00, 0x00, 0x00, 0x00, 0x00, 0x00, 0xff, 0xff, 0xff, 0xff,
    0xff, 0xff, 0xff, 0xff, 0xff, 0xff, 0xff, 0xff, 0xff, 0xff, 0xff, 0xff, 0xff, 0xff, 0xff, 0xff,
    0xff, 0xff, 0xff, 0xff, 0xff, 0xff, 0xff, 0xff, 0xff, 0xff, 0xff, 0xff, 0xff, 0x00, 0x00, 0x00,
    0x00, 0x00, 0x00, 0x00, 0x00, 0xff, 0xff, 0xff, 0xff, 0xff, 0xff, 0xff, 0xff, 0xff, 0xff, 0xff,
    0xff, 0xff, 0xff, 0xff, 0xff, 0xff, 0xff, 0xff, 0xff, 0xff, 0xff, 0xff, 0xff, 0xff, 0xff, 0xff,
    0xff, 0xff, 0xff, 0xff, 0xb4, 0x00, 0x00, 0x00, 0x00, 0x00, 0x00, 0x00, 0xff, 0xff, 0xff, 0xff,
    0xff, 0xff, 0xff, 0xff, 0xff, 0xff, 0xff, 0xff, 0xff, 0xff, 0xff, 0xff, 0xff, 0xff, 0xff, 0xff,
    0xff, 0xff, 0xff, 0xff, 0xff, 0xff, 0xff, 0xff, 0xff, 0xff, 0xff, 0xff, 0x00, 0x00, 0x00, 0x00,
    0x00, 0x00, 0x00, 0x00, 0xff, 0xff, 0xff, 0xff, 0xff, 0xff, 0xff, 0xff, 0xff, 0xff, 0xff, 0xff,
    0xff, 0xff, 0xff, 0xff, 0xff, 0xff, 0xff, 0xff, 0xff, 0xff, 0xff, 0xff, 0xff, 0xff, 0xff, 0xff,
    0xff, 0xff, 0xff, 0xff, 0x00, 0x00, 0x00, 0x00, 0x00, 0x00, 0x00, 0x00, 0xff, 0xff, 0xff, 0xff,
    0xff, 0xff, 0xff, 0xff, 0xff, 0xff, 0xff, 0xff, 0xff, 0xff, 0xff, 0xff, 0xff, 0xff, 0xff, 0xff,
    0xff, 0xff, 0xff, 0xff, 0xff, 0xff, 0xff, 0xff, 0xff, 0xff, 0xff, 0x00, 0x00, 0x00, 0x00, 0x00,
    0x00, 0x00, 0x00, 0x00, 0xff, 0xff, 0xff, 0xff, 0xff, 0xff, 0xff, 0xff, 0xff, 0xff, 0xff, 0xff,
    0xff, 0xff, 0xff, 0xff, 0xff, 0xff, 0xff, 0xff, 0xff, 0xff, 0xff, 0xff, 0xff, 0xff, 0xff, 0xff,
    0x00, 0x00, 0x00, 0x00, 0x00, 0x00, 0x00, 0x00, 0x00, 0x00, 0x00, 0x00, 0xff, 0xff, 0xff, 0xff,
    0xff, 0xff, 0xff, 0xff, 0xff, 0xff, 0xff, 0xff, 0xff, 0xff, 0xff, 0xff, 0xff, 0xff, 0xff, 0xff,
    0xff, 0xff, 0xff, 0xff, 0xff, 0xff, 0x00, 0x00, 0x00, 0x00, 0x00, 0x00, 0x00, 0x00, 0x00, 0x00,
    0x00, 0x00, 0x00, 0x00, 0x00, 0x00, 0xff, 0xff, 0xff, 0xff, 0xff, 0xff, 0xff, 0xff, 0xff, 0xff,
    0xff, 0xff, 0xff, 0xff, 0xff, 0xff, 0xff, 0xff, 0xff, 0xff, 0xff, 0xff, 0xff, 0xff, 0x00, 0x00,
    0x00, 0x00, 0x00, 0x00, 0x00, 0x00, 0x00, 0x00, 0x00, 0x00, 0x00, 0x00, 0x00, 0x00, 0x00, 0x00,
    0x00, 0x00, 0xff, 0xff, 0xff, 0xff, 0xff, 0xff, 0xff, 0xff, 0xff, 0xff, 0xff, 0xff, 0xff, 0xff,
    0xff, 0xff, 0xff, 0xff, 0xff, 0x00, 0x00, 0x00, 0x00, 0x00, 0x00, 0x00, 0x00, 0x00, 0x00, 0x00,
    0x00, 0x00, 0x00, 0x00, 0x00, 0x00, 0x00, 0x00, 0x00, 0x00, 0x00, 0x00, 0x00, 0x00, 0xff, 0xff,
    0xff, 0xff, 0xff, 0xff, 0xff, 0xff, 0xff, 0xff, 0xff, 0xff, 0xff, 0xff, 0xff, 0x00, 0x00, 0x00,
    0x00, 0x00, 0x00, 0x00, 0x00, 0x00, 0x00, 0x00, 0x00, 0x00, 0x00, 0x00, 0x00, 0x00, 0x00, 0x00,
    0x00, 0x00, 0x00, 0x00, 0x00, 0x00, 0x00, 0xff, 0xff, 0xff, 0xff, 0xff, 0xff, 0xff, 0xff, 0xff,
    0xff, 0xff, 0xff, 0xff, 0x00, 0x00, 0x00, 0x00, 0x00, 0x00, 0x00, 0x00, 0x00, 0x00, 0x00, 0x00,
    0x00, 0x00, 0x00, 0x00, 0x00, 0x00, 0x00, 0x00, 0x00, 0x00, 0x00, 0x00, 0x00, 0x00, 0x00, 0x00,
    0xff, 0xff, 0xff, 0xff, 0xff, 0xff, 0xff, 0xff, 0xff, 0xff, 0xff, 0x00, 0x00, 0x00, 0x00, 0x00,
    0x00, 0x00, 0x00, 0x00, 0x00, 0x00, 0x00, 0x00, 0x00, 0x00, 0x00, 0x00, 0x00, 0x00, 0x00, 0x00,
    0x00, 0x00, 0x00, 0x00, 0x00, 0x00, 0x00, 0x00, 0x00, 0xff, 0xff, 0xff, 0xff, 0xff, 0xff, 0xff,
    0xff, 0xff, 0x00, 0x00, 0x00, 0x00, 0x00, 0x00, 0x00, 0x00, 0x00, 0x00, 0x00, 0x00, 0x00, 0x00,
    0x00, 0x00, 0x00, 0x00, 0x00, 0x00, 0x00, 0x00, 0x00, 0x00, 0x00, 0x00, 0x00, 0x00, 0x00, 0x00,
    0x00, 0x00, 0xff, 0xff, 0xff, 0xff, 0xff, 0xff, 0xff, 0x00, 0x00, 0x00, 0x00, 0x00, 0x00, 0x00,
    0x00, 0x00, 0x00, 0x00, 0x00, 0x00, 0x00, 0x00, 0x00, 0x00, 0x00, 0x00, 0x00, 0x00, 0x00, 0x00,
    0x00, 0x00, 0x00, 0x00, 0x00, 0x00, 0x00, 0x00, 0x00, 0x00, 0x00, 0x00, 0x00, 0xff, 0x00, 0x00,
    0x00, 0x00, 0x00, 0x00, 0x00, 0x00, 0x00, 0x00, 0x00, 0x00, 0x00, 0x00, 0x00, 0x00, 0x00, 0x00,
};

static const LV_ATTRIBUTE_MEM_ALIGN uint8_t app_farm_crop_melon_map[] = {
    0x00, 0x00, 0x00, 0x00, 0x00, 0x00, 0x00, 0x00, 0x00, 0x00, 0x00, 0x00, 0x00, 0x00, 0x00, 0x00,
    0x00, 0x00, 0x00, 0x00, 0x00, 0x00, 0x00, 0x00, 0x00, 0x00, 0x00, 0x00, 0x00, 0x00, 0x00, 0x00,
    0x00, 0x00, 0x00, 0x00, 0xff, 0xff, 0xff, 0xff, 0xff, 0xff, 0xff, 0xff, 0x00, 0x00, 0x00, 0x00,
    0x00, 0x00, 0x00, 0x00, 0x00, 0x00, 0x00, 0x00, 0x00, 0x00, 0x00, 0x00, 0x00, 0x00, 0x00, 0x00,
    0x00, 0x00, 0x00, 0x00, 0x00, 0x00, 0x00, 0x00, 0x00, 0x00, 0x00, 0x00, 0x00, 0x00, 0x00, 0x00,
    0x00, 0x00, 0x00, 0x00, 0x00, 0x00, 0x00, 0x00, 0x00, 0x00, 0x00, 0x00, 0x00, 0x00, 0x00, 0x00,
    0x00, 0x00, 0x00, 0x00, 0x00, 0x00, 0x00, 0x00, 0x00, 0x00, 0x00, 0x00, 0xff, 0xff, 0xff, 0xff,
    0xff, 0xff, 0xff, 0xff, 0xd8, 0xce, 0x76, 0xbe, 0x56, 0xbe, 0xd8, 0xce, 0xff, 0xff, 0xff, 0xff,
    0xff, 0xff, 0xff, 0xff, 0x00, 0x00, 0x00, 0x00, 0x00, 0x00, 0x00, 0x00, 0xff, 0xff, 0xff, 0xff,
    0x00, 0x00, 0x00, 0x00, 0x00, 0x00, 0x00, 0x00, 0x00, 0x00, 0x00, 0x00, 0x00, 0x00, 0x00, 0x00,
    0x00, 0x00, 0x00, 0x00, 0x00, 0x00, 0x00, 0x00, 0x00, 0x00, 0x00, 0x00, 0x00, 0x00, 0x00, 0x00,
    0x00, 0x00, 0x00, 0x00, 0x00, 0x00, 0x00, 0x00, 0xff, 0xff, 0xff, 0xff, 0x5b, 0xe7, 0x2f, 0x85,
    0x48, 0x64, 0x46, 0x64, 0x86, 0x6c, 0xa5, 0x74, 0x84, 0x64, 0x23, 0x54, 0xc3, 0x4b, 0x07, 0x54,
    0x2f, 0x8d, 0x5b, 0xe7, 0xff, 0xff, 0xff, 0xff, 0xff, 0xff, 0xff, 0xff, 0xb2, 0x9d, 0xb2, 0xa5,
    0xff, 0xff, 0xff, 0xff, 0x00, 0x00, 0x00, 0x00, 0x00, 0x00, 0x00, 0x00, 0x00, 0x00, 0x00, 0x00,
    0x00, 0x00, 0x00, 0x00, 0x00, 0x00, 0x00, 0x00, 0x00, 0x00, 0x00, 0x00, 0x00, 0x00, 0x00, 0x00,
    0x00, 0x00, 0x00, 0x00, 0x00, 0x00, 0xff, 0xff, 0x7c, 0xef, 0x8b, 0x6c, 0x06, 0x5c, 0x68, 0x95,
    0x89, 0xbe, 0xc7, 0xc6, 0xa5, 0xbe, 0x84, 0xb6, 0x63, 0xae, 0x22, 0x9e, 0xa2, 0x85, 0xe1, 0x64,
    0x01, 0x4c, 0xa3, 0x43, 0xac, 0x74, 0xde, 0xff, 0x97, 0xc6, 0x23, 0x5c, 0xc6, 0x9d, 0xc3, 0x9d,
    0x02, 0x54, 0xda, 0xd6, 0xff, 0xff, 0x00, 0x00, 0x00, 0x00, 0x00, 0x00, 0x00, 0x00, 0x00, 0x00,
    0x00, 0x00, 0x00, 0x00, 0x00, 0x00, 0x00, 0x00, 0x00, 0x00, 0x00, 0x00, 0x00, 0x00, 0x00, 0x00,
    0x00, 0x00, 0x00, 0x00, 0xff, 0xff, 0xf4, 0xad, 0xa4, 0x43, 0xa9, 0x9d, 0x08, 0xd7, 0xe2, 0xce,
    0x80, 0xbe, 0xa0, 0xbe, 0x80, 0xb6, 0x20, 0xa6, 0x80, 0x7d, 0x40, 0x75, 0x40, 0x75, 0x40, 0x75,
    0x00, 0x65, 0xe3, 0x64, 0xc3, 0x6c, 0x85, 0x43, 0x42, 0x5c, 0x22, 0xa6, 0xc0, 0x64, 0xe1, 0x74,
    0xe0, 0x9d, 0x27, 0x64, 0xff, 0xff, 0x00, 0x00, 0x00, 0x00, 0x00, 0x00, 0x00, 0x00, 0x00, 0x00,
    0x00, 0x00, 0x00, 0x00, 0x00, 0x00, 0x00, 0x00, 0x00, 0x00, 0x00, 0x00, 0x00, 0x00, 0x00, 0x00,
    0x00, 0x00, 0xff, 0xff, 0x2f, 0x8d, 0xe3, 0x4b, 0xca, 0xce, 0x03, 0xd7, 0xc2, 0xc6, 0x49, 0xdf,
    0x69, 0xe7, 0x81, 0xbe, 0xc0, 0x95, 0x00, 0x6d, 0xc0, 0x54, 0xc0, 0x54, 0x80, 0x4c, 0x20, 0x3c,
    0x00, 0x34, 0x80, 0x23, 0x01, 0x44, 0x81, 0x5c, 0x60, 0x7d, 0xa0, 0x33, 0x4a, 0x64, 0xe9, 0x53,
    0x40, 0x54, 0xc4, 0x4b, 0xfe, 0xff, 0x00, 0x00, 0x00, 0x00, 0x00, 0x00, 0x00, 0x00, 0x00, 0x00,
    0x00, 0x00, 0x00, 0x00, 0x00, 0x00, 0x00, 0x00, 0x00, 0x00, 0x00, 0x00, 0x00, 0x00, 0x00, 0x00,
    0xff, 0xff, 0x4f, 0x8d, 0x04, 0x54, 0x2a, 0xdf, 0xc0, 0xc6, 0x27, 0xdf, 0xf3, 0xff, 0xf3, 0xff,
    0x04, 0xa6, 0x60, 0x7d, 0x60, 0x75, 0x40, 0x6d, 0x20, 0x6d, 0x00, 0x5d, 0xe0, 0x5c, 0xc0, 0x5c,
    0xa0, 0x54, 0xe0, 0x64, 0x80, 0x54, 0xe1, 0x6c, 0xe1, 0x64, 0x60, 0x0a, 0xf3, 0xad, 0xf8, 0xde,
    0x24, 0x33, 0xf3, 0xad, 0xff, 0xff, 0x00, 0x00, 0x00, 0x00, 0x00, 0x00, 0x00, 0x00, 0x00, 0x00,
    0x00, 0x00, 0x00, 0x00, 0x00, 0x00, 0x00, 0x00, 0x00, 0x00, 0x00, 0x00, 0x00, 0x00, 0xff, 0xff,
    0x35, 0xb6, 0xc3, 0x43, 0xea, 0xce, 0x80, 0xb6, 0x04, 0xd7, 0xf2, 0xff, 0x8f, 0xf7, 0x64, 0xbe,
    0xc0, 0x95, 0xe0, 0x95, 0xc0, 0x8d, 0x60, 0x7d, 0x20, 0x65, 0x00, 0x5d, 0x21, 0x9e, 0x81, 0xb6,
    0x60, 0xae, 0x40, 0x9e, 0xa0, 0x7d, 0x80, 0x23, 0x60, 0x23, 0x80, 0x2b, 0xe0, 0x12, 0x35, 0xbe,
    0xfe, 0xff, 0xfd, 0xff, 0x00, 0x00, 0x00, 0x00, 0x00, 0x00, 0x00, 0x00, 0x00, 0x00, 0x00, 0x00,
    0x00, 0x00, 0x00, 0x00, 0x00, 0x00, 0x00, 0x00, 0x00, 0x00, 0x00, 0x00, 0xff, 0xff, 0x9d, 0xef,
    0xa4, 0x43, 0x28, 0xae, 0x61, 0xae, 0xc0, 0xc6, 0x45, 0xdf, 0xe7, 0xce, 0xe0, 0xa5, 0xa5, 0xc6,
    0x4c, 0xe7, 0x42, 0xae, 0xc0, 0x95, 0x00, 0x9e, 0x41, 0xae, 0x61, 0xae, 0xa1, 0xbe, 0x60, 0xae,
    0x61, 0xa6, 0x60, 0xa6, 0xa0, 0x54, 0xc0, 0x23, 0x80, 0x44, 0xc0, 0x2b, 0xc0, 0x2b, 0xe2, 0x22,
    0x7c, 0xef, 0x00, 0x00, 0x00, 0x00, 0x00, 0x00, 0x00, 0x00, 0x00, 0x00, 0x00, 0x00, 0x00, 0x00,
    0x00, 0x00, 0x00, 0x00, 0x00, 0x00, 0x00, 0x00, 0x00, 0x00, 0x00, 0x00, 0xff, 0xff, 0xee, 0x7c,
    0xc5, 0x6c, 0x43, 0xa6, 0x80, 0xb6, 0xe1, 0xc6, 0xc0, 0x95, 0x80, 0x85, 0x22, 0xae, 0x6d, 0xef,
    0x2b, 0xe7, 0x41, 0xae, 0xa4, 0xc6, 0x02, 0xd7, 0x22, 0xd7, 0xe1, 0xc6, 0xa1, 0xb6, 0x60, 0xae,
    0x60, 0xa6, 0x20, 0x6d, 0x20, 0x34, 0xe0, 0x2b, 0xc0, 0x4c, 0x80, 0x44, 0xa0, 0x23, 0x80, 0x23,
    0x2b, 0x64, 0xff, 0xff, 0x00, 0x00, 0x00, 0x00, 0x00, 0x00, 0x00, 0x00, 0x00, 0x00, 0x00, 0x00,
    0x00, 0x00, 0x00, 0x00, 0x00, 0x00, 0x00, 0x00, 0x00, 0x00, 0x51, 0xce, 0x7d, 0xef, 0xa4, 0x3b,
    0xa4, 0x85, 0x20, 0x9e, 0xe1, 0xce, 0x21, 0xa6, 0x20, 0x6d, 0xa0, 0x8d, 0x22, 0xae, 0xc7, 0xce,
    0x41, 0xb6, 0x29, 0xdf, 0xad, 0xff, 0x21, 0xd7, 0xe1, 0xce, 0xc1, 0xc6, 0xc1, 0xc6, 0xa1, 0xbe,
    0xc0, 0x85, 0x20, 0x3c, 0x60, 0x3c, 0xe0, 0x2b, 0x80, 0x44, 0x20, 0x5d, 0x40, 0x13, 0x41, 0x3c,
    0xe1, 0x22, 0x3b, 0xe7, 0xff, 0xff, 0x00, 0x00, 0x00, 0x00, 0x00, 0x00, 0x00, 0x00, 0x00, 0x00,
    0x00, 0x00, 0x00, 0x00, 0x00, 0x00, 0x00, 0x00, 0x00, 0x00, 0xff, 0xff, 0x92, 0x9d, 0x02, 0x44,
    0xc1, 0x85, 0x80, 0xae, 0xa1, 0xbe, 0x20, 0x6d, 0x40, 0x75, 0xa0, 0x85, 0xa0, 0x8d, 0xc0, 0x95,
    0x04, 0xd7, 0xad, 0xff, 0x45, 0xe7, 0x21, 0xd7, 0x02, 0xcf, 0xe1, 0xc6, 0x81, 0xb6, 0x20, 0x6d,
    0xa0, 0x54, 0xa0, 0x44, 0x40, 0x3c, 0xe0, 0x23, 0x00, 0x5d, 0x40, 0x65, 0x60, 0x1b, 0xa1, 0x23,
    0xa1, 0x2b, 0xcf, 0x7c, 0xff, 0xff, 0x00, 0x00, 0x00, 0x00, 0x00, 0x00, 0x00, 0x00, 0x00, 0x00,
    0x00, 0x00, 0x00, 0x00, 0x00, 0x00, 0x00, 0x00, 0x00, 0x00, 0xff, 0xff, 0x09, 0x5c, 0x82, 0x54,
    0xe0, 0x85, 0x60, 0xae, 0x00, 0x65, 0xe0, 0x5c, 0x40, 0x6d, 0x60, 0x7d, 0x80, 0x7d, 0xa1, 0xbe,
    0x63, 0xef, 0x22, 0xdf, 0xe1, 0xce, 0x02, 0xcf, 0xe1, 0xc6, 0xe2, 0xce, 0x60, 0x7d, 0xa0, 0x4c,
    0x20, 0x65, 0x20, 0x65, 0x40, 0x3c, 0x00, 0x34, 0xa0, 0x7d, 0x60, 0x6d, 0xa0, 0x23, 0x20, 0x13,
    0x21, 0x34, 0x66, 0x3b, 0xfe, 0xff, 0x00, 0x00, 0x00, 0x00, 0x00, 0x00, 0x00, 0x00, 0x00, 0x00,
    0x00, 0x00, 0x00, 0x00, 0x00, 0x00, 0x00, 0x00, 0x00, 0x00, 0xff, 0xff, 0x64, 0x33, 0xc1, 0x54,
    0x20, 0x96, 0xc0, 0x8d, 0x40, 0x3c, 0xe0, 0x5c, 0x20, 0x65, 0x40, 0x6d, 0x20, 0xa6, 0x21, 0xd7,
    0x01, 0xd7, 0xe1, 0xce, 0xc1, 0xc6, 0xc1, 0xbe, 0xe1, 0xc6, 0xe1, 0xc6, 0x20, 0x65, 0xe0, 0x54,
    0x20, 0x65, 0x20, 0x65, 0x40, 0x34, 0x80, 0x44, 0xc0, 0x85, 0x60, 0x6d, 0x80, 0x23, 0xe0, 0x0a,
    0x41, 0x3c, 0x02, 0x23, 0x7b, 0xef, 0x00, 0x00, 0x00, 0x00, 0x00, 0x00, 0x00, 0x00, 0x00, 0x00,
    0x00, 0x00, 0x00, 0x00, 0x00, 0x00, 0x00, 0x00, 0xff, 0xff, 0x19, 0xdf, 0xe0, 0x12, 0xc0, 0x4c,
    0x20, 0x9e, 0x40, 0x6d, 0x20, 0x34, 0xc0, 0x4c, 0xe0, 0x54, 0x40, 0x6d, 0xc1, 0xc6, 0xe1, 0xc6,
    0xe1, 0xc6, 0xe1, 0xc6, 0xe1, 0xc6, 0xc1, 0xbe, 0x61, 0xae, 0x80, 0x85, 0x00, 0x65, 0x20, 0x65,
    0xc0, 0x4c, 0x60, 0x3c, 0x20, 0x34, 0x40, 0x6d, 0xc0, 0x85, 0x60, 0x6d, 0x60, 0x1b, 0xe0, 0x0a,
    0x61, 0x3c, 0x21, 0x23, 0x98, 0xce, 0xff, 0xff, 0x00, 0x00, 0x00, 0x00, 0x00, 0x00, 0x00, 0x00,
    0x00, 0x00, 0x00, 0x00, 0x00, 0x00, 0x00, 0x00, 0xff, 0xff, 0x97, 0xce, 0x00, 0x13, 0xe0, 0x54,
    0xc0, 0x85, 0x40, 0x34, 0x40, 0x34, 0x60, 0x3c, 0xa0, 0x44, 0x40, 0x9e, 0xc1, 0xbe, 0xa1, 0xbe,
    0xa1, 0xbe, 0xc1, 0xbe, 0xa1, 0xbe, 0x60, 0x7d, 0xc0, 0x54, 0xe0, 0x5c, 0x20, 0x65, 0x00, 0x5d,
    0xa0, 0x4c, 0x00, 0x2c, 0xc0, 0x4c, 0x00, 0x8e, 0xa0, 0x7d, 0xe0, 0x54, 0x40, 0x13, 0x00, 0x0b,
    0x21, 0x34, 0x61, 0x2b, 0x15, 0xb6, 0xff, 0xff, 0x00, 0x00, 0x00, 0x00, 0x00, 0x00, 0x00, 0x00,
    0x00, 0x00, 0x00, 0x00, 0x00, 0x00, 0x00, 0x00, 0xff, 0xff, 0x56, 0xbe, 0xa1, 0x33, 0x21, 0x5d,
    0x80, 0x75, 0x20, 0x2c, 0x40, 0x34, 0x20, 0x2c, 0x20, 0x65, 0xa0, 0xb6, 0x80, 0xae, 0x81, 0xb6,
    0x80, 0xae, 0xa1, 0xbe, 0x00, 0x96, 0xa0, 0x4c, 0xe0, 0x54, 0xe0, 0x54, 0xe0, 0x54, 0xc0, 0x4c,
    0x60, 0x3c, 0xc0, 0x1b, 0x20, 0x65, 0xe0, 0x85, 0x80, 0x75, 0x40, 0x3c, 0x00, 0x0b, 0x20, 0x13,
    0x01, 0x2c, 0x61, 0x2b, 0x15, 0xb6, 0xff, 0xff, 0x00, 0x00, 0x00, 0x00, 0x00, 0x00, 0x00, 0x00,
    0x00, 0x00, 0x00, 0x00, 0x00, 0x00, 0x00, 0x00, 0xff, 0xff, 0xb8, 0xce, 0x81, 0x33, 0x21, 0x5d,
    0x80, 0x44, 0xc0, 0x1b, 0x00, 0x2c, 0xc0, 0x1b, 0x60, 0x75, 0x60, 0xa6, 0x40, 0xa6, 0x60, 0xa6,
    0x80, 0xae, 0x20, 0x9e, 0x20, 0x65, 0xa0, 0x44, 0xc0, 0x4c, 0xa0, 0x4c, 0x60, 0x3c, 0x40, 0x34,
    0x00, 0x2c, 0xe0, 0x54, 0xa0, 0x7d, 0x60, 0x6d, 0x40, 0x65, 0xe0, 0x2b, 0xe0, 0x0a, 0x40, 0x13,
    0x41, 0x34, 0x21, 0x23, 0x77, 0xc6, 0xff, 0xff, 0x00, 0x00, 0x00, 0x00, 0x00, 0x00, 0x00, 0x00,
    0x00, 0x00, 0x00, 0x00, 0x00, 0x00, 0x00, 0x00, 0x00, 0x00, 0xff, 0xff, 0x62, 0x33, 0xe1, 0x54,
    0x80, 0x1b, 0xa0, 0x1b, 0xc0, 0x23, 0x40, 0x3c, 0xe0, 0x85, 0x00, 0x8e, 0x20, 0x96, 0x40, 0x9e,
    0xc0, 0x85, 0x60, 0x3c, 0x80, 0x3c, 0xa0, 0x44, 0xe0, 0x54, 0x40, 0x3c, 0x20, 0x2c, 0xe0, 0x23,
    0x20, 0x65, 0xe0, 0x8d, 0x80, 0x75, 0x20, 0x5d, 0xc0, 0x4c, 0x40, 0x13, 0x00, 0x0b, 0xa0, 0x1b,
    0xc2, 0x4c, 0x02, 0x23, 0x3a, 0xe7, 0x00, 0x00, 0x00, 0x00, 0x00, 0x00, 0x00, 0x00, 0x00, 0x00,
    0x00, 0x00, 0x00, 0x00, 0x00, 0x00, 0x00, 0x00, 0x00, 0x00, 0xff, 0xff, 0x85, 0x3b, 0xa0, 0x4c,
    0xc0, 0x23, 0x80, 0x1b, 0x80, 0x13, 0xe0, 0x54, 0xe0, 0x7d, 0xa0, 0x7d, 0xc0, 0x7d, 0xe0, 0x8d,
    0xe0, 0x54, 0x20, 0x2c, 0x80, 0x44, 0x80, 0x3c, 0x80, 0x44, 0x20, 0x2c, 0xc0, 0x1b, 0x80, 0x44,
    0xe0, 0x85, 0x80, 0x75, 0x00, 0x5d, 0xe0, 0x54, 0x20, 0x34, 0x40, 0x13, 0x20, 0x13, 0xc1, 0x2b,
    0xe4, 0x5c, 0x45, 0x33, 0xdc, 0xff, 0x00, 0x00, 0x00, 0x00, 0x00, 0x00, 0x00, 0x00, 0x00, 0x00,
    0x00, 0x00, 0x00, 0x00, 0x00, 0x00, 0x00, 0x00, 0x00, 0x00, 0xff, 0xff, 0x8d, 0x74, 0x00, 0x34,
    0x01, 0x34, 0x20, 0x0b, 0x60, 0x13, 0xe0, 0x54, 0x80, 0x75, 0x80, 0x6d, 0x80, 0x75, 0x80, 0x75,
    0x40, 0x3c, 0x00, 0x2c, 0x20, 0x34, 0x20, 0x2c, 0xe0, 0x2b, 0xc0, 0x23, 0xa0, 0x23, 0x60, 0x6d,
    0x80, 0x75, 0x20, 0x65, 0xe0, 0x54, 0xa0, 0x44, 0x60, 0x1b, 0x20, 0x13, 0x21, 0x13, 0x62, 0x3c,
    0x03, 0x44, 0x4c, 0x6c, 0xff, 0xff, 0x00, 0x00, 0x00, 0x00, 0x00, 0x00, 0x00, 0x00, 0x00, 0x00,
    0x00, 0x00, 0x00, 0x00, 0x00, 0x00, 0x00, 0x00, 0x00, 0x00, 0xff, 0xff, 0xb8, 0xce, 0x20, 0x1b,
    0xe0, 0x2b, 0xc0, 0x02, 0x80, 0x1b, 0x00, 0x55, 0x40, 0x5d, 0x40, 0x65, 0x40, 0x65, 0x00, 0x2c,
    0xc0, 0x1b, 0xe0, 0x23, 0xe0, 0x23, 0xe0, 0x23, 0x80, 0x1b, 0x40, 0x3c, 0x00, 0x5d, 0x40, 0x6d,
    0x00, 0x5d, 0xc0, 0x4c, 0xe0, 0x4c, 0xa0, 0x23, 0x00, 0x0b, 0x61, 0x1b, 0x61, 0x13, 0xc4, 0x54,
    0x02, 0x23, 0x97, 0xce, 0xff, 0xff, 0x00, 0x00, 0x00, 0x00, 0x00, 0x00, 0x00, 0x00, 0x00, 0x00,
    0x00, 0x00, 0x00, 0x00, 0x00, 0x00, 0x00, 0x00, 0x00, 0x00, 0x00, 0x00, 0xff, 0xff, 0xa7, 0x4b,
    0x80, 0x1b, 0x41, 0x13, 0x60, 0x13, 0xa0, 0x44, 0xe0, 0x4c, 0x20, 0x5d, 0x00, 0x2c, 0x60, 0x13,
    0xa0, 0x1b, 0x80, 0x1b, 0xa0, 0x1b, 0x60, 0x13, 0x80, 0x1b, 0x00, 0x5d, 0x00, 0x5d, 0xc0, 0x4c,
    0xc0, 0x4c, 0xc0, 0x44, 0x60, 0x3c, 0x20, 0x0b, 0x82, 0x1b, 0x05, 0x34, 0x06, 0x65, 0x64, 0x54,
    0x67, 0x43, 0xfe, 0xff, 0x00, 0x00, 0x00, 0x00, 0x00, 0x00, 0x00, 0x00, 0x00, 0x00, 0x00, 0x00,
    0x00, 0x00, 0x00, 0x00, 0x00, 0x00, 0x00, 0x00, 0x00, 0x00, 0x00, 0x00, 0xff, 0xff, 0x97, 0xce,
    0xe0, 0x12, 0x00, 0x2c, 0x60, 0x13, 0x60, 0x34, 0x80, 0x3c, 0x40, 0x34, 0x20, 0x0b, 0x40, 0x13,
    0x60, 0x13, 0x60, 0x13, 0x20, 0x0b, 0x80, 0x1b, 0x80, 0x44, 0xe0, 0x4c, 0xc0, 0x4c, 0xa0, 0x44,
    0x80, 0x3c, 0x60, 0x3c, 0x41, 0x13, 0xa4, 0x23, 0x67, 0x44, 0xa7, 0x54, 0x2c, 0xa6, 0x02, 0x23,
    0x77, 0xce, 0xff, 0xff, 0x00, 0x00, 0x00, 0x00, 0x00, 0x00, 0x00, 0x00, 0x00, 0x00, 0x00, 0x00,
    0x00, 0x00, 0x00, 0x00, 0x00, 0x00, 0x00, 0x00, 0x00, 0x00, 0x00, 0x00, 0x00, 0x00, 0xff, 0xff,
    0xce, 0x84, 0xa0, 0x02, 0xa1, 0x1b, 0x20, 0x24, 0x40, 0x2c, 0x40, 0x13, 0xe0, 0x02, 0x00, 0x0b,
    0x20, 0x0b, 0x00, 0x0b, 0xe0, 0x2b, 0xc0, 0x44, 0xc0, 0x4c, 0xa0, 0x44, 0x80, 0x3c, 0x80, 0x3c,
    0x40, 0x34, 0xa1, 0x23, 0xc5, 0x2b, 0x67, 0x44, 0x67, 0x44, 0xcb, 0x8d, 0x83, 0x3b, 0xad, 0x7c,
    0xfe, 0xff, 0x00, 0x00, 0x00, 0x00, 0x00, 0x00, 0x00, 0x00, 0x00, 0x00, 0x00, 0x00, 0x00, 0x00,
    0x00, 0x00, 0x00, 0x00, 0x00, 0x00, 0x00, 0x00, 0x00, 0x00, 0x00, 0x00, 0x00, 0x00, 0x00, 0x00,
    0xff, 0xff, 0xe9, 0x53, 0x40, 0x02, 0xa2, 0x44, 0xe0, 0x23, 0xc0, 0x02, 0xe0, 0x0a, 0xe0, 0x0a,
    0x00, 0x0b, 0xa0, 0x23, 0x80, 0x3c, 0x60, 0x34, 0x40, 0x34, 0x40, 0x34, 0x60, 0x3c, 0xc1, 0x23,
    0x22, 0x13, 0x84, 0x23, 0x47, 0x44, 0xc8, 0x54, 0xaa, 0x85, 0x83, 0x33, 0xc9, 0x53, 0xfe, 0xff,
    0x00, 0x00, 0x00, 0x00, 0x00, 0x00, 0x00, 0x00, 0x00, 0x00, 0x00, 0x00, 0x00, 0x00, 0x00, 0x00,
    0x00, 0x00, 0x00, 0x00, 0x00, 0x00, 0x00, 0x00, 0x00, 0x00, 0x00, 0x00, 0x00, 0x00, 0x00, 0x00,
    0x00, 0x00, 0xff, 0xff, 0xe9, 0x5b, 0x01, 0x1b, 0x42, 0x1b, 0x21, 0x0b, 0xe0, 0x0a, 0x40, 0x13,
    0x00, 0x2c, 0x60, 0x34, 0x40, 0x2c, 0x20, 0x2c, 0x40, 0x34, 0xa1, 0x44, 0xe2, 0x2b, 0x03, 0x13,
    0x43, 0x13, 0xe5, 0x2b, 0x09, 0x6d, 0xaa, 0x85, 0x22, 0x2b, 0xc9, 0x53, 0xfd, 0xff, 0x00, 0x00,
    0x00, 0x00, 0x00, 0x00, 0x00, 0x00, 0x00, 0x00, 0x00, 0x00, 0x00, 0x00, 0x00, 0x00, 0x00, 0x00,
    0x00, 0x00, 0x00, 0x00, 0x00, 0x00, 0x00, 0x00, 0x00, 0x00, 0x00, 0x00, 0x00, 0x00, 0x00, 0x00,
    0x00, 0x00, 0x00, 0x00, 0xff, 0xff, 0xef, 0x84, 0x41, 0x0a, 0x20, 0x13, 0x41, 0x34, 0x41, 0x34,
    0x40, 0x2c, 0x00, 0x2c, 0x00, 0x2c, 0x42, 0x3c, 0x63, 0x44, 0xc4, 0x2b, 0x44, 0x13, 0x06, 0x34,
    0xe8, 0x5c, 0x69, 0x75, 0x66, 0x5c, 0xa2, 0x1a, 0xad, 0x7c, 0xfe, 0xff, 0x00, 0x00, 0x00, 0x00,
    0x00, 0x00, 0x00, 0x00, 0x00, 0x00, 0x00, 0x00, 0x00, 0x00, 0x00, 0x00, 0x00, 0x00, 0x00, 0x00,
    0x00, 0x00, 0x00, 0x00, 0x00, 0x00, 0x00, 0x00, 0x00, 0x00, 0x00, 0x00, 0x00, 0x00, 0x00, 0x00,
    0x00, 0x00, 0x00, 0x00, 0x00, 0x00, 0xff, 0xff, 0xd8, 0xde, 0xc9, 0x53, 0xc1, 0x1a, 0x60, 0x23,
    0xc1, 0x2b, 0x82, 0x1b, 0x63, 0x13, 0x84, 0x1b, 0x84, 0x1b, 0xe5, 0x33, 0xa7, 0x54, 0xc7, 0x5c,
    0x25, 0x4c, 0x23, 0x2b, 0x88, 0x4b, 0x76, 0xd6, 0xfd, 0xff, 0x00, 0x00, 0x00, 0x00, 0x00, 0x00,
    0x00, 0x00, 0x00, 0x00, 0x00, 0x00, 0x00, 0x00, 0x00, 0x00, 0x00, 0x00, 0x00, 0x00, 0x00, 0x00,
    0x00, 0x00, 0x00, 0x00, 0x00, 0x00, 0x00, 0x00, 0x00, 0x00, 0x00, 0x00, 0x00, 0x00, 0x00, 0x00,
    0x00, 0x00, 0x00, 0x00, 0x00, 0x00, 0x00, 0x00, 0xff, 0xff, 0xfd, 0xff, 0xd8, 0xde, 0xce, 0x84,
    0x46, 0x3b, 0xa3, 0x12, 0x81, 0x0a, 0x81, 0x0a, 0xe2, 0x1a, 0x23, 0x2b, 0x24, 0x33, 0x66, 0x43,
    0x8c, 0x74, 0x96, 0xd6, 0xfd, 0xff, 0xff, 0xff, 0x00, 0x00, 0x00, 0x00, 0x00, 0x00, 0x00, 0x00,
    0x00, 0x00, 0x00, 0x00, 0x00, 0x00, 0x00, 0x00, 0x00, 0x00, 0x00, 0x00, 0x00, 0x00, 0x00, 0x00,
    0x00, 0x00, 0x00, 0x00, 0x00, 0x00, 0x00, 0x00, 0x00, 0x00, 0x00, 0x00, 0x00, 0x00, 0x00, 0x00,
    0x00, 0x00, 0x00, 0x00, 0x00, 0x00, 0x00, 0x00, 0x00, 0x00, 0x00, 0x00, 0x33, 0xc6, 0xff, 0xff,
    0xfc, 0xff, 0x5a, 0xf7, 0xb7, 0xde, 0x55, 0xce, 0x55, 0xc6, 0x76, 0xce, 0x19, 0xef, 0xdb, 0xff,
    0xff, 0xff, 0xff, 0xff, 0x00, 0x00, 0x00, 0x00, 0x00, 0x00, 0x00, 0x00, 0x00, 0x00, 0x00, 0x00,
    0x00, 0x00, 0x00, 0x00, 0x00, 0x00, 0x00, 0x00, 0x00, 0x00, 0x00, 0x00, 0x00, 0x00, 0x00, 0x00,
    0x00, 0x00, 0x00, 0x00, 0x00, 0x00, 0x00, 0x00, 0x00, 0x00, 0x00, 0x00, 0x00, 0x00, 0x00, 0x00,
    0x00, 0x00, 0x00, 0x00, 0x00, 0x00, 0x00, 0x00, 0x00, 0x00, 0x00, 0x00, 0x00, 0x00, 0x00, 0x00,
    0x00, 0x00, 0x00, 0x00, 0x12, 0xc6, 0xff, 0xff, 0xff, 0xff, 0x33, 0xc6, 0x00, 0x00, 0x00, 0x00,
    0x00, 0x00, 0x00, 0x00, 0x00, 0x00, 0x00, 0x00, 0x00, 0x00, 0x00, 0x00, 0x00, 0x00, 0x00, 0x00,
    0x00, 0x00, 0x00, 0x00, 0x00, 0x00, 0x00, 0x00, 0x00, 0x00, 0x00, 0x00, 0x00, 0x00, 0x00, 0x00,
    0x00, 0x00, 0x00, 0x00, 0x00, 0x00, 0x00, 0x00, 0x00, 0x00, 0x00, 0x00, 0x00, 0x00, 0x00, 0x00,
    0x00, 0x00, 0xff, 0xff, 0xff, 0xff, 0x00, 0x00, 0x00, 0x00, 0x00, 0x00, 0x00, 0x00, 0x00, 0x00,
    0x00, 0x00, 0x00, 0x00, 0x00, 0x00, 0x00, 0x00, 0x00, 0x00, 0x00, 0x00, 0x00, 0x00, 0x00, 0x00,
    0x00, 0x00, 0x00, 0x00, 0x00, 0x00, 0xff, 0xff, 0xff, 0xff, 0xff, 0xff, 0xff, 0xff, 0xff, 0xff,
    0xff, 0xff, 0x00, 0x00, 0x00, 0x00, 0xff, 0xff, 0x00, 0x00, 0x00, 0x00, 0x00, 0x00, 0x00, 0x00,
    0x00, 0x00, 0x00, 0x00, 0x00, 0x00, 0x00, 0x00, 0x00, 0x00, 0x00, 0x00, 0xff, 0xff, 0xff, 0xff,
    0xff, 0xff, 0xff, 0xff, 0xff, 0xff, 0xff, 0xff, 0xff, 0xff, 0xff, 0xff, 0xff, 0xff, 0xff, 0xff,
    0xff, 0xff, 0x00, 0x00, 0x00, 0x00, 0x00, 0x00, 0x00, 0x00, 0x00, 0x00, 0x00, 0x00, 0x00, 0x00,
    0x00, 0x00, 0x00, 0xff, 0xff, 0xff, 0xff, 0xff, 0xff, 0xff, 0xff, 0xff, 0xff, 0xff, 0xff, 0xff,
    0xff, 0xff, 0xff, 0xff, 0xff, 0xff, 0xff, 0xff, 0xff, 0xff, 0xff, 0x00, 0x00, 0x00, 0x00, 0x00,
    0x00, 0x00, 0x00, 0x00, 0x00, 0x00, 0x00, 0x00, 0x00, 0x00, 0xff, 0xff, 0xff, 0xff, 0xff, 0xff,
    0xff, 0xff, 0xff, 0xff, 0xff, 0xff, 0xff, 0xff, 0xff, 0xff, 0xff, 0xff, 0xff, 0xff, 0xff, 0xff,
    0xff, 0xff, 0xff, 0x00, 0x00, 0x00, 0x00, 0x00, 0x00, 0x00, 0x00, 0x00, 0x00, 0x00, 0x00, 0x00,
    0x00, 0xff, 0xff, 0xff, 0xff, 0xff, 0xff, 0xff, 0xff, 0xff, 0xff, 0xff, 0xff, 0xff, 0xff, 0xff,
    0xff, 0xff, 0xff, 0xff, 0xff, 0xff, 0xff, 0xff, 0xff, 0xff, 0xff, 0x00, 0x00, 0x00, 0x00, 0x00,
    0x00, 0x00, 0x00, 0x00, 0x00, 0x00, 0x00, 0x00, 0xff, 0xff, 0xff, 0xff, 0xff, 0xff, 0xff, 0xff,
    0xff, 0xff, 0xff, 0xff, 0xff, 0xff, 0xff, 0xff, 0xff, 0xff, 0xff, 0xff, 0xff, 0xff, 0xff, 0xff,
    0xff, 0xff, 0xff, 0x00, 0x00, 0x00, 0x00, 0x00, 0x00, 0x00, 0x00, 0x00, 0x00, 0x00, 0x00, 0xff,
    0xff, 0xff, 0xff, 0xff, 0xff, 0xff, 0xff, 0xff, 0xff, 0xff, 0xff, 0xff, 0xff, 0xff, 0xff, 0xff,
    0xff, 0xff, 0xff, 0xff, 0xff, 0xff, 0xff, 0xff, 0xff, 0xff, 0x00, 0x00, 0x00, 0x00, 0x00, 0x00,
    0x00, 0x00, 0x00, 0x00, 0x00, 0x00, 0xff, 0xff, 0xff, 0xff, 0xff, 0xff, 0xff, 0xff, 0xff, 0xff,
    0xff, 0xff, 0xff, 0xff, 0xff, 0xff, 0xff, 0xff, 0xff, 0xff, 0xff, 0xff, 0xff, 0xff, 0xff, 0xff,
    0xff, 0x00, 0x00, 0x00, 0x00, 0x00, 0x00, 0x00, 0x00, 0x00, 0x00, 0x00, 0x00, 0x00, 0xff, 0xff,
    0xff, 0xff, 0xff, 0xff, 0xff, 0xff, 0xff, 0xff, 0xff, 0xff, 0xff, 0xff, 0xff, 0xff, 0xff, 0xff,
    0xff, 0xff, 0xff, 0xff, 0xff, 0xff, 0xff, 0xff, 0xff, 0xff, 0x00, 0x00, 0x00, 0x00, 0x00, 0x00,
    0x00, 0x00, 0x00, 0x00, 0x00, 0xff, 0xff, 0xff, 0xff, 0xff, 0xff, 0xff, 0xff, 0xff, 0xff, 0xff,
    0xff, 0xff, 0xff, 0xff, 0xff, 0xff, 0xff, 0xff, 0xff, 0xff, 0xff, 0xff, 0xff, 0xff, 0xff, 0xff,
    0xff, 0xff, 0xff, 0x00, 0x00, 0x00, 0x00, 0x00, 0x00, 0x00, 0x00, 0x00, 0x00, 0xff, 0xff, 0xff,
    0xff, 0xff, 0xff, 0xff, 0xff, 0xff, 0xff, 0xff, 0xff, 0xff, 0xff, 0xff, 0xff, 0xff, 0xff, 0xff,
    0xff, 0xff, 0xff, 0xff, 0xff, 0xff, 0xff, 0xff, 0xff, 0xff, 0xff, 0x00, 0x00, 0x00, 0x00, 0x00,
    0x00, 0x00, 0x00, 0x00, 0x00, 0xff, 0xff, 0xff, 0xff, 0xff, 0xff, 0xff, 0xff, 0xff, 0xff, 0xff,
    0xff, 0xff, 0xff, 0xff, 0xff, 0xff, 0xff, 0xff, 0xff, 0xff, 0xff, 0xff, 0xff, 0xff, 0xff, 0xff,
    0xff, 0xff, 0xff, 0x00, 0x00, 0x00, 0x00, 0x00, 0x00, 0x00, 0x00, 0x00, 0x00, 0xff, 0xff, 0xff,
    0xff, 0xff, 0xff, 0xff, 0xff, 0xff, 0xff, 0xff, 0xff, 0xff, 0xff, 0xff, 0xff, 0xff, 0xff, 0xff,
    0xff, 0xff, 0xff, 0xff, 0xff, 0xff, 0xff, 0xff, 0xff, 0xff, 0xff, 0x00, 0x00, 0x00, 0x00, 0x00,
    0x00, 0x00, 0x00, 0x00, 0xff, 0xff, 0xff, 0xff, 0xff, 0xff, 0xff, 0xff, 0xff, 0xff, 0xff, 0xff,
    0xff, 0xff, 0xff, 0xff, 0xff, 0xff, 0xff, 0xff, 0xff, 0xff, 0xff, 0xff, 0xff, 0xff, 0xff, 0xff,
    0xff, 0xff, 0xff, 0xff, 0x00, 0x00, 0x00, 0x00, 0x00, 0x00, 0x00, 0x00, 0xff, 0xff, 0xff, 0xff,
    0xff, 0xff, 0xff, 0xff, 0xff, 0xff, 0xff, 0xff, 0xff, 0xff, 0xff, 0xff, 0xff, 0xff, 0xff, 0xff,
    0xff, 0xff, 0xff, 0xff, 0xff, 0xff, 0xff, 0xff, 0xff, 0xff, 0xff, 0xff, 0x00, 0x00, 0x00, 0x00,
    0x00, 0x00, 0x00, 0x00, 0xff, 0xff, 0xff, 0xff, 0xff, 0xff, 0xff, 0xff, 0xff, 0xff, 0xff, 0xff,
    0xff, 0xff, 0xff, 0xff, 0xff, 0xff, 0xff, 0xff, 0xff, 0xff, 0xff, 0xff, 0xff, 0xff, 0xff, 0xff,
    0xff, 0xff, 0xff, 0xff, 0x00, 0x00, 0x00, 0x00, 0x00, 0x00, 0x00, 0x00, 0xff, 0xff, 0xff, 0xff,
    0xff, 0xff, 0xff, 0xff, 0xff, 0xff, 0xff, 0xff, 0xff, 0xff, 0xff, 0xff, 0xff, 0xff, 0xff, 0xff,
    0xff, 0xff, 0xff, 0xff, 0xff, 0xff, 0xff, 0xff, 0xff, 0xff, 0xff, 0xff, 0x00, 0x00, 0x00, 0x00,
    0x00, 0x00, 0x00, 0x00, 0x00, 0xff, 0xff, 0xff, 0xff, 0xff, 0xff, 0xff, 0xff, 0xff, 0xff, 0xff,
    0xff, 0xff, 0xff, 0xff, 0xff, 0xff, 0xff, 0xff, 0xff, 0xff, 0xff, 0xff, 0xff, 0xff, 0xff, 0xff,
    0xff, 0xff, 0xff, 0x00, 0x00, 0x00, 0x00, 0x00, 0x00, 0x00, 0x00, 0x00, 0x00, 0xff, 0xff, 0xff,
    0xff, 0xff, 0xff, 0xff, 0xff, 0xff, 0xff, 0xff, 0xff, 0xff, 0xff, 0xff, 0xff, 0xff, 0xff, 0xff,
    0xff, 0xff, 0xff, 0xff, 0xff, 0xff, 0xff, 0xff, 0xff, 0xff, 0xff, 0x00, 0x00, 0x00, 0x00, 0x00,
    0x00, 0x00, 0x00, 0x00, 0x00, 0xff, 0xff, 0xff, 0xff, 0xff, 0xff, 0xff, 0xff, 0xff, 0xff, 0xff,
    0xff, 0xff, 0xff, 0xff, 0xff, 0xff, 0xff, 0xff, 0xff, 0xff, 0xff, 0xff, 0xff, 0xff, 0xff, 0xff,
    0xff, 0xff, 0xff, 0x00, 0x00, 0x00, 0x00, 0x00, 0x00, 0x00, 0x00, 0x00, 0x00, 0xff, 0xff, 0xff,
    0xff, 0xff, 0xff, 0xff, 0xff, 0xff, 0xff, 0xff, 0xff, 0xff, 0xff, 0xff, 0xff, 0xff, 0xff, 0xff,
    0xff, 0xff, 0xff, 0xff, 0xff, 0xff, 0xff, 0xff, 0xff, 0xff, 0xff, 0x00, 0x00, 0x00, 0x00, 0x00,
    0x00, 0x00, 0x00, 0x00, 0x00, 0x00, 0xff, 0xff, 0xff, 0xff, 0xff, 0xff, 0xff, 0xff, 0xff, 0xff,
    0xff, 0xff, 0xff, 0xff, 0xff, 0xff, 0xff, 0xff, 0xff, 0xff, 0xff, 0xff, 0xff, 0xff, 0xff, 0xff,
    0xff, 0xff, 0x00, 0x00, 0x00, 0x00, 0x00, 0x00, 0x00, 0x00, 0x00, 0x00, 0x00, 0x00, 0xff, 0xff,
    0xff, 0xff, 0xff, 0xff, 0xff, 0xff, 0xff, 0xff, 0xff, 0xff, 0xff, 0xff, 0xff, 0xff, 0xff, 0xff,
    0xff, 0xff, 0xff, 0xff, 0xff, 0xff, 0xff, 0xff, 0xff, 0xff, 0x00, 0x00, 0x00, 0x00, 0x00, 0x00,
    0x00, 0x00, 0x00, 0x00, 0x00, 0x00, 0x00, 0xff, 0xff, 0xff, 0xff, 0xff, 0xff, 0xff, 0xff, 0xff,
    0xff, 0xff, 0xff, 0xff, 0xff, 0xff, 0xff, 0xff, 0xff, 0xff, 0xff, 0xff, 0xff, 0xff, 0xff, 0xff,
    0xff, 0x00, 0x00, 0x00, 0x00, 0x00, 0x00, 0x00, 0x00, 0x00, 0x00, 0x00, 0x00, 0x00, 0x00, 0x00,
    0xff, 0xff, 0xff, 0xff, 0xff, 0xff, 0xff, 0xff, 0xff, 0xff, 0xff, 0xff, 0xff, 0xff, 0xff, 0xff,
    0xff, 0xff, 0xff, 0xff, 0xff, 0xff, 0xff, 0xff, 0x00, 0x00, 0x00, 0x00, 0x00, 0x00, 0x00, 0x00,
    0x00, 0x00, 0x00, 0x00, 0x00, 0x00, 0x00, 0x00, 0x00, 0xff, 0xff, 0xff, 0xff, 0xff, 0xff, 0xff,
    0xff, 0xff, 0xff, 0xff, 0xff, 0xff, 0xff, 0xff, 0xff, 0xff, 0xff, 0xff, 0xff, 0xff, 0xff, 0x00,
    0x00, 0x00, 0x00, 0x00, 0x00, 0x00, 0x00, 0x00, 0x00, 0x00, 0x00, 0x00, 0x00, 0x00, 0x00, 0x00,
    0x00, 0x00, 0xff, 0xff, 0xff, 0xff, 0xff, 0xff, 0xff, 0xff, 0xff, 0xff, 0xff, 0xff, 0xff, 0xff,
    0xff, 0xff, 0xff, 0xff, 0xff, 0xff, 0x00, 0x00, 0x00, 0x00, 0x00, 0x00, 0x00, 0x00, 0x00, 0x00,
    0x00, 0x00, 0x00, 0x00, 0x00, 0x00, 0x00, 0x00, 0x00, 0x00, 0x00, 0xff, 0xff, 0xff, 0xff, 0xff,
    0xff, 0xff, 0xff, 0xff, 0xff, 0xff, 0xff, 0xff, 0xff, 0xff, 0xff, 0xff, 0xff, 0x00, 0x00, 0x00,
    0x00, 0x00, 0x00, 0x00, 0x00, 0x00, 0x00, 0x00, 0x00, 0x00, 0x00, 0x00, 0x00, 0x00, 0x00, 0x00,
    0x00, 0x00, 0x00, 0x00, 0xff, 0xff, 0xff, 0xff, 0xff, 0xff, 0xff, 0xff, 0xff, 0xff, 0xff, 0xff,
    0xff, 0xff, 0xff, 0xff, 0x00, 0x00, 0x00, 0x00, 0x00, 0x00, 0x00, 0x00, 0x00, 0x00, 0x00, 0x00,
    0x00, 0x00, 0x00, 0x00, 0x00, 0x00, 0x00, 0x00, 0x00, 0x00, 0x00, 0x00, 0x00, 0x00, 0xff, 0xff,
    0xff, 0xff, 0xff, 0xff, 0xff, 0xff, 0xff, 0xff, 0xff, 0xff, 0x00, 0x00, 0x00, 0x00, 0x00, 0x00,
    0x00, 0x00, 0x00, 0x00, 0x00, 0x00, 0x00, 0x00, 0x00, 0x00, 0x00, 0x00, 0x00, 0x00, 0x00, 0x00,
    0x00, 0x00, 0x00, 0x00, 0x00, 0x00, 0x00, 0x00, 0x00, 0x00, 0xff, 0xff, 0xff, 0xff, 0x00, 0x00,
    0x00, 0x00, 0x00, 0x00, 0x00, 0x00, 0x00, 0x00, 0x00, 0x00, 0x00, 0x00, 0x00, 0x00, 0x00, 0x00,
};

static const LV_ATTRIBUTE_MEM_ALIGN uint8_t app_farm_haz_weed_map[] = {
    0x00, 0x00, 0x00, 0x00, 0x00, 0x00, 0x00, 0x00, 0x00, 0x00, 0x00, 0x00, 0x00, 0x00, 0x00, 0x00,
    0x00, 0x00, 0x00, 0x00, 0x00, 0x00, 0x00, 0x00, 0x00, 0x00, 0x00, 0x00, 0x00, 0x00, 0x00, 0x00,
    0x00, 0x00, 0x00, 0x00, 0x00, 0x00, 0x00, 0x00, 0x00, 0x00, 0x00, 0x00, 0x00, 0x00, 0x00, 0x00,
    0x00, 0x00, 0x00, 0x00, 0x00, 0x00, 0xff, 0xff, 0x55, 0xa6, 0xf1, 0x95, 0x12, 0x9e, 0xff, 0xff,
    0xff, 0xff, 0x00, 0x00, 0x00, 0x00, 0x00, 0x00, 0x00, 0x00, 0x00, 0x00, 0x00, 0x00, 0x00, 0x00,
    0x00, 0x00, 0x00, 0x00, 0x00, 0x00, 0x00, 0x00, 0x00, 0x00, 0x00, 0x00, 0xbc, 0xe7, 0xa6, 0x54,
    0xc3, 0x8d, 0x21, 0x96, 0xa0, 0x6d, 0x41, 0x44, 0x56, 0xae, 0xff, 0xff, 0x00, 0x00, 0x00, 0x00,
    0x00, 0x00, 0x00, 0x00, 0x00, 0x00, 0x00, 0x00, 0x00, 0x00, 0x00, 0x00, 0x00, 0x00, 0x00, 0x00,
    0x00, 0x00, 0xff, 0xff, 0xc8, 0x5c, 0xa3, 0xb6, 0x87, 0xef, 0xc1, 0xa6, 0xa0, 0x96, 0x80, 0x8e,
    0x20, 0x34, 0xff, 0xff, 0x00, 0x00, 0x00, 0x00, 0x00, 0x00, 0x00, 0x00, 0x00, 0x00, 0x00, 0x00,
    0x00, 0x00, 0x00, 0x00, 0x00, 0x00, 0x00, 0x00, 0x00, 0x00, 0x00, 0x00, 0x22, 0x6d, 0x23, 0xc7,
    0x61, 0x8e, 0x40, 0x86, 0xa0, 0xa6, 0x80, 0x8e, 0x40, 0x4d, 0x6f, 0x85, 0x00, 0x00, 0x00, 0x00,
    0x00, 0x00, 0x00, 0x00, 0x00, 0x00, 0x00, 0x00, 0x00, 0x00, 0x00, 0x00, 0x00, 0x00, 0x00, 0x00,
    0x00, 0x00, 0x95, 0xae, 0x40, 0x5d, 0xe1, 0xb6, 0x40, 0x86, 0x00, 0x6e, 0xa0, 0x9e, 0x40, 0x7e,
    0x40, 0x3d, 0xec, 0x6c, 0x00, 0x00, 0x00, 0x00, 0x00, 0x00, 0x00, 0x00, 0x00, 0x00, 0x00, 0x00,
    0x00, 0x00, 0x00, 0x00, 0x00, 0x00, 0x00, 0x00, 0x5c, 0xef, 0xb9, 0xce, 0xc0, 0x44, 0x80, 0x86,
    0x40, 0x86, 0xc0, 0x4d, 0x40, 0x86, 0x40, 0x7e, 0xa0, 0x2c, 0x50, 0x8d, 0x9e, 0xf7, 0x00, 0x00,
    0x00, 0x00, 0x00, 0x00, 0x00, 0x00, 0x00, 0x00, 0x00, 0x00, 0x00, 0x00, 0xff, 0xff, 0x76, 0xae,
    0x2d, 0x75, 0xcc, 0x6c, 0x63, 0x23, 0x60, 0x45, 0xc0, 0x4d, 0x60, 0x3d, 0xc0, 0x55, 0x80, 0x35,
    0x41, 0x13, 0x4b, 0x5c, 0x4e, 0x85, 0x97, 0xbe, 0xff, 0xff, 0x00, 0x00, 0x00, 0x00, 0x00, 0x00,
    0x00, 0x00, 0xff, 0xff, 0x2e, 0x75, 0x01, 0x6d, 0x21, 0x8e, 0x00, 0x7e, 0x40, 0x5d, 0x40, 0x34,
    0xe0, 0x2c, 0xe0, 0x24, 0x00, 0x25, 0x20, 0x24, 0xc1, 0x54, 0xc0, 0x75, 0xa0, 0x6d, 0x60, 0x3c,
    0x2f, 0x7d, 0xff, 0xff, 0x00, 0x00, 0x00, 0x00, 0x00, 0x00, 0xd8, 0xc6, 0xe1, 0x5c, 0xc6, 0xef,
    0xc2, 0xae, 0x20, 0x7e, 0x20, 0x6e, 0x40, 0x3d, 0x20, 0x1c, 0x20, 0x0c, 0x00, 0x14, 0x20, 0x45,
    0x60, 0x7e, 0x81, 0x96, 0x60, 0x86, 0xa0, 0x86, 0x40, 0x34, 0xb8, 0xc6, 0x00, 0x00, 0x00, 0x00,
    0x00, 0x00, 0xb0, 0x8d, 0xa0, 0x6d, 0xa2, 0xa6, 0x40, 0x8e, 0xc0, 0x65, 0x60, 0x45, 0x20, 0x2d,
    0xa0, 0x1c, 0xe0, 0x0b, 0x80, 0x1c, 0x20, 0x35, 0x60, 0x4d, 0xc0, 0x5d, 0x40, 0x8e, 0x60, 0x8e,
    0x20, 0x45, 0x6f, 0x85, 0x00, 0x00, 0x00, 0x00, 0x00, 0x00, 0xb0, 0x8d, 0x40, 0x4d, 0x00, 0x6e,
    0xe0, 0x65, 0x41, 0x8e, 0x20, 0x86, 0xc0, 0x5d, 0x20, 0x2d, 0x80, 0x0b, 0x00, 0x35, 0x00, 0x76,
    0x61, 0x96, 0x20, 0x7e, 0xc0, 0x5d, 0xe0, 0x5d, 0x00, 0x3d, 0x6f, 0x85, 0x00, 0x00, 0x00, 0x00,
    0x00, 0x00, 0xf9, 0xce, 0xe0, 0x1b, 0xc0, 0x4d, 0xe0, 0x65, 0x80, 0xa6, 0x20, 0x7e, 0xe0, 0x55,
    0x20, 0x1c, 0xc1, 0x02, 0x00, 0x24, 0x00, 0x5e, 0x60, 0x96, 0x20, 0x86, 0xc0, 0x5d, 0xa0, 0x45,
    0xc0, 0x1b, 0x97, 0xc6, 0x00, 0x00, 0x00, 0x00, 0x00, 0x00, 0xff, 0xff, 0x51, 0x85, 0x00, 0x1c,
    0x00, 0x5e, 0x20, 0x6e, 0xc0, 0x45, 0x80, 0x1c, 0x45, 0x2b, 0x81, 0x13, 0x24, 0x1b, 0x20, 0x24,
    0xc0, 0x4d, 0xe0, 0x55, 0xe0, 0x4d, 0x60, 0x1c, 0xad, 0x6c, 0xff, 0xff, 0x00, 0x00, 0x00, 0x00,
    0x00, 0x00, 0x00, 0x00, 0xff, 0xff, 0x0e, 0x75, 0xc0, 0x1b, 0x20, 0x1c, 0xc1, 0x1b, 0xad, 0x74,
    0x71, 0x95, 0xc0, 0x13, 0x2f, 0x85, 0x72, 0x95, 0xa2, 0x23, 0x20, 0x1c, 0xe0, 0x13, 0x08, 0x44,
    0xff, 0xff, 0x00, 0x00, 0x00, 0x00, 0x00, 0x00, 0x00, 0x00, 0x00, 0x00, 0x00, 0x00, 0xff, 0xff,
    0xff, 0xff, 0x00, 0x00, 0x77, 0xce, 0x9d, 0xff, 0xc9, 0x64, 0x60, 0x2c, 0x92, 0x95, 0xff, 0xff,
    0xff, 0xff, 0x00, 0x00, 0x00, 0x00, 0xff, 0xff, 0x00, 0x00, 0x00, 0x00, 0x00, 0x00, 0x00, 0x00,
    0x00, 0x00, 0x00, 0x00, 0x00, 0x00, 0x00, 0x00, 0x00, 0x00, 0x00, 0x00, 0xff, 0xff, 0xf3, 0xa5,
    0x61, 0x6d, 0x21, 0x34, 0x00, 0x00, 0x00, 0x00, 0x00, 0x00, 0x00, 0x00, 0x00, 0x00, 0x00, 0x00,
    0x00, 0x00, 0x00, 0x00, 0x00, 0x00, 0x00, 0x00, 0x00, 0x00, 0x00, 0x00, 0x00, 0x00, 0x00, 0x00,
    0x00, 0x00, 0x00, 0x00, 0xff, 0xff, 0x68, 0x4c, 0x00, 0x1c, 0x6a, 0x5c, 0xff, 0xff, 0x00, 0x00,
    0x00, 0x00, 0x00, 0x00, 0x00, 0x00, 0x00, 0x00, 0x00, 0x00, 0x00, 0x00, 0x00, 0x00, 0x00, 0x00,
    0x00, 0x00, 0x00, 0x00, 0x00, 0x00, 0x00, 0x00, 0x00, 0x00, 0x00, 0x00, 0x00, 0x00, 0x5a, 0xdf,
    0xef, 0x7c, 0xbb, 0xf7, 0x00, 0x00, 0x00, 0x00, 0x00, 0x00, 0x00, 0x00, 0x00, 0x00, 0x00, 0x00,
    0x00, 0x00, 0x00, 0x00, 0x00, 0x00, 0x00, 0x00, 0x00, 0x00, 0x00, 0x00, 0x00, 0x00, 0x00, 0x00,
    0x00, 0x00, 0x00, 0x00, 0x00, 0x00, 0x00, 0x00, 0x00, 0x00, 0x00, 0x00, 0x00, 0x00, 0x00, 0x00,
    0x00, 0x00, 0x00, 0x00, 0x00, 0x00, 0x00, 0x00, 0x00, 0x00, 0x00, 0x00, 0x00, 0x00, 0x00, 0x00,
    0x00, 0x00, 0x00, 0x00, 0x00, 0x00, 0x00, 0x00, 0x00, 0x00, 0x00, 0x00, 0x00, 0x00, 0x00, 0x00,
    0x00, 0x00, 0x00, 0x00, 0x00, 0x00, 0x00, 0x00, 0x00, 0x00, 0x00, 0xff, 0xff, 0xff, 0xff, 0xff,
    0xff, 0x00, 0x00, 0x00, 0x00, 0x00, 0x00, 0x00, 0x00, 0x00, 0x00, 0x00, 0x00, 0x00, 0xff, 0xff,
    0xff, 0xff, 0xff, 0xff, 0xff, 0xff, 0x00, 0x00, 0x00, 0x00, 0x00, 0x00, 0x00, 0x00, 0x00, 0x00,
    0x00, 0xff, 0xff, 0xff, 0xff, 0xff, 0xff, 0xff, 0xff, 0xff, 0x00, 0x00, 0x00, 0x00, 0x00, 0x00,
    0x00, 0x00, 0x00, 0x00, 0x00, 0x00, 0xff, 0xff, 0xff, 0xff, 0xff, 0xff, 0xff, 0xff, 0x00, 0x00,
    0x00, 0x00, 0x00, 0x00, 0x00, 0x00, 0x00, 0x00, 0x00, 0xff, 0xff, 0xff, 0xff, 0xff, 0xff, 0xff,
    0xff, 0xff, 0x00, 0x00, 0x00, 0x00, 0x00, 0x00, 0x00, 0x00, 0x00, 0x00, 0xff, 0xff, 0xff, 0xff,
    0xff, 0xff, 0xff, 0xff, 0xff, 0xff, 0xff, 0x00, 0x00, 0x00, 0x00, 0x00, 0x00, 0x00, 0xff, 0xff,
    0xff, 0xff, 0xff, 0xff, 0xff, 0xff, 0xff, 0xff, 0xff, 0xff, 0xff, 0xff, 0xff, 0x00, 0x00, 0x00,
    0x00, 0xff, 0xff, 0xff, 0xff, 0xff, 0xff, 0xff, 0xff, 0xff, 0xff, 0xff, 0xff, 0xff, 0xff, 0xff,
    0xff, 0xff, 0x00, 0x00, 0x00, 0xff, 0xff, 0xff, 0xff, 0xff, 0xff, 0xff, 0xff, 0xff, 0xff, 0xff,
    0xff, 0xff, 0xff, 0xff, 0xff, 0xff, 0x00, 0x00, 0x00, 0xff, 0xff, 0xff, 0xff, 0xff, 0xff, 0xff,
    0xff, 0xff, 0xff, 0xff, 0xff, 0xff, 0xff, 0xff, 0xff, 0xff, 0x00, 0x00, 0x00, 0xff, 0xff, 0xff,
    0xff, 0xff, 0xff, 0xff, 0xff, 0xff, 0xff, 0xff, 0xff, 0xff, 0xff, 0xff, 0xff, 0xff, 0x00, 0x00,
    0x00, 0xff, 0xff, 0xff, 0xff, 0xff, 0xff, 0xff, 0xff, 0xff, 0xff, 0xff, 0xff, 0xff, 0xff, 0xff,
    0xff, 0xff, 0x00, 0x00, 0x00, 0xff, 0xff, 0xff, 0xff, 0xff, 0xff, 0xff, 0xff, 0xff, 0xff, 0xff,
    0xff, 0xff, 0xff, 0xff, 0xff, 0xff, 0x00, 0x00, 0x00, 0x00, 0xff, 0xff, 0xff, 0xff, 0xff, 0xff,
    0xff, 0xff, 0xff, 0xff, 0xff, 0xff, 0xff, 0xff, 0xff, 0x00, 0x00, 0x00, 0x00, 0x00, 0x00, 0xff,
    0xff, 0x00, 0xff, 0xff, 0xff, 0xff, 0xff, 0xff, 0xff, 0x00, 0x00, 0xff, 0x00, 0x00, 0x00, 0x00,
    0x00, 0x00, 0x00, 0x00, 0x00, 0x00, 0xff, 0xff, 0xff, 0xff, 0x00, 0x00, 0x00, 0x00, 0x00, 0x00,
    0x00, 0x00, 0x00, 0x00, 0x00, 0x00, 0x00, 0x00, 0x00, 0x00, 0xff, 0xff, 0xff, 0xff, 0xff, 0x00,
    0x00, 0x00, 0x00, 0x00, 0x00, 0x00, 0x00, 0x00, 0x00, 0x00, 0x00, 0x00, 0x00, 0x00, 0x00, 0xff,
    0xff, 0xff, 0x00, 0x00, 0x00, 0x00, 0x00, 0x00, 0x00, 0x00, 0x00, 0x00, 0x00, 0x00, 0x00, 0x00,
    0x00, 0x00, 0x00, 0x00, 0x00, 0x00, 0x00, 0x00, 0x00, 0x00, 0x00, 0x00, 0x00, 0x00, 0x00, 0x00,
};

static const LV_ATTRIBUTE_MEM_ALIGN uint8_t app_farm_haz_pest_map[] = {
    0x00, 0x00, 0x00, 0x00, 0x00, 0x00, 0x00, 0x00, 0x00, 0x00, 0x00, 0x00, 0x00, 0x00, 0x00, 0x00,
    0x00, 0x00, 0x00, 0x00, 0x00, 0x00, 0x00, 0x00, 0x00, 0x00, 0x00, 0x00, 0x00, 0x00, 0x00, 0x00,
    0x00, 0x00, 0x00, 0x00, 0x00, 0x00, 0x00, 0x00, 0x00, 0x00, 0x00, 0x00, 0x00, 0x00, 0x00, 0x00,
    0x00, 0x00, 0x00, 0x00, 0x00, 0x00, 0x00, 0x00, 0x00, 0x00, 0x00, 0x00, 0x00, 0x00, 0x00, 0x00,
    0x00, 0x00, 0x00, 0x00, 0x00, 0x00, 0x00, 0x00, 0x00, 0x00, 0x00, 0x00, 0x00, 0x00, 0x00, 0x00,
    0x00, 0x00, 0x00, 0x00, 0x00, 0x00, 0x00, 0x00, 0x00, 0x00, 0x00, 0x00, 0x00, 0x00, 0xff, 0xff,
    0xff, 0xff, 0x11, 0xc5, 0x0d, 0xa4, 0x2d, 0xb4, 0x31, 0xd5, 0xff, 0xff, 0xff, 0xff, 0x00, 0x00,
    0x00, 0x00, 0x00, 0x00, 0x00, 0x00, 0x00, 0x00, 0x00, 0x00, 0x00, 0x00, 0x00, 0x00, 0x00, 0x00,
    0x00, 0x00, 0x00, 0x00, 0xff, 0xff, 0x87, 0xcb, 0x62, 0xba, 0x62, 0x49, 0xc0, 0x28, 0x20, 0x79,
    0xa0, 0xd1, 0x80, 0xb1, 0x6a, 0xab, 0xff, 0xff, 0x00, 0x00, 0x00, 0x00, 0x00, 0x00, 0x00, 0x00,
    0x00, 0x00, 0x00, 0x00, 0x00, 0x00, 0x00, 0x00, 0xff, 0xff, 0x31, 0xcd, 0x64, 0xd3, 0xca, 0xfc,
    0xe5, 0xfb, 0x82, 0xca, 0x01, 0xb2, 0x61, 0xe2, 0x40, 0xf2, 0xe0, 0xd9, 0x20, 0xb9, 0xe3, 0x99,
    0xff, 0xff, 0x00, 0x00, 0x00, 0x00, 0x00, 0x00, 0x00, 0x00, 0x00, 0x00, 0x00, 0x00, 0xff, 0xff,
    0x72, 0xcd, 0x03, 0xdb, 0xcf, 0xfd, 0x72, 0xfe, 0xe5, 0xf3, 0x04, 0xdb, 0x48, 0xf4, 0x22, 0xfb,
    0x41, 0xda, 0x01, 0x39, 0xc1, 0x28, 0xe0, 0x90, 0x86, 0x9a, 0xff, 0xff, 0x00, 0x00, 0x00, 0x00,
    0x00, 0x00, 0xff, 0xff, 0x53, 0xb5, 0xd1, 0xac, 0x87, 0xd3, 0xe2, 0xfa, 0xc5, 0xf3, 0x42, 0xf3,
    0x62, 0xca, 0xe6, 0xf3, 0x2c, 0xfd, 0x01, 0xfb, 0x61, 0xca, 0xe2, 0x28, 0xa1, 0x10, 0xc1, 0x30,
    0xe0, 0xa0, 0x73, 0xc5, 0x00, 0x00, 0x00, 0x00, 0x00, 0x00, 0xff, 0xff, 0xe5, 0x41, 0x83, 0x41,
    0xc3, 0xea, 0x20, 0xf2, 0x80, 0xfa, 0x00, 0xca, 0x61, 0xea, 0xc2, 0xda, 0x61, 0xca, 0xe1, 0xf2,
    0xa1, 0xfa, 0x81, 0x89, 0xa1, 0x20, 0x00, 0x61, 0x40, 0xc1, 0xc8, 0x9a, 0x00, 0x00, 0x00, 0x00,
    0x00, 0x00, 0x00, 0x00, 0xff, 0xff, 0x05, 0x62, 0x41, 0x61, 0x44, 0x8a, 0xa3, 0x71, 0x60, 0x91,
    0x20, 0xd2, 0x06, 0x4a, 0x84, 0x31, 0x60, 0xda, 0x81, 0xf2, 0x40, 0xf2, 0xe0, 0xd1, 0xa0, 0xd1,
    0x40, 0xb9, 0xc3, 0x91, 0xff, 0xff, 0x00, 0x00, 0x00, 0x00, 0x00, 0x00, 0xff, 0xff, 0x42, 0x41,
    0xe9, 0x6a, 0x2d, 0x9c, 0x46, 0x5a, 0xc4, 0x41, 0x62, 0x49, 0x81, 0x81, 0xa1, 0x91, 0x60, 0xf2,
    0x40, 0xf2, 0x00, 0xe2, 0xc0, 0xe1, 0x40, 0xa9, 0xa0, 0x28, 0x42, 0x71, 0xff, 0xff, 0x00, 0x00,
    0x00, 0x00, 0x00, 0x00, 0x2e, 0x8c, 0xc8, 0x62, 0x67, 0x62, 0x67, 0x6a, 0x26, 0x5a, 0xa4, 0x41,
    0xe2, 0x20, 0xa0, 0xb1, 0x40, 0xfa, 0xa0, 0xb1, 0x21, 0x61, 0x60, 0xb1, 0xa0, 0xd9, 0xe0, 0x58,
    0x60, 0x00, 0x83, 0x69, 0xff, 0xff, 0x00, 0x00, 0x00, 0x00, 0xff, 0xff, 0x4f, 0x94, 0xb0, 0x9c,
    0x84, 0x39, 0xc5, 0x49, 0x06, 0x4a, 0x0a, 0x6b, 0xa5, 0x31, 0xe1, 0x40, 0xa0, 0xc9, 0xe1, 0x30,
    0x81, 0x08, 0xa0, 0x38, 0x60, 0xc1, 0xc0, 0x58, 0xa1, 0x30, 0xe5, 0x71, 0xff, 0xff, 0x00, 0x00,
    0x00, 0x00, 0xff, 0xff, 0xcc, 0x83, 0x84, 0x39, 0x64, 0x31, 0x84, 0x39, 0x93, 0xbd, 0xf1, 0xa4,
    0xc5, 0x39, 0xc1, 0x28, 0x20, 0xa1, 0xa0, 0x30, 0x60, 0x00, 0xc0, 0x50, 0x20, 0xb1, 0x61, 0xb1,
    0x82, 0x89, 0x40, 0x10, 0x8c, 0x7b, 0x00, 0x00, 0x00, 0x00, 0xff, 0xff, 0x64, 0x31, 0xa5, 0x39,
    0x84, 0x39, 0xc5, 0x41, 0x93, 0xbd, 0x02, 0x29, 0x02, 0x21, 0xc2, 0x20, 0x20, 0xa1, 0x40, 0xa1,
    0x00, 0x81, 0x40, 0xb1, 0x40, 0xa9, 0xa0, 0x68, 0xa8, 0x6a, 0xcf, 0xb4, 0xf4, 0xcd, 0x00, 0x00,
    0xff, 0xff, 0x8c, 0x7b, 0x63, 0x31, 0x43, 0x31, 0x81, 0x10, 0xc2, 0x18, 0x67, 0x52, 0xe5, 0x49,
    0x81, 0x10, 0x80, 0x10, 0xa0, 0x40, 0xc0, 0x70, 0xe0, 0x78, 0x01, 0x61, 0xe5, 0x61, 0x26, 0x4a,
    0x40, 0x08, 0xff, 0xff, 0x00, 0x00, 0x00, 0x00, 0x00, 0x00, 0xff, 0xff, 0xff, 0xff, 0xd3, 0xcd,
    0x4a, 0x7b, 0xa4, 0x39, 0x02, 0x21, 0x43, 0x29, 0xa8, 0x62, 0x84, 0x39, 0xc1, 0x10, 0x47, 0x52,
    0xc5, 0x39, 0x81, 0x08, 0xcf, 0xac, 0xff, 0xff, 0x73, 0xbd, 0xff, 0xff, 0x00, 0x00, 0x00, 0x00,
    0x00, 0x00, 0x00, 0x00, 0x00, 0x00, 0x00, 0x00, 0x00, 0x00, 0x72, 0xc5, 0x51, 0xbd, 0xf4, 0xdd,
    0x8e, 0xa4, 0x80, 0x18, 0x8b, 0x83, 0xff, 0xff, 0xb2, 0xd5, 0xe2, 0x20, 0x52, 0xbd, 0x00, 0x00,
    0x00, 0x00, 0x00, 0x00, 0x00, 0x00, 0x00, 0x00, 0x00, 0x00, 0x00, 0x00, 0x00, 0x00, 0x00, 0x00,
    0x00, 0x00, 0x00, 0x00, 0x00, 0x00, 0x00, 0x00, 0x73, 0xb5, 0x4b, 0x73, 0xff, 0xff, 0x00, 0x00,
    0x00, 0x00, 0xff, 0xff, 0x00, 0x00, 0x00, 0x00, 0x00, 0x00, 0x00, 0x00, 0x00, 0x00, 0x00, 0x00,
    0x00, 0x00, 0x00, 0x00, 0x00, 0x00, 0x00, 0x00, 0x00, 0x00, 0x00, 0x00, 0x00, 0x00, 0x00, 0x00,
    0x00, 0x00, 0x00, 0x00, 0x00, 0x00, 0x00, 0x00, 0x00, 0x00, 0x00, 0x00, 0x00, 0x00, 0x00, 0x00,
    0x00, 0x00, 0x00, 0x00, 0x00, 0x00, 0x00, 0x00, 0x00, 0x00, 0x00, 0x00, 0x00, 0x00, 0x00, 0x00,
    0x00, 0x00, 0x00, 0x00, 0x00, 0x00, 0x00, 0x00, 0x00, 0x00, 0x00, 0x00, 0x00, 0x00, 0x00, 0x00,
    0x00, 0x00, 0x00, 0x00, 0x00, 0x00, 0x00, 0x00, 0x00, 0x00, 0x00, 0x00, 0x00, 0x00, 0x00, 0x00,
    0x00, 0x00, 0x00, 0x00, 0x00, 0x00, 0x00, 0x00, 0x00, 0x00, 0x00, 0x00, 0x00, 0x00, 0x00, 0x00,
    0x00, 0x00, 0x00, 0x00, 0x00, 0x00, 0x00, 0x00, 0x00, 0x00, 0x00, 0x00, 0x00, 0x00, 0x00, 0x00,
    0x00, 0x00, 0x00, 0x00, 0x00, 0x00, 0x00, 0x00, 0x00, 0x00, 0x00, 0x00, 0x00, 0x00, 0x00, 0xff,
    0xff, 0xff, 0xff, 0xff, 0xff, 0xff, 0xff, 0x00, 0x00, 0x00, 0x00, 0x00, 0x00, 0x00, 0x00, 0x00,
    0x00, 0x00, 0xff, 0xff, 0xff, 0xff, 0xff, 0xff, 0xff, 0xff, 0xff, 0xff, 0x00, 0x00, 0x00, 0x00,
    0x00, 0x00, 0x00, 0x00, 0xff, 0xff, 0xff, 0xff, 0xff, 0xff, 0xff, 0xff, 0xff, 0xff, 0xff, 0xff,
    0xff, 0x00, 0x00, 0x00, 0x00, 0x00, 0x00, 0xff, 0xff, 0xff, 0xff, 0xff, 0xff, 0xff, 0xff, 0xff,
    0xff, 0xff, 0xff, 0xff, 0xff, 0xff, 0x00, 0x00, 0x00, 0xff, 0xff, 0xff, 0xff, 0xff, 0xff, 0xff,
    0xff, 0xff, 0xff, 0xff, 0xff, 0xff, 0xff, 0xff, 0xff, 0xff, 0x00, 0x00, 0x00, 0xff, 0xff, 0xff,
    0xff, 0xff, 0xff, 0xff, 0xff, 0xff, 0xff, 0xff, 0xff, 0xff, 0xff, 0xff, 0xff, 0xff, 0x00, 0x00,
    0x00, 0x00, 0xff, 0xff, 0xff, 0xff, 0xff, 0xff, 0xff, 0xff, 0xff, 0xff, 0xff, 0xff, 0xff, 0xff,
    0xff, 0xff, 0xff, 0x00, 0x00, 0x00, 0xff, 0xff, 0xff, 0xff, 0xff, 0xff, 0xff, 0xff, 0xff, 0xff,
    0xff, 0xff, 0xff, 0xff, 0xff, 0xff, 0xff, 0x00, 0x00, 0x00, 0xff, 0xff, 0xff, 0xff, 0xff, 0xff,
    0xff, 0xff, 0xff, 0xff, 0xff, 0xff, 0xff, 0xff, 0xff, 0xff, 0xff, 0x00, 0x00, 0xff, 0xff, 0xff,
    0xff, 0xff, 0xff, 0xff, 0xff, 0xff, 0xff, 0xff, 0xff, 0xff, 0xff, 0xff, 0xff, 0xff, 0xff, 0x00,
    0x00, 0xff, 0xff, 0xff, 0xff, 0xff, 0xff, 0xff, 0xff, 0xff, 0xff, 0xff, 0xff, 0xff, 0xff, 0xff,
    0xff, 0xff, 0xff, 0x00, 0x00, 0xff, 0xff, 0xff, 0xff, 0xff, 0xff, 0xff, 0xff, 0xff, 0xff, 0xff,
    0xff, 0xff, 0xff, 0xff, 0xff, 0xff, 0xff, 0x00, 0xff, 0xff, 0xff, 0xff, 0xff, 0xff, 0xff, 0xff,
    0xff, 0xff, 0xff, 0xff, 0xff, 0xff, 0xff, 0xff, 0xff, 0xff, 0x00, 0x00, 0x00, 0xff, 0xff, 0xff,
    0xff, 0xff, 0xff, 0xff, 0xff, 0xff, 0xff, 0xff, 0xff, 0xff, 0xff, 0xff, 0xff, 0xff, 0x00, 0x00,
    0x00, 0x00, 0x00, 0x00, 0x00, 0xff, 0xff, 0xff, 0xff, 0xff, 0xff, 0xff, 0xff, 0xff, 0xff, 0x00,
    0x00, 0x00, 0x00, 0x00, 0x00, 0x00, 0x00, 0x00, 0x00, 0x00, 0x00, 0x00, 0xff, 0xff, 0xff, 0x00,
    0x00, 0xff, 0x00, 0x00, 0x00, 0x00, 0x00, 0x00, 0x00, 0x00, 0x00, 0x00, 0x00, 0x00, 0x00, 0x00,
    0x00, 0x00, 0x00, 0x00, 0x00, 0x00, 0x00, 0x00, 0x00, 0x00, 0x00, 0x00, 0x00, 0x00, 0x00, 0x00,
    0x00, 0x00, 0x00, 0x00, 0x00, 0x00, 0x00, 0x00, 0x00, 0x00, 0x00, 0x00, 0x00, 0x00, 0x00, 0x00,
};

static const LV_ATTRIBUTE_MEM_ALIGN uint8_t app_farm_haz_dry_map[] = {
    0x00, 0x00, 0x00, 0x00, 0x00, 0x00, 0x00, 0x00, 0x00, 0x00, 0x00, 0x00, 0x00, 0x00, 0x00, 0x00,
    0x00, 0x00, 0x00, 0x00, 0x00, 0x00, 0x00, 0x00, 0x00, 0x00, 0x00, 0x00, 0x00, 0x00, 0x00, 0x00,
    0x00, 0x00, 0x00, 0x00, 0x00, 0x00, 0x00, 0x00, 0x00, 0x00, 0x00, 0x00, 0x00, 0x00, 0x00, 0x00,
    0x00, 0x00, 0x00, 0x00, 0x00, 0x00, 0x00, 0x00, 0x00, 0x00, 0xff, 0xff, 0xff, 0xff, 0x00, 0x00,
    0x00, 0x00, 0x00, 0x00, 0x00, 0x00, 0x00, 0x00, 0x00, 0x00, 0x00, 0x00, 0x00, 0x00, 0x00, 0x00,
    0x00, 0x00, 0x00, 0x00, 0x00, 0x00, 0x00, 0x00, 0x00, 0x00, 0x00, 0x00, 0x00, 0x00, 0x00, 0x00,
    0xff, 0xff, 0xfb, 0x54, 0x7c, 0x6d, 0xff, 0xff, 0x00, 0x00, 0x00, 0x00, 0x00, 0x00, 0x00, 0x00,
    0x00, 0x00, 0x00, 0x00, 0x00, 0x00, 0x00, 0x00, 0x00, 0x00, 0x00, 0x00, 0x00, 0x00, 0x00, 0x00,
    0x00, 0x00, 0x00, 0x00, 0x00, 0x00, 0x00, 0x00, 0xff, 0xff, 0x7d, 0x45, 0x5c, 0x45, 0xff, 0xff,
    0x00, 0x00, 0x00, 0x00, 0x00, 0x00, 0x00, 0x00, 0x00, 0x00, 0x00, 0x00, 0x00, 0x00, 0x00, 0x00,
    0x00, 0x00, 0x00, 0x00, 0x00, 0x00, 0x00, 0x00, 0x00, 0x00, 0x00, 0x00, 0x00, 0x00, 0xff, 0xff,
    0x3b, 0x65, 0x7f, 0x5e, 0x3f, 0x56, 0x5c, 0x6d, 0xff, 0xff, 0x00, 0x00, 0x00, 0x00, 0x00, 0x00,
    0x00, 0x00, 0x00, 0x00, 0x00, 0x00, 0x00, 0x00, 0x00, 0x00, 0x00, 0x00, 0x00, 0x00, 0x00, 0x00,
    0x00, 0x00, 0x00, 0x00, 0xf7, 0xbd, 0x9e, 0xb6, 0x9d, 0x45, 0x9f, 0x66, 0xbf, 0x66, 0x1c, 0x35,
    0xff, 0xc6, 0x34, 0xa5, 0x00, 0x00, 0x00, 0x00, 0x00, 0x00, 0x00, 0x00, 0x00, 0x00, 0x00, 0x00,
    0x00, 0x00, 0x00, 0x00, 0x00, 0x00, 0x00, 0x00, 0x00, 0x00, 0x00, 0x00, 0xff, 0xff, 0xfb, 0x3c,
    0x5f, 0xa7, 0xdf, 0x8e, 0x5f, 0x56, 0x7f, 0x56, 0xdb, 0x3c, 0xff, 0xff, 0x00, 0x00, 0x00, 0x00,
    0x00, 0x00, 0x00, 0x00, 0x00, 0x00, 0x00, 0x00, 0x00, 0x00, 0x00, 0x00, 0x00, 0x00, 0x00, 0x00,
    0x00, 0x00, 0xff, 0xff, 0x7c, 0x75, 0x7e, 0x76, 0xff, 0xff, 0x7f, 0x5e, 0x5f, 0x56, 0x9f, 0x5e,
    0xbe, 0x35, 0xbd, 0x85, 0xff, 0xff, 0x00, 0x00, 0x00, 0x00, 0x00, 0x00, 0x00, 0x00, 0x00, 0x00,
    0x00, 0x00, 0x00, 0x00, 0x00, 0x00, 0x00, 0x00, 0x00, 0x00, 0xff, 0xff, 0x3c, 0x3d, 0xff, 0xff,
    0xff, 0x8e, 0x3f, 0x46, 0x7f, 0x56, 0x5f, 0x56, 0x9f, 0x56, 0xdb, 0x2c, 0xff, 0xff, 0x00, 0x00,
    0x00, 0x00, 0x00, 0x00, 0x00, 0x00, 0x00, 0x00, 0x00, 0x00, 0x00, 0x00, 0x00, 0x00, 0x00, 0x00,
    0xff, 0xff, 0x5c, 0x5d, 0xdf, 0x86, 0xff, 0xff, 0x5f, 0x56, 0x5f, 0x4e, 0x5f, 0x4e, 0x5f, 0x4e,
    0x5f, 0x4e, 0xfe, 0x35, 0xbd, 0x75, 0xff, 0xff, 0x00, 0x00, 0x00, 0x00, 0x00, 0x00, 0x00, 0x00,
    0x00, 0x00, 0x00, 0x00, 0x00, 0x00, 0x00, 0x00, 0xff, 0xff, 0xfc, 0x2c, 0xff, 0xff, 0x5f, 0xbf,
    0x3f, 0x3e, 0x5f, 0x4e, 0x5f, 0x4e, 0x5f, 0x4e, 0x3f, 0x46, 0x5f, 0x46, 0xfc, 0x3c, 0xff, 0xff,
    0x00, 0x00, 0x00, 0x00, 0x00, 0x00, 0x00, 0x00, 0x00, 0x00, 0x00, 0x00, 0x00, 0x00, 0x00, 0x00,
    0xbe, 0xb6, 0x3d, 0x1d, 0x7f, 0xbf, 0xdf, 0x86, 0x1f, 0x3e, 0x5f, 0x4e, 0x5f, 0x4e, 0x3f, 0x46,
    0x1f, 0x46, 0x3f, 0x3e, 0x1d, 0x25, 0xff, 0xff, 0x00, 0x00, 0x00, 0x00, 0x00, 0x00, 0x00, 0x00,
    0x00, 0x00, 0x00, 0x00, 0x00, 0x00, 0x00, 0x00, 0x7e, 0xa6, 0x5e, 0x1d, 0x3f, 0x3e, 0x1f, 0x46,
    0x3f, 0x46, 0x3f, 0x46, 0x3f, 0x46, 0x1f, 0x3e, 0xff, 0x35, 0xff, 0x35, 0x1d, 0x25, 0xbe, 0xbe,
    0x00, 0x00, 0x00, 0x00, 0x00, 0x00, 0x00, 0x00, 0x00, 0x00, 0x00, 0x00, 0x00, 0x00, 0x00, 0x00,
    0x7e, 0xae, 0x1d, 0x15, 0xff, 0x35, 0xff, 0x35, 0xff, 0x3d, 0x1f, 0x3e, 0xff, 0x3d, 0xdf, 0x35,
    0xbf, 0x2d, 0xbf, 0x25, 0x1d, 0x1d, 0xff, 0xff, 0x00, 0x00, 0x00, 0x00, 0x00, 0x00, 0x00, 0x00,
    0x00, 0x00, 0x00, 0x00, 0x00, 0x00, 0x00, 0x00, 0xff, 0xff, 0xbc, 0x14, 0xbf, 0x25, 0x9f, 0x25,
    0xbf, 0x2d, 0xbf, 0x2d, 0xbf, 0x2d, 0x9f, 0x25, 0x5e, 0x15, 0x9f, 0x1d, 0xdc, 0x2c, 0xff, 0xff,
    0x00, 0x00, 0x00, 0x00, 0x00, 0x00, 0x00, 0x00, 0x00, 0x00, 0x00, 0x00, 0x00, 0x00, 0x00, 0x00,
    0xff, 0xff, 0x1c, 0x5d, 0x3e, 0x0d, 0x5f, 0x15, 0x5e, 0x15, 0x5f, 0x15, 0x5f, 0x15, 0x1e, 0x0d,
    0x5f, 0x15, 0x3e, 0x15, 0x9c, 0x7d, 0xff, 0xff, 0x00, 0x00, 0x00, 0x00, 0x00, 0x00, 0x00, 0x00,
    0x00, 0x00, 0x00, 0x00, 0x00, 0x00, 0x00, 0x00, 0x00, 0x00, 0xff, 0xff, 0x7a, 0x24, 0x3e, 0x0d,
    0x5f, 0x0d, 0x3f, 0x0d, 0x3f, 0x05, 0x5f, 0x0d, 0x3e, 0x15, 0x9a, 0x3c, 0xff, 0xff, 0x00, 0x00,
    0x00, 0x00, 0x00, 0x00, 0x00, 0x00, 0x00, 0x00, 0x00, 0x00, 0x00, 0x00, 0x00, 0x00, 0x00, 0x00,
    0x00, 0x00, 0x14, 0xa5, 0xff, 0xff, 0x3c, 0x5d, 0xbc, 0x24, 0xbc, 0x14, 0xdc, 0x14, 0xbc, 0x24,
    0x5c, 0x6d, 0xff, 0xff, 0x00, 0x00, 0x00, 0x00, 0x00, 0x00, 0x00, 0x00, 0x00, 0x00, 0x00, 0x00,
    0x00, 0x00, 0x00, 0x00, 0x00, 0x00, 0x00, 0x00, 0x00, 0x00, 0x00, 0x00, 0x00, 0x00, 0xff, 0xff,
    0xff, 0xff, 0xff, 0xff, 0xff, 0xff, 0xff, 0xff, 0xff, 0xff, 0x00, 0x00, 0x00, 0x00, 0x00, 0x00,
    0x00, 0x00, 0x00, 0x00, 0x00, 0x00, 0x00, 0x00, 0x00, 0x00, 0x00, 0x00, 0x00, 0x00, 0x00, 0x00,
    0x00, 0x00, 0x00, 0x00, 0x00, 0x00, 0x00, 0x00, 0x00, 0x00, 0x00, 0x00, 0x00, 0x00, 0x00, 0x00,
    0x00, 0x00, 0x00, 0x00, 0x00, 0x00, 0x00, 0x00, 0x00, 0x00, 0x00, 0x00, 0x00, 0x00, 0x00, 0x00,
    0x00, 0x00, 0x00, 0x00, 0x00, 0x00, 0x00, 0x00, 0x00, 0x00, 0x00, 0x00, 0x00, 0x00, 0x00, 0x00,
    0x00, 0x00, 0x00, 0x00, 0x00, 0x00, 0x00, 0x00, 0x00, 0x00, 0x00, 0x00, 0x00, 0xff, 0xff, 0x00,
    0x00, 0x00, 0x00, 0x00, 0x00, 0x00, 0x00, 0x00, 0x00, 0x00, 0x00, 0x00, 0x00, 0x00, 0x00, 0x00,
    0xff, 0xff, 0xff, 0xff, 0x00, 0x00, 0x00, 0x00, 0x00, 0x00, 0x00, 0x00, 0x00, 0x00, 0x00, 0x00,
    0x00, 0x00, 0x00, 0x00, 0xff, 0xff, 0xff, 0xff, 0x00, 0x00, 0x00, 0x00, 0x00, 0x00, 0x00, 0x00,
    0x00, 0x00, 0x00, 0x00, 0x00, 0x00, 0x00, 0xff, 0xff, 0xff, 0xff, 0xff, 0xff, 0x00, 0x00, 0x00,
    0x00, 0x00, 0x00, 0x00, 0x00, 0x00, 0x00, 0x00, 0x00, 0x00, 0x8c, 0xff, 0xff, 0xff, 0xff, 0xff,
    0xff, 0x6d, 0x00, 0x00, 0x00, 0x00, 0x00, 0x00, 0x00, 0x00, 0x00, 0x00, 0x00, 0x00, 0xff, 0xff,
    0xff, 0xff, 0xff, 0xff, 0xff, 0xff, 0x00, 0x00, 0x00, 0x00, 0x00, 0x00, 0x00, 0x00, 0x00, 0x00,
    0x00, 0xff, 0xff, 0xff, 0xff, 0xff, 0xff, 0xff, 0xff, 0xff, 0xff, 0x00, 0x00, 0x00, 0x00, 0x00,
    0x00, 0x00, 0x00, 0x00, 0x00, 0xff, 0xff, 0xff, 0xff, 0xff, 0xff, 0xff, 0xff, 0xff, 0xff, 0x00,
    0x00, 0x00, 0x00, 0x00, 0x00, 0x00, 0x00, 0x00, 0xff, 0xff, 0xff, 0xff, 0xff, 0xff, 0xff, 0xff,
    0xff, 0xff, 0xff, 0xff, 0x00, 0x00, 0x00, 0x00, 0x00, 0x00, 0x00, 0x00, 0xff, 0xff, 0xff, 0xff,
    0xff, 0xff, 0xff, 0xff, 0xff, 0xff, 0xff, 0xff, 0x00, 0x00, 0x00, 0x00, 0x00, 0x00, 0x00, 0x00,
    0xff, 0xff, 0xff, 0xff, 0xff, 0xff, 0xff, 0xff, 0xff, 0xff, 0xff, 0xff, 0x00, 0x00, 0x00, 0x00,
    0x00, 0x00, 0x00, 0x00, 0xff, 0xff, 0xff, 0xff, 0xff, 0xff, 0xff, 0xff, 0xff, 0xff, 0xff, 0xff,
    0x00, 0x00, 0x00, 0x00, 0x00, 0x00, 0x00, 0x00, 0xff, 0xff, 0xff, 0xff, 0xff, 0xff, 0xff, 0xff,
    0xff, 0xff, 0xff, 0xff, 0x00, 0x00, 0x00, 0x00, 0x00, 0x00, 0x00, 0x00, 0xff, 0xff, 0xff, 0xff,
    0xff, 0xff, 0xff, 0xff, 0xff, 0xff, 0xff, 0xff, 0x00, 0x00, 0x00, 0x00, 0x00, 0x00, 0x00, 0x00,
    0xff, 0xff, 0xff, 0xff, 0xff, 0xff, 0xff, 0xff, 0xff, 0xff, 0xff, 0xff, 0x00, 0x00, 0x00, 0x00,
    0x00, 0x00, 0x00, 0x00, 0x00, 0xff, 0xff, 0xff, 0xff, 0xff, 0xff, 0xff, 0xff, 0xff, 0xff, 0x00,
    0x00, 0x00, 0x00, 0x00, 0x00, 0x00, 0x00, 0x00, 0x00, 0x68, 0xff, 0xff, 0xff, 0xff, 0xff, 0xff,
    0xff, 0xff, 0x00, 0x00, 0x00, 0x00, 0x00, 0x00, 0x00, 0x00, 0x00, 0x00, 0x00, 0x00, 0x00, 0xff,
    0xff, 0xff, 0xff, 0xff, 0xff, 0x00, 0x00, 0x00, 0x00, 0x00, 0x00, 0x00, 0x00, 0x00, 0x00, 0x00,
    0x00, 0x00, 0x00, 0x00, 0x00, 0x00, 0x00, 0x00, 0x00, 0x00, 0x00, 0x00, 0x00, 0x00, 0x00, 0x00,
};

static const LV_ATTRIBUTE_MEM_ALIGN uint8_t app_farm_plot_dirt_map[] = {
    0x00, 0x00, 0x00, 0x00, 0x00, 0x00, 0x00, 0x00, 0x00, 0x00, 0x00, 0x00, 0x00, 0x00, 0x00, 0x00,
    0x00, 0x00, 0x00, 0x00, 0x00, 0x00, 0x00, 0x00, 0x00, 0x00, 0x00, 0x00, 0x00, 0x00, 0x00, 0x00,
    0x00, 0x00, 0x00, 0x00, 0x00, 0x00, 0x00, 0x00, 0x00, 0x00, 0x00, 0x00, 0x00, 0x00, 0x00, 0x00,
    0x00, 0x00, 0x00, 0x00, 0x00, 0x00, 0x00, 0x00, 0x00, 0x00, 0x00, 0x00, 0x00, 0x00, 0x00, 0x00,
    0x00, 0x00, 0x00, 0x00, 0x00, 0x00, 0x00, 0x00, 0x00, 0x00, 0x00, 0x00, 0x00, 0x00, 0x00, 0x00,
    0x00, 0x00, 0x00, 0x00, 0x00, 0x00, 0x00, 0x00, 0x00, 0x00, 0x00, 0x00, 0x00, 0x00, 0x00, 0x00,
    0x00, 0x00, 0x00, 0x00, 0x00, 0x00, 0x00, 0x00, 0x00, 0x00, 0x00, 0x00, 0x00, 0x00, 0x00, 0x00,
    0x00, 0x00, 0x00, 0x00, 0x00, 0x00, 0x00, 0x00, 0x00, 0x00, 0x00, 0x00, 0x00, 0x00, 0x00, 0x00,
    0x00, 0x00, 0x00, 0x00, 0x00, 0x00, 0x00, 0x00, 0x00, 0x00, 0x00, 0x00, 0x00, 0x00, 0x00, 0x00,
    0x00, 0x00, 0x00, 0x00, 0x00, 0x00, 0x00, 0x00, 0x00, 0x00, 0x00, 0x00, 0x00, 0x00, 0x00, 0x00,
    0x00, 0x00, 0x00, 0x00, 0x00, 0x00, 0x00, 0x00, 0x00, 0x00, 0x00, 0x00, 0x00, 0x00, 0x00, 0x00,
    0x00, 0x00, 0x00, 0x00, 0x00, 0x00, 0x00, 0x00, 0x00, 0x00, 0x00, 0x00, 0x00, 0x00, 0x00, 0x00,
    0x00, 0x00, 0x00, 0x00, 0x00, 0x00, 0x00, 0x00, 0x00, 0x00, 0x00, 0x00, 0x00, 0x00, 0x00, 0x00,
    0x00, 0x00, 0x00, 0x00, 0x00, 0x00, 0x00, 0x00, 0x00, 0x00, 0x00, 0x00, 0x00, 0x00, 0x00, 0x00,
    0x00, 0x00, 0x00, 0x00, 0x03, 0xc4, 0x83, 0xdc, 0x84, 0xe4, 0x83, 0xe4, 0x83, 0xec, 0x62, 0xe4,
    0x42, 0xe4, 0x42, 0xe4, 0x22, 0xe4, 0x22, 0xe4, 0x22, 0xe4, 0xe1, 0xdb, 0x01, 0xdc, 0x22, 0xe4,
    0x01, 0xdc, 0xe1, 0xdb, 0x01, 0xdc, 0x01, 0xdc, 0xe1, 0xdb, 0xe1, 0xdb, 0xe1, 0xdb, 0xe1, 0xd3,
    0xc1, 0xd3, 0x41, 0xbb, 0x00, 0x00, 0x00, 0x00, 0x00, 0x00, 0x00, 0x00, 0x00, 0x00, 0x00, 0x00,
    0x00, 0x00, 0x00, 0x00, 0x00, 0x00, 0x00, 0x00, 0x03, 0xcc, 0x66, 0xfd, 0xa4, 0xec, 0x22, 0xdc,
    0xc1, 0xdb, 0xc1, 0xd3, 0xc1, 0xd3, 0xc1, 0xd3, 0xa1, 0xd3, 0xa1, 0xcb, 0xa1, 0xcb, 0x81, 0xcb,
    0x61, 0xcb, 0x61, 0xcb, 0x61, 0xcb, 0xa1, 0xcb, 0x81, 0xcb, 0xa1, 0xcb, 0x61, 0xcb, 0x61, 0xc3,
    0x61, 0xcb, 0x81, 0xcb, 0x81, 0xcb, 0x81, 0xcb, 0x81, 0xcb, 0xc1, 0xd3, 0x01, 0xe4, 0x41, 0xbb,
    0x00, 0x00, 0x00, 0x00, 0x00, 0x00, 0x00, 0x00, 0x00, 0x00, 0x00, 0x00, 0x00, 0x00, 0xa2, 0xbb,
    0x66, 0xf5, 0x22, 0xdc, 0xe1, 0xdb, 0x02, 0xdc, 0x22, 0xdc, 0x01, 0xd4, 0xc1, 0xd3, 0xa1, 0xcb,
    0x61, 0xcb, 0x81, 0xcb, 0xc1, 0xd3, 0x81, 0xcb, 0xa1, 0xcb, 0x81, 0xcb, 0x81, 0xcb, 0xa1, 0xcb,
    0xa1, 0xcb, 0xa1, 0xcb, 0x61, 0xcb, 0x81, 0xcb, 0xa1, 0xcb, 0x81, 0xcb, 0xa1, 0xcb, 0x81, 0xcb,
    0x21, 0xbb, 0x61, 0xc3, 0x61, 0xc3, 0xe1, 0xd3, 0x01, 0xab, 0x00, 0x00, 0x00, 0x00, 0x00, 0x00,
    0x00, 0x00, 0x00, 0x00, 0x00, 0x00, 0x05, 0xf5, 0x22, 0xdc, 0xe1, 0xdb, 0x22, 0xdc, 0x22, 0xdc,
    0x62, 0xe4, 0xe1, 0xd3, 0xc1, 0xd3, 0xc1, 0xd3, 0x81, 0xcb, 0x81, 0xcb, 0x61, 0xc3, 0x61, 0xc3,
    0xa1, 0xcb, 0x81, 0xcb, 0xa1, 0xcb, 0x81, 0xcb, 0x81, 0xcb, 0xa1, 0xcb, 0x81, 0xcb, 0x81, 0xcb,
    0x61, 0xcb, 0x61, 0xc3, 0x61, 0xc3, 0x81, 0xcb, 0x41, 0xc3, 0xc1, 0xcb, 0x81, 0xc3, 0x41, 0xc3,
    0xa1, 0xd3, 0x00, 0x00, 0x00, 0x00, 0x00, 0x00, 0x00, 0x00, 0x00, 0x00, 0x41, 0xab, 0xa3, 0xec,
    0xe1, 0xd3, 0x22, 0xdc, 0x22, 0xdc, 0xe1, 0xdb, 0xa1, 0xd3, 0xa1, 0xd3, 0xc2, 0xd3, 0xa1, 0xcb,
    0x81, 0xcb, 0x81, 0xcb, 0x81, 0xcb, 0x81, 0xcb, 0xa1, 0xcb, 0xa1, 0xcb, 0x81, 0xcb, 0x81, 0xcb,
    0x81, 0xcb, 0x81, 0xcb, 0x81, 0xcb, 0x61, 0xc3, 0x41, 0xc3, 0x61, 0xcb, 0xa1, 0xcb, 0xa1, 0xcb,
    0x81, 0xcb, 0x81, 0xcb, 0x61, 0xc3, 0x41, 0xc3, 0x81, 0xcb, 0x80, 0x9a, 0x00, 0x00, 0x00, 0x00,
    0x00, 0x00, 0x00, 0x00, 0xa2, 0xcb, 0x42, 0xe4, 0xc1, 0xd3, 0xe2, 0xdb, 0x42, 0xe4, 0x02, 0xdc,
    0xa1, 0xd3, 0xc2, 0xd3, 0xa2, 0xcb, 0xa1, 0xcb, 0x81, 0xcb, 0xa1, 0xcb, 0x81, 0xcb, 0x81, 0xcb,
    0x81, 0xcb, 0x81, 0xcb, 0x81, 0xcb, 0x81, 0xcb, 0x81, 0xcb, 0x81, 0xcb, 0x81, 0xcb, 0x81, 0xcb,
    0x61, 0xcb, 0x81, 0xcb, 0x81, 0xcb, 0x81, 0xcb, 0x81, 0xcb, 0x81, 0xcb, 0x61, 0xc3, 0x41, 0xc3,
    0x61, 0xcb, 0xc1, 0xaa, 0x00, 0x00, 0x00, 0x00, 0x00, 0x00, 0x00, 0x00, 0xc1, 0xd3, 0x01, 0xdc,
    0xc2, 0xcb, 0xc1, 0xd3, 0xc2, 0xd3, 0xc2, 0xd3, 0xc1, 0xd3, 0xa2, 0xcb, 0xa1, 0xcb, 0xa1, 0xcb,
    0xa1, 0xcb, 0xa1, 0xcb, 0x81, 0xcb, 0x81, 0xcb, 0x81, 0xcb, 0x82, 0xcb, 0xa1, 0xcb, 0x81, 0xcb,
    0x81, 0xcb, 0xa1, 0xcb, 0x81, 0xcb, 0x81, 0xcb, 0x61, 0xcb, 0x61, 0xc3, 0x61, 0xcb, 0x81, 0xcb,
    0x61, 0xc3, 0x61, 0xc3, 0x41, 0xc3, 0x41, 0xc3, 0x61, 0xcb, 0xe1, 0xb2, 0x00, 0x00, 0x00, 0x00,
    0x00, 0x00, 0x00, 0x00, 0xe2, 0xdb, 0xa1, 0xd3, 0x02, 0xd4, 0xe2, 0xd3, 0x81, 0xcb, 0xa1, 0xcb,
    0xa2, 0xcb, 0xa2, 0xcb, 0xa1, 0xcb, 0x81, 0xcb, 0x81, 0xcb, 0x81, 0xcb, 0x82, 0xcb, 0x82, 0xcb,
    0x82, 0xcb, 0x81, 0xcb, 0xa1, 0xcb, 0xa1, 0xcb, 0x81, 0xcb, 0x81, 0xcb, 0x61, 0xc3, 0x81, 0xcb,
    0x61, 0xc3, 0x61, 0xc3, 0x61, 0xcb, 0x61, 0xcb, 0x21, 0xbb, 0x41, 0xbb, 0x61, 0xc3, 0x41, 0xc3,
    0x41, 0xc3, 0x01, 0xbb, 0x00, 0x00, 0x00, 0x00, 0x00, 0x00, 0x00, 0x00, 0xe2, 0xdb, 0xc2, 0xd3,
    0xa2, 0xcb, 0x81, 0xc3, 0x81, 0xcb, 0xa2, 0xcb, 0xa2, 0xcb, 0xa1, 0xcb, 0x82, 0xcb, 0xa2, 0xcb,
    0x81, 0xcb, 0x81, 0xcb, 0xa2, 0xcb, 0xa2, 0xcb, 0x82, 0xcb, 0x81, 0xcb, 0x81, 0xcb, 0x81, 0xcb,
    0x81, 0xc3, 0x61, 0xc3, 0x61, 0xc3, 0x61, 0xc3, 0x61, 0xcb, 0x41, 0xc3, 0x61, 0xc3, 0x61, 0xcb,
    0x61, 0xc3, 0x61, 0xc3, 0x61, 0xc3, 0x81, 0xc3, 0x61, 0xc3, 0x01, 0xbb, 0x00, 0x00, 0x00, 0x00,
    0x00, 0x00, 0x00, 0x00, 0xe2, 0xdb, 0xa1, 0xcb, 0xc2, 0xcb, 0x41, 0xbb, 0x61, 0xc3, 0x81, 0xcb,
    0x81, 0xcb, 0xa2, 0xcb, 0x82, 0xcb, 0x61, 0xc3, 0x61, 0xc3, 0x61, 0xc3, 0x82, 0xcb, 0x81, 0xcb,
    0x81, 0xcb, 0x81, 0xcb, 0x81, 0xc3, 0x61, 0xc3, 0x61, 0xc3, 0x61, 0xc3, 0x61, 0xc3, 0xa1, 0xcb,
    0x61, 0xc3, 0x41, 0xc3, 0x82, 0xcb, 0x81, 0xcb, 0x81, 0xcb, 0x41, 0xc3, 0x81, 0xcb, 0x81, 0xc3,
    0x41, 0xc3, 0x21, 0xc3, 0x00, 0x00, 0x00, 0x00, 0x00, 0x00, 0x00, 0x00, 0x02, 0xdc, 0xa2, 0xcb,
    0xc2, 0xd3, 0x81, 0xcb, 0x81, 0xcb, 0x81, 0xcb, 0x82, 0xc3, 0xa2, 0xcb, 0x61, 0xc3, 0x21, 0xbb,
    0x61, 0xc3, 0x81, 0xcb, 0x81, 0xcb, 0x81, 0xcb, 0x81, 0xcb, 0x81, 0xcb, 0x81, 0xcb, 0x61, 0xc3,
    0x61, 0xc3, 0x61, 0xc3, 0x61, 0xc3, 0x61, 0xc3, 0x61, 0xc3, 0x61, 0xc3, 0x81, 0xc3, 0x61, 0xc3,
    0x61, 0xc3, 0x61, 0xc3, 0x61, 0xc3, 0x41, 0xc3, 0x41, 0xc3, 0x41, 0xc3, 0x00, 0x00, 0x00, 0x00,
    0x00, 0x00, 0x00, 0x00, 0xe2, 0xdb, 0x81, 0xcb, 0xa1, 0xcb, 0x81, 0xcb, 0x82, 0xcb, 0x82, 0xcb,
    0x82, 0xcb, 0x82, 0xc3, 0x61, 0xc3, 0x41, 0xc3, 0x61, 0xc3, 0x81, 0xc3, 0x81, 0xcb, 0x41, 0xc3,
    0x41, 0xc3, 0x61, 0xc3, 0x81, 0xcb, 0x61, 0xcb, 0x81, 0xcb, 0x61, 0xc3, 0x81, 0xc3, 0x61, 0xc3,
    0x61, 0xc3, 0x61, 0xc3, 0x61, 0xc3, 0x61, 0xc3, 0x61, 0xc3, 0x81, 0xc3, 0x41, 0xc3, 0x21, 0xbb,
    0x41, 0xc3, 0x41, 0xc3, 0x00, 0x00, 0x00, 0x00, 0x00, 0x00, 0x20, 0x7a, 0xe1, 0xdb, 0x41, 0xc3,
    0x41, 0xc3, 0x82, 0xcb, 0x81, 0xcb, 0x81, 0xcb, 0x61, 0xc3, 0x61, 0xc3, 0x61, 0xc3, 0x61, 0xc3,
    0x61, 0xc3, 0x61, 0xcb, 0x61, 0xcb, 0x61, 0xc3, 0x61, 0xc3, 0x61, 0xc3, 0x81, 0xcb, 0x61, 0xc3,
    0x81, 0xcb, 0x61, 0xc3, 0x61, 0xc3, 0x61, 0xc3, 0x61, 0xc3, 0x61, 0xc3, 0x61, 0xc3, 0x61, 0xc3,
    0x61, 0xc3, 0x61, 0xc3, 0x41, 0xc3, 0x21, 0xbb, 0x21, 0xbb, 0x41, 0xcb, 0xa0, 0x69, 0x00, 0x00,
    0x00, 0x00, 0x00, 0x7a, 0xc1, 0xdb, 0x41, 0xc3, 0x61, 0xc3, 0x61, 0xc3, 0x82, 0xcb, 0xc1, 0xd3,
    0x61, 0xc3, 0x61, 0xc3, 0x61, 0xc3, 0x81, 0xcb, 0x61, 0xc3, 0x61, 0xc3, 0x41, 0xc3, 0x61, 0xc3,
    0x81, 0xcb, 0x61, 0xc3, 0x61, 0xc3, 0x61, 0xc3, 0x61, 0xc3, 0x61, 0xc3, 0x41, 0xc3, 0x41, 0xc3,
    0x61, 0xc3, 0x61, 0xc3, 0x61, 0xc3, 0x01, 0xb3, 0x41, 0xbb, 0x61, 0xc3, 0x41, 0xc3, 0x41, 0xc3,
    0x21, 0xbb, 0x41, 0xcb, 0xa0, 0x69, 0x00, 0x00, 0x00, 0x00, 0xa0, 0x92, 0xa1, 0xd3, 0x81, 0xc3,
    0x81, 0xc3, 0x61, 0xc3, 0x61, 0xc3, 0x41, 0xc3, 0x41, 0xc3, 0x62, 0xc3, 0x81, 0xc3, 0x61, 0xc3,
    0x61, 0xc3, 0x41, 0xc3, 0x41, 0xc3, 0x61, 0xc3, 0xa1, 0xcb, 0x81, 0xc3, 0x61, 0xc3, 0x41, 0xc3,
    0x41, 0xc3, 0x41, 0xc3, 0x41, 0xc3, 0x41, 0xc3, 0x41, 0xc3, 0x61, 0xc3, 0x61, 0xc3, 0x41, 0xbb,
    0x41, 0xc3, 0x41, 0xc3, 0x41, 0xbb, 0x41, 0xc3, 0x21, 0xbb, 0x21, 0xc3, 0x00, 0x7a, 0x00, 0x00,
    0x00, 0x00, 0xa1, 0x9a, 0xa1, 0xd3, 0x61, 0xc3, 0x81, 0xcb, 0x81, 0xc3, 0x41, 0xc3, 0x41, 0xc3,
    0x61, 0xc3, 0x81, 0xc3, 0x61, 0xc3, 0x61, 0xc3, 0x61, 0xc3, 0x61, 0xc3, 0x61, 0xc3, 0x61, 0xc3,
    0x61, 0xcb, 0x61, 0xc3, 0x61, 0xc3, 0x41, 0xc3, 0x41, 0xc3, 0x61, 0xc3, 0x61, 0xc3, 0x41, 0xc3,
    0x61, 0xc3, 0x41, 0xc3, 0x41, 0xc3, 0x61, 0xc3, 0x61, 0xc3, 0x41, 0xc3, 0x41, 0xc3, 0x21, 0xbb,
    0x21, 0xbb, 0x41, 0xc3, 0x20, 0x82, 0x00, 0x00, 0x00, 0x00, 0xa1, 0x9a, 0xa1, 0xd3, 0x61, 0xc3,
    0x81, 0xc3, 0x21, 0xbb, 0x41, 0xbb, 0x61, 0xc3, 0x61, 0xc3, 0x61, 0xc3, 0x61, 0xc3, 0x41, 0xc3,
    0x61, 0xc3, 0x61, 0xc3, 0x61, 0xc3, 0x61, 0xc3, 0x41, 0xc3, 0x41, 0xc3, 0x41, 0xc3, 0x61, 0xc3,
    0x41, 0xc3, 0x61, 0xc3, 0x41, 0xc3, 0x41, 0xbb, 0x41, 0xbb, 0x41, 0xc3, 0x42, 0xc3, 0x41, 0xc3,
    0x41, 0xc3, 0x41, 0xbb, 0x41, 0xc3, 0x41, 0xc3, 0x21, 0xbb, 0x41, 0xc3, 0x20, 0x8a, 0x00, 0x00,
    0x00, 0x00, 0xe1, 0xaa, 0x81, 0xcb, 0x61, 0xc3, 0x41, 0xbb, 0x41, 0xc3, 0x61, 0xc3, 0x61, 0xc3,
    0x61, 0xc3, 0x61, 0xc3, 0x41, 0xc3, 0x41, 0xc3, 0x41, 0xc3, 0x41, 0xc3, 0x41, 0xc3, 0x21, 0xbb,
    0x41, 0xc3, 0x41, 0xc3, 0x61, 0xc3, 0x41, 0xc3, 0x41, 0xc3, 0x41, 0xc3, 0x61, 0xc3, 0x41, 0xc3,
    0x21, 0xbb, 0x21, 0xbb, 0x41, 0xc3, 0x41, 0xc3, 0x41, 0xc3, 0x21, 0xbb, 0x81, 0xc3, 0x41, 0xc3,
    0x21, 0xbb, 0x41, 0xc3, 0x40, 0x92, 0x00, 0x00, 0x00, 0x00, 0x01, 0xb3, 0x61, 0xcb, 0x41, 0xc3,
    0x61, 0xc3, 0x81, 0xc3, 0x61, 0xc3, 0x61, 0xc3, 0x41, 0xc3, 0x01, 0xb3, 0x01, 0xb3, 0x41, 0xc3,
    0x41, 0xc3, 0x41, 0xc3, 0x41, 0xc3, 0x41, 0xc3, 0x41, 0xc3, 0x41, 0xc3, 0x41, 0xc3, 0x41, 0xbb,
    0x41, 0xc3, 0x41, 0xc3, 0x61, 0xc3, 0x41, 0xc3, 0x41, 0xc3, 0x41, 0xc3, 0x21, 0xbb, 0x21, 0xbb,
    0x41, 0xbb, 0x41, 0xc3, 0x21, 0xc3, 0x21, 0xbb, 0x21, 0xbb, 0x21, 0xc3, 0x60, 0x9a, 0x00, 0x00,
    0x00, 0x00, 0xe1, 0xb2, 0x61, 0xcb, 0x41, 0xc3, 0x61, 0xcb, 0x61, 0xc3, 0x61, 0xc3, 0x41, 0xc3,
    0x41, 0xc3, 0x01, 0xb3, 0x01, 0xb3, 0x41, 0xc3, 0x61, 0xc3, 0x41, 0xc3, 0x41, 0xbb, 0x41, 0xc3,
    0x41, 0xc3, 0x41, 0xc3, 0x41, 0xc3, 0x41, 0xc3, 0x41, 0xc3, 0x41, 0xbb, 0x41, 0xc3, 0x41, 0xc3,
    0x41, 0xc3, 0x21, 0xbb, 0x41, 0xc3, 0x41, 0xc3, 0x21, 0xbb, 0x21, 0xbb, 0x41, 0xbb, 0x21, 0xbb,
    0x01, 0xbb, 0x21, 0xbb, 0x60, 0x9a, 0x00, 0x00, 0x00, 0x00, 0xe1, 0xb2, 0x41, 0xc3, 0x21, 0xbb,
    0x61, 0xcb, 0x41, 0xc3, 0x21, 0xbb, 0x21, 0xbb, 0x41, 0xc3, 0x41, 0xc3, 0x41, 0xc3, 0x41, 0xc3,
    0x41, 0xc3, 0x41, 0xbb, 0x21, 0xbb, 0x41, 0xc3, 0x41, 0xc3, 0x41, 0xc3, 0x41, 0xc3, 0x41, 0xc3,
    0x21, 0xbb, 0x21, 0xbb, 0x21, 0xbb, 0x41, 0xbb, 0x41, 0xc3, 0x41, 0xc3, 0x41, 0xbb, 0x21, 0xbb,
    0x21, 0xbb, 0x41, 0xc3, 0x21, 0xbb, 0x21, 0xbb, 0x01, 0xbb, 0x01, 0xbb, 0x80, 0x9a, 0x00, 0x00,
    0x00, 0x00, 0xe1, 0xb2, 0x61, 0xc3, 0x41, 0xc3, 0x41, 0xc3, 0x21, 0xbb, 0x21, 0xbb, 0x41, 0xc3,
    0x21, 0xbb, 0x41, 0xbb, 0x21, 0xc3, 0x21, 0xc3, 0x21, 0xbb, 0x21, 0xbb, 0x41, 0xc3, 0x41, 0xc3,
    0x21, 0xc3, 0x21, 0xbb, 0x01, 0xbb, 0x21, 0xbb, 0x21, 0xbb, 0x21, 0xbb, 0x41, 0xc3, 0x41, 0xbb,
    0x21, 0xbb, 0x61, 0xc3, 0x41, 0xc3, 0x01, 0xbb, 0x21, 0xbb, 0x21, 0xbb, 0x01, 0xb3, 0xc1, 0xaa,
    0x01, 0xb3, 0x01, 0xbb, 0x80, 0xa2, 0x00, 0x00, 0x00, 0x00, 0xc1, 0xaa, 0x41, 0xc3, 0x21, 0xbb,
    0xa0, 0xa2, 0x01, 0xb3, 0x41, 0xc3, 0x41, 0xc3, 0x21, 0xbb, 0x21, 0xbb, 0x21, 0xbb, 0x21, 0xbb,
    0x41, 0xc3, 0x41, 0xc3, 0x41, 0xc3, 0x61, 0xc3, 0x21, 0xbb, 0x21, 0xbb, 0x41, 0xbb, 0x21, 0xbb,
    0x21, 0xbb, 0x21, 0xbb, 0x21, 0xbb, 0x21, 0xbb, 0x21, 0xbb, 0x21, 0xbb, 0x41, 0xc3, 0x41, 0xc3,
    0x21, 0xc3, 0x21, 0xbb, 0xc1, 0xaa, 0xa1, 0xa2, 0x01, 0xbb, 0x21, 0xbb, 0x60, 0x9a, 0x00, 0x00,
    0x00, 0x00, 0x81, 0xa2, 0x41, 0xc3, 0x41, 0xc3, 0x01, 0xbb, 0x01, 0xbb, 0x21, 0xbb, 0x21, 0xbb,
    0x41, 0xc3, 0x21, 0xbb, 0x21, 0xbb, 0x21, 0xbb, 0x21, 0xbb, 0x01, 0xbb, 0x41, 0xc3, 0x21, 0xbb,
    0x21, 0xbb, 0x21, 0xbb, 0x21, 0xbb, 0x21, 0xbb, 0x21, 0xbb, 0x21, 0xbb, 0x01, 0xbb, 0x01, 0xbb,
    0x01, 0xbb, 0x01, 0xbb, 0x21, 0xbb, 0x21, 0xbb, 0x01, 0xbb, 0x21, 0xbb, 0x21, 0xbb, 0x41, 0xbb,
    0x01, 0xbb, 0x01, 0xbb, 0x40, 0x92, 0x00, 0x00, 0x00, 0x00, 0x20, 0x8a, 0x01, 0xbb, 0x21, 0xbb,
    0x21, 0xbb, 0x21, 0xbb, 0x21, 0xbb, 0xa1, 0xcb, 0x81, 0xcb, 0x21, 0xbb, 0x21, 0xbb, 0x21, 0xbb,
    0x01, 0xb3, 0x01, 0xb3, 0x41, 0xbb, 0x41, 0xbb, 0x21, 0xbb, 0x21, 0xbb, 0x01, 0xbb, 0x21, 0xbb,
    0x01, 0xbb, 0x21, 0xbb, 0x01, 0xbb, 0x41, 0xc3, 0x21, 0xc3, 0x01, 0xbb, 0x21, 0xbb, 0x01, 0xb3,
    0xa0, 0xa2, 0x01, 0xb3, 0x21, 0xbb, 0x21, 0xbb, 0x21, 0xc3, 0xc1, 0xaa, 0x00, 0x82, 0x00, 0x00,
    0x00, 0x00, 0xe0, 0x81, 0x60, 0x9a, 0x01, 0xbb, 0x01, 0xbb, 0x01, 0xbb, 0x01, 0xbb, 0x21, 0xbb,
    0x21, 0xbb, 0xe1, 0xb2, 0xe1, 0xb2, 0x21, 0xbb, 0x21, 0xbb, 0x21, 0xbb, 0x01, 0xbb, 0x21, 0xbb,
    0x21, 0xbb, 0x21, 0xbb, 0x21, 0xbb, 0x01, 0xbb, 0x01, 0xbb, 0x01, 0xbb, 0x01, 0xbb, 0x01, 0xbb,
    0x01, 0xbb, 0x01, 0xbb, 0x21, 0xbb, 0x01, 0xbb, 0xe1, 0xb2, 0x01, 0xbb, 0x21, 0xbb, 0x01, 0xbb,
    0x01, 0xbb, 0x40, 0x92, 0xe0, 0x79, 0x00, 0x00, 0x00, 0x00, 0xc0, 0x71, 0xe0, 0x81, 0x60, 0x92,
    0xc1, 0xaa, 0x01, 0xbb, 0x01, 0xbb, 0x01, 0xbb, 0x01, 0xbb, 0x01, 0xb3, 0x01, 0xbb, 0x01, 0xbb,
    0x21, 0xbb, 0x21, 0xbb, 0x21, 0xbb, 0x21, 0xbb, 0x21, 0xbb, 0x21, 0xbb, 0xe1, 0xb2, 0x21, 0xbb,
    0x21, 0xbb, 0x21, 0xbb, 0x01, 0xbb, 0x01, 0xbb, 0x01, 0xbb, 0x01, 0xbb, 0x01, 0xbb, 0x01, 0xbb,
    0x01, 0xbb, 0x01, 0xbb, 0x01, 0xb3, 0xc1, 0xaa, 0x20, 0x92, 0xe0, 0x81, 0xc0, 0x69, 0x00, 0x00,
    0x00, 0x00, 0x00, 0x00, 0x00, 0x8a, 0xe0, 0x79, 0x00, 0x82, 0x40, 0x92, 0x40, 0x92, 0x60, 0x9a,
    0x60, 0x9a, 0x60, 0x9a, 0x60, 0x9a, 0x81, 0x9a, 0x40, 0x92, 0x81, 0x9a, 0x60, 0x9a, 0x61, 0x9a,
    0x80, 0xa2, 0x40, 0x92, 0x40, 0x92, 0x60, 0x9a, 0x60, 0x9a, 0x80, 0xa2, 0x60, 0x9a, 0x40, 0x92,
    0x40, 0x92, 0x80, 0xa2, 0x60, 0x9a, 0x60, 0x9a, 0x60, 0x9a, 0x60, 0x9a, 0x20, 0x8a, 0xe0, 0x81,
    0xc0, 0x79, 0x00, 0x8a, 0x00, 0x00, 0x00, 0x00, 0x00, 0x00, 0x00, 0x00, 0x00, 0x00, 0x00, 0x8a,
    0xe0, 0x81, 0xe0, 0x81, 0xe0, 0x81, 0xe0, 0x81, 0xc0, 0x79, 0xc0, 0x79, 0xc0, 0x79, 0xc0, 0x79,
    0xe0, 0x81, 0xc0, 0x79, 0xc0, 0x79, 0xe0, 0x81, 0xe0, 0x81, 0xc0, 0x79, 0xc0, 0x81, 0xe0, 0x81,
    0xc0, 0x81, 0xc0, 0x79, 0xc0, 0x79, 0xc0, 0x79, 0xc0, 0x81, 0xc0, 0x81, 0xc0, 0x79, 0xc0, 0x81,
    0xe0, 0x81, 0xe0, 0x79, 0xe0, 0x81, 0xe0, 0x89, 0xe0, 0x81, 0x80, 0x59, 0x00, 0x00, 0x00, 0x00,
    0x00, 0x00, 0x00, 0x00, 0x00, 0x00, 0x00, 0x00, 0xa0, 0x69, 0xe0, 0x79, 0xe0, 0x81, 0xe0, 0x81,
    0xe0, 0x81, 0x00, 0x82, 0xe0, 0x81, 0xe0, 0x79, 0xe0, 0x79, 0xe0, 0x81, 0xe0, 0x81, 0xe0, 0x81,
    0xe0, 0x81, 0xe0, 0x81, 0xe0, 0x81, 0xe0, 0x81, 0x00, 0x8a, 0x00, 0x82, 0xe0, 0x81, 0xe0, 0x81,
    0xc0, 0x79, 0xe0, 0x81, 0xe0, 0x81, 0xe0, 0x81, 0xe0, 0x81, 0xe0, 0x81, 0xe0, 0x81, 0xa0, 0x69,
    0x00, 0x00, 0x00, 0x00, 0x00, 0x00, 0x00, 0x00, 0x00, 0x00, 0x00, 0x00, 0x00, 0x00, 0x00, 0x00,
    0x00, 0x00, 0x00, 0x00, 0x00, 0x00, 0x00, 0x00, 0x00, 0x00, 0x00, 0x00, 0x00, 0x00, 0x00, 0x00,
    0x00, 0x00, 0x00, 0x00, 0x00, 0x00, 0x00, 0x00, 0x00, 0x00, 0x00, 0x00, 0x00, 0x00, 0x00, 0x00,
    0x00, 0x00, 0x00, 0x00, 0x00, 0x00, 0x00, 0x00, 0x00, 0x00, 0x00, 0x00, 0x00, 0x00, 0x00, 0x00,
    0x00, 0x00, 0x00, 0x00, 0x00, 0x00, 0x00, 0x00, 0x00, 0x00, 0x00, 0x00, 0x00, 0x00, 0x00, 0x00,
    0x00, 0x00, 0x00, 0x00, 0x00, 0x00, 0x00, 0x00, 0x00, 0x00, 0x00, 0x00, 0x00, 0x00, 0x00, 0x00,
    0x00, 0x00, 0x00, 0x00, 0x00, 0x00, 0x00, 0x00, 0x00, 0x00, 0x00, 0x00, 0x00, 0x00, 0x00, 0x00,
    0x00, 0x00, 0x00, 0x00, 0x00, 0x00, 0x00, 0x00, 0x00, 0x00, 0x00, 0x00, 0x00, 0x00, 0x00, 0x00,
    0x00, 0x00, 0x00, 0x00, 0x00, 0x00, 0x00, 0x00, 0x00, 0x00, 0x00, 0x00, 0x00, 0x00, 0x00, 0x00,
    0x00, 0x00, 0x00, 0x00, 0x00, 0x00, 0x00, 0x00, 0x00, 0x00, 0x00, 0x00, 0x00, 0x00, 0x00, 0x00,
    0x00, 0x00, 0x00, 0x00, 0x00, 0x00, 0x00, 0x00, 0x00, 0x00, 0x00, 0x00, 0x00, 0x00, 0x00, 0x00,
    0x00, 0x00, 0x00, 0x00, 0x00, 0x00, 0x00, 0x00, 0x00, 0x00, 0x00, 0x00, 0x00, 0x00, 0x00, 0x00,
    0x00, 0x00, 0x00, 0x00, 0x00, 0x00, 0x00, 0x00, 0x00, 0x00, 0x00, 0x00, 0x00, 0x00, 0x00, 0x00,
    0x00, 0x00, 0x00, 0x00, 0x00, 0x00, 0x00, 0x00, 0x00, 0x00, 0x00, 0x00, 0x00, 0x00, 0x00, 0x00,
    0x00, 0x00, 0x00, 0x00, 0x00, 0x00, 0x00, 0x00, 0x00, 0x00, 0x00, 0x00, 0x00, 0x00, 0x00, 0x00,
    0x00, 0x00, 0x00, 0x00, 0x00, 0x00, 0x00, 0x00, 0x00, 0x00, 0x00, 0x00, 0x00, 0x00, 0x00, 0x00,
    0x00, 0x00, 0x00, 0x00, 0x00, 0x00, 0x00, 0x00, 0x00, 0x00, 0x00, 0x00, 0x00, 0x00, 0x00, 0x00,
    0x00, 0x00, 0x00, 0x00, 0x00, 0x00, 0x00, 0x00, 0x00, 0x00, 0x00, 0x00, 0x00, 0x00, 0x00, 0x00,
    0x00, 0x00, 0x00, 0x00, 0x00, 0x00, 0x00, 0x00, 0x00, 0x00, 0x00, 0x00, 0x00, 0x00, 0x00, 0x00,
    0x00, 0x00, 0x00, 0x00, 0x00, 0x00, 0x00, 0x00, 0x00, 0x00, 0x00, 0x00, 0x00, 0x00, 0x00, 0x00,
    0x00, 0x00, 0x00, 0x00, 0x00, 0x00, 0x00, 0x00, 0x00, 0x00, 0x00, 0x00, 0x00, 0x00, 0x00, 0x00,
    0x00, 0x00, 0xff, 0xff, 0xff, 0xff, 0xff, 0xff, 0xff, 0xff, 0xff, 0xff, 0xff, 0xff, 0xff, 0xff,
    0xff, 0xff, 0xff, 0xff, 0xff, 0xff, 0xff, 0xff, 0xff, 0xff, 0x00, 0x00, 0x00, 0x00, 0x00, 0x00,
    0x00, 0x00, 0x00, 0x00, 0xff, 0xff, 0xff, 0xff, 0xff, 0xff, 0xff, 0xff, 0xff, 0xff, 0xff, 0xff,
    0xff, 0xff, 0xff, 0xff, 0xff, 0xff, 0xff, 0xff, 0xff, 0xff, 0xff, 0xff, 0xff, 0xff, 0xff, 0xff,
    0x00, 0x00, 0x00, 0x00, 0x00, 0x00, 0x00, 0xff, 0xff, 0xff, 0xff, 0xff, 0xff, 0xff, 0xff, 0xff,
    0xff, 0xff, 0xff, 0xff, 0xff, 0xff, 0xff, 0xff, 0xff, 0xff, 0xff, 0xff, 0xff, 0xff, 0xff, 0xff,
    0xff, 0xff, 0xff, 0xff, 0xff, 0x00, 0x00, 0x00, 0x00, 0x00, 0x00, 0xff, 0xff, 0xff, 0xff, 0xff,
    0xff, 0xff, 0xff, 0xff, 0xff, 0xff, 0xff, 0xff, 0xff, 0xff, 0xff, 0xff, 0xff, 0xff, 0xff, 0xff,
    0xff, 0xff, 0xff, 0xff, 0xff, 0xff, 0xff, 0xff, 0xff, 0x00, 0x00, 0x00, 0x00, 0x00, 0xff, 0xff,
    0xff, 0xff, 0xff, 0xff, 0xff, 0xff, 0xff, 0xff, 0xff, 0xff, 0xff, 0xff, 0xff, 0xff, 0xff, 0xff,
    0xff, 0xff, 0xff, 0xff, 0xff, 0xff, 0xff, 0xff, 0xff, 0xff, 0xff, 0xff, 0xff, 0xff, 0x00, 0x00,
    0x00, 0x00, 0xff, 0xff, 0xff, 0xff, 0xff, 0xff, 0xff, 0xff, 0xff, 0xff, 0xff, 0xff, 0xff, 0xff,
    0xff, 0xff, 0xff, 0xff, 0xff, 0xff, 0xff, 0xff, 0xff, 0xff, 0xff, 0xff, 0xff, 0xff, 0xff, 0xff,
    0xff, 0xff, 0x00, 0x00, 0x00, 0x00, 0xff, 0xff, 0xff, 0xff, 0xff, 0xff, 0xff, 0xff, 0xff, 0xff,
    0xff, 0xff, 0xff, 0xff, 0xff, 0xff, 0xff, 0xff, 0xff, 0xff, 0xff, 0xff, 0xff, 0xff, 0xff, 0xff,
    0xff, 0xff, 0xff, 0xff, 0xff, 0xff, 0x00, 0x00, 0x00, 0x00, 0xff, 0xff, 0xff, 0xff, 0xff, 0xff,
    0xff, 0xff, 0xff, 0xff, 0xff, 0xff, 0xff, 0xff, 0xff, 0xff, 0xff, 0xff, 0xff, 0xff, 0xff, 0xff,
    0xff, 0xff, 0xff, 0xff, 0xff, 0xff, 0xff, 0xff, 0xff, 0xff, 0x00, 0x00, 0x00, 0x00, 0xff, 0xff,
    0xff, 0xff, 0xff, 0xff, 0xff, 0xff, 0xff, 0xff, 0xff, 0xff, 0xff, 0xff, 0xff, 0xff, 0xff, 0xff,
    0xff, 0xff, 0xff, 0xff, 0xff, 0xff, 0xff, 0xff, 0xff, 0xff, 0xff, 0xff, 0xff, 0xff, 0x00, 0x00,
    0x00, 0x00, 0xff, 0xff, 0xff, 0xff, 0xff, 0xff, 0xff, 0xff, 0xff, 0xff, 0xff, 0xff, 0xff, 0xff,
    0xff, 0xff, 0xff, 0xff, 0xff, 0xff, 0xff, 0xff, 0xff, 0xff, 0xff, 0xff, 0xff, 0xff, 0xff, 0xff,
    0xff, 0xff, 0x00, 0x00, 0x00, 0x00, 0xff, 0xff, 0xff, 0xff, 0xff, 0xff, 0xff, 0xff, 0xff, 0xff,
    0xff, 0xff, 0xff, 0xff, 0xff, 0xff, 0xff, 0xff, 0xff, 0xff, 0xff, 0xff, 0xff, 0xff, 0xff, 0xff,
    0xff, 0xff, 0xff, 0xff, 0xff, 0xff, 0x00, 0x00, 0x00, 0x00, 0xff, 0xff, 0xff, 0xff, 0xff, 0xff,
    0xff, 0xff, 0xff, 0xff, 0xff, 0xff, 0xff, 0xff, 0xff, 0xff, 0xff, 0xff, 0xff, 0xff, 0xff, 0xff,
    0xff, 0xff, 0xff, 0xff, 0xff, 0xff, 0xff, 0xff, 0xff, 0xff, 0x00, 0x00, 0x00, 0xff, 0xff, 0xff,
    0xff, 0xff, 0xff, 0xff, 0xff, 0xff, 0xff, 0xff, 0xff, 0xff, 0xff, 0xff, 0xff, 0xff, 0xff, 0xff,
    0xff, 0xff, 0xff, 0xff, 0xff, 0xff, 0xff, 0xff, 0xff, 0xff, 0xff, 0xff, 0xff, 0xff, 0xff, 0x00,
    0x00, 0xff, 0xff, 0xff, 0xff, 0xff, 0xff, 0xff, 0xff, 0xff, 0xff, 0xff, 0xff, 0xff, 0xff, 0xff,
    0xff, 0xff, 0xff, 0xff, 0xff, 0xff, 0xff, 0xff, 0xff, 0xff, 0xff, 0xff, 0xff, 0xff, 0xff, 0xff,
    0xff, 0xff, 0xff, 0x00, 0x00, 0xff, 0xff, 0xff, 0xff, 0xff, 0xff, 0xff, 0xff, 0xff, 0xff, 0xff,
    0xff, 0xff, 0xff, 0xff, 0xff, 0xff, 0xff, 0xff, 0xff, 0xff, 0xff, 0xff, 0xff, 0xff, 0xff, 0xff,
    0xff, 0xff, 0xff, 0xff, 0xff, 0xff, 0xff, 0x00, 0x00, 0xff, 0xff, 0xff, 0xff, 0xff, 0xff, 0xff,
    0xff, 0xff, 0xff, 0xff, 0xff, 0xff, 0xff, 0xff, 0xff, 0xff, 0xff, 0xff, 0xff, 0xff, 0xff, 0xff,
    0xff, 0xff, 0xff, 0xff, 0xff, 0xff, 0xff, 0xff, 0xff, 0xff, 0xff, 0x00, 0x00, 0xff, 0xff, 0xff,
    0xff, 0xff, 0xff, 0xff, 0xff, 0xff, 0xff, 0xff, 0xff, 0xff, 0xff, 0xff, 0xff, 0xff, 0xff, 0xff,
    0xff, 0xff, 0xff, 0xff, 0xff, 0xff, 0xff, 0xff, 0xff, 0xff, 0xff, 0xff, 0xff, 0xff, 0xff, 0x00,
    0x00, 0xff, 0xff, 0xff, 0xff, 0xff, 0xff, 0xff, 0xff, 0xff, 0xff, 0xff, 0xff, 0xff, 0xff, 0xff,
    0xff, 0xff, 0xff, 0xff, 0xff, 0xff, 0xff, 0xff, 0xff, 0xff, 0xff, 0xff, 0xff, 0xff, 0xff, 0xff,
    0xff, 0xff, 0xff, 0x00, 0x00, 0xff, 0xff, 0xff, 0xff, 0xff, 0xff, 0xff, 0xff, 0xff, 0xff, 0xff,
    0xff, 0xff, 0xff, 0xff, 0xff, 0xff, 0xff, 0xff, 0xff, 0xff, 0xff, 0xff, 0xff, 0xff, 0xff, 0xff,
    0xff, 0xff, 0xff, 0xff, 0xff, 0xff, 0xff, 0x00, 0x00, 0xff, 0xff, 0xff, 0xff, 0xff, 0xff, 0xff,
    0xff, 0xff, 0xff, 0xff, 0xff, 0xff, 0xff, 0xff, 0xff, 0xff, 0xff, 0xff, 0xff, 0xff, 0xff, 0xff,
    0xff, 0xff, 0xff, 0xff, 0xff, 0xff, 0xff, 0xff, 0xff, 0xff, 0xff, 0x00, 0x00, 0xff, 0xff, 0xff,
    0xff, 0xff, 0xff, 0xff, 0xff, 0xff, 0xff, 0xff, 0xff, 0xff, 0xff, 0xff, 0xff, 0xff, 0xff, 0xff,
    0xff, 0xff, 0xff, 0xff, 0xff, 0xff, 0xff, 0xff, 0xff, 0xff, 0xff, 0xff, 0xff, 0xff, 0xff, 0x00,
    0x00, 0xff, 0xff, 0xff, 0xff, 0xff, 0xff, 0xff, 0xff, 0xff, 0xff, 0xff, 0xff, 0xff, 0xff, 0xff,
    0xff, 0xff, 0xff, 0xff, 0xff, 0xff, 0xff, 0xff, 0xff, 0xff, 0xff, 0xff, 0xff, 0xff, 0xff, 0xff,
    0xff, 0xff, 0xff, 0x00, 0x00, 0xff, 0xff, 0xff, 0xff, 0xff, 0xff, 0xff, 0xff, 0xff, 0xff, 0xff,
    0xff, 0xff, 0xff, 0xff, 0xff, 0xff, 0xff, 0xff, 0xff, 0xff, 0xff, 0xff, 0xff, 0xff, 0xff, 0xff,
    0xff, 0xff, 0xff, 0xff, 0xff, 0xff, 0xff, 0x00, 0x00, 0xff, 0xff, 0xff, 0xff, 0xff, 0xff, 0xff,
    0xff, 0xff, 0xff, 0xff, 0xff, 0xff, 0xff, 0xff, 0xff, 0xff, 0xff, 0xff, 0xff, 0xff, 0xff, 0xff,
    0xff, 0xff, 0xff, 0xff, 0xff, 0xff, 0xff, 0xff, 0xff, 0xff, 0xff, 0x00, 0x00, 0xff, 0xff, 0xff,
    0xff, 0xff, 0xff, 0xff, 0xff, 0xff, 0xff, 0xff, 0xff, 0xff, 0xff, 0xff, 0xff, 0xff, 0xff, 0xff,
    0xff, 0xff, 0xff, 0xff, 0xff, 0xff, 0xff, 0xff, 0xff, 0xff, 0xff, 0xff, 0xff, 0xff, 0xff, 0x00,
    0x00, 0xff, 0xff, 0xff, 0xff, 0xff, 0xff, 0xff, 0xff, 0xff, 0xff, 0xff, 0xff, 0xff, 0xff, 0xff,
    0xff, 0xff, 0xff, 0xff, 0xff, 0xff, 0xff, 0xff, 0xff, 0xff, 0xff, 0xff, 0xff, 0xff, 0xff, 0xff,
    0xff, 0xff, 0xff, 0x00, 0x00, 0xff, 0xff, 0xff, 0xff, 0xff, 0xff, 0xff, 0xff, 0xff, 0xff, 0xff,
    0xff, 0xff, 0xff, 0xff, 0xff, 0xff, 0xff, 0xff, 0xff, 0xff, 0xff, 0xff, 0xff, 0xff, 0xff, 0xff,
    0xff, 0xff, 0xff, 0xff, 0xff, 0xff, 0xff, 0x00, 0x00, 0x00, 0xff, 0xff, 0xff, 0xff, 0xff, 0xff,
    0xff, 0xff, 0xff, 0xff, 0xff, 0xff, 0xff, 0xff, 0xff, 0xff, 0xff, 0xff, 0xff, 0xff, 0xff, 0xff,
    0xff, 0xff, 0xff, 0xff, 0xff, 0xff, 0xff, 0xff, 0xff, 0xff, 0x00, 0x00, 0x00, 0x00, 0x00, 0xff,
    0xff, 0xff, 0xff, 0xff, 0xff, 0xff, 0xff, 0xff, 0xff, 0xff, 0xff, 0xff, 0xff, 0xff, 0xff, 0xff,
    0xff, 0xff, 0xff, 0xff, 0xff, 0xff, 0xff, 0xff, 0xff, 0xff, 0xff, 0xff, 0xff, 0xff, 0x00, 0x00,
    0x00, 0x00, 0x00, 0x00, 0xff, 0xff, 0xff, 0xff, 0xff, 0xff, 0xff, 0xff, 0xff, 0xff, 0xff, 0xff,
    0xff, 0xff, 0xff, 0xff, 0xff, 0xff, 0xff, 0xff, 0xff, 0xff, 0xff, 0xff, 0xff, 0xff, 0xff, 0xff,
    0x00, 0x00, 0x00, 0x00, 0x00, 0x00, 0x00, 0x00, 0x00, 0x00, 0x00, 0x00, 0x00, 0x00, 0x00, 0x00,
    0x00, 0x00, 0x00, 0x00, 0x00, 0x00, 0x00, 0x00, 0x00, 0x00, 0x00, 0x00, 0x00, 0x00, 0x00, 0x00,
    0x00, 0x00, 0x00, 0x00, 0x00, 0x00, 0x00, 0x00, 0x00, 0x00, 0x00, 0x00, 0x00, 0x00, 0x00, 0x00,
    0x00, 0x00, 0x00, 0x00, 0x00, 0x00, 0x00, 0x00, 0x00, 0x00, 0x00, 0x00, 0x00, 0x00, 0x00, 0x00,
    0x00, 0x00, 0x00, 0x00, 0x00, 0x00, 0x00, 0x00, 0x00, 0x00, 0x00, 0x00, 0x00, 0x00, 0x00, 0x00,
    0x00, 0x00, 0x00, 0x00, 0x00, 0x00, 0x00, 0x00, 0x00, 0x00, 0x00, 0x00, 0x00, 0x00, 0x00, 0x00,
    0x00, 0x00, 0x00, 0x00, 0x00, 0x00, 0x00, 0x00, 0x00, 0x00, 0x00, 0x00, 0x00, 0x00, 0x00, 0x00,
};

const lv_image_dsc_t app_farm_ico_img[APP_FARM_ICO_N] = {
    {
        .header.magic = LV_IMAGE_HEADER_MAGIC,
        .header.cf = LV_COLOR_FORMAT_RGB565A8,
        .header.w = 28,
        .header.h = 28,
        .header.stride = 56,
        .data_size = sizeof(app_farm_ico_home_map),
        .data = app_farm_ico_home_map,
    },
    {
        .header.magic = LV_IMAGE_HEADER_MAGIC,
        .header.cf = LV_COLOR_FORMAT_RGB565A8,
        .header.w = 28,
        .header.h = 28,
        .header.stride = 56,
        .data_size = sizeof(app_farm_ico_bag_map),
        .data = app_farm_ico_bag_map,
    },
    {
        .header.magic = LV_IMAGE_HEADER_MAGIC,
        .header.cf = LV_COLOR_FORMAT_RGB565A8,
        .header.w = 28,
        .header.h = 28,
        .header.stride = 56,
        .data_size = sizeof(app_farm_ico_steal_map),
        .data = app_farm_ico_steal_map,
    },
    {
        .header.magic = LV_IMAGE_HEADER_MAGIC,
        .header.cf = LV_COLOR_FORMAT_RGB565A8,
        .header.w = 28,
        .header.h = 28,
        .header.stride = 56,
        .data_size = sizeof(app_farm_ico_set_map),
        .data = app_farm_ico_set_map,
    },
    {
        .header.magic = LV_IMAGE_HEADER_MAGIC,
        .header.cf = LV_COLOR_FORMAT_RGB565A8,
        .header.w = 28,
        .header.h = 28,
        .header.stride = 56,
        .data_size = sizeof(app_farm_ico_seed_map),
        .data = app_farm_ico_seed_map,
    },
    {
        .header.magic = LV_IMAGE_HEADER_MAGIC,
        .header.cf = LV_COLOR_FORMAT_RGB565A8,
        .header.w = 28,
        .header.h = 28,
        .header.stride = 56,
        .data_size = sizeof(app_farm_ico_plant_map),
        .data = app_farm_ico_plant_map,
    },
    {
        .header.magic = LV_IMAGE_HEADER_MAGIC,
        .header.cf = LV_COLOR_FORMAT_RGB565A8,
        .header.w = 28,
        .header.h = 28,
        .header.stride = 56,
        .data_size = sizeof(app_farm_ico_water_map),
        .data = app_farm_ico_water_map,
    },
    {
        .header.magic = LV_IMAGE_HEADER_MAGIC,
        .header.cf = LV_COLOR_FORMAT_RGB565A8,
        .header.w = 28,
        .header.h = 28,
        .header.stride = 56,
        .data_size = sizeof(app_farm_ico_weed_map),
        .data = app_farm_ico_weed_map,
    },
    {
        .header.magic = LV_IMAGE_HEADER_MAGIC,
        .header.cf = LV_COLOR_FORMAT_RGB565A8,
        .header.w = 28,
        .header.h = 28,
        .header.stride = 56,
        .data_size = sizeof(app_farm_ico_pest_map),
        .data = app_farm_ico_pest_map,
    },
    {
        .header.magic = LV_IMAGE_HEADER_MAGIC,
        .header.cf = LV_COLOR_FORMAT_RGB565A8,
        .header.w = 28,
        .header.h = 28,
        .header.stride = 56,
        .data_size = sizeof(app_farm_ico_cut_map),
        .data = app_farm_ico_cut_map,
    },
    {
        .header.magic = LV_IMAGE_HEADER_MAGIC,
        .header.cf = LV_COLOR_FORMAT_RGB565A8,
        .header.w = 28,
        .header.h = 28,
        .header.stride = 56,
        .data_size = sizeof(app_farm_ico_hand_map),
        .data = app_farm_ico_hand_map,
    }
};

const lv_image_dsc_t app_farm_crop_img[APP_FARM_IMG_CROP_N] = {
    {
        .header.magic = LV_IMAGE_HEADER_MAGIC,
        .header.cf = LV_COLOR_FORMAT_RGB565A8,
        .header.w = 40,
        .header.h = 32,
        .header.stride = 80,
        .data_size = sizeof(app_farm_crop_seed_map),
        .data = app_farm_crop_seed_map,
    },
    {
        .header.magic = LV_IMAGE_HEADER_MAGIC,
        .header.cf = LV_COLOR_FORMAT_RGB565A8,
        .header.w = 40,
        .header.h = 32,
        .header.stride = 80,
        .data_size = sizeof(app_farm_crop_sprout_map),
        .data = app_farm_crop_sprout_map,
    },
    {
        .header.magic = LV_IMAGE_HEADER_MAGIC,
        .header.cf = LV_COLOR_FORMAT_RGB565A8,
        .header.w = 40,
        .header.h = 32,
        .header.stride = 80,
        .data_size = sizeof(app_farm_crop_dead_map),
        .data = app_farm_crop_dead_map,
    },
    {
        .header.magic = LV_IMAGE_HEADER_MAGIC,
        .header.cf = LV_COLOR_FORMAT_RGB565A8,
        .header.w = 40,
        .header.h = 32,
        .header.stride = 80,
        .data_size = sizeof(app_farm_crop_carrot_map),
        .data = app_farm_crop_carrot_map,
    },
    {
        .header.magic = LV_IMAGE_HEADER_MAGIC,
        .header.cf = LV_COLOR_FORMAT_RGB565A8,
        .header.w = 40,
        .header.h = 32,
        .header.stride = 80,
        .data_size = sizeof(app_farm_crop_cabbage_map),
        .data = app_farm_crop_cabbage_map,
    },
    {
        .header.magic = LV_IMAGE_HEADER_MAGIC,
        .header.cf = LV_COLOR_FORMAT_RGB565A8,
        .header.w = 40,
        .header.h = 32,
        .header.stride = 80,
        .data_size = sizeof(app_farm_crop_tomato_map),
        .data = app_farm_crop_tomato_map,
    },
    {
        .header.magic = LV_IMAGE_HEADER_MAGIC,
        .header.cf = LV_COLOR_FORMAT_RGB565A8,
        .header.w = 40,
        .header.h = 32,
        .header.stride = 80,
        .data_size = sizeof(app_farm_crop_corn_map),
        .data = app_farm_crop_corn_map,
    },
    {
        .header.magic = LV_IMAGE_HEADER_MAGIC,
        .header.cf = LV_COLOR_FORMAT_RGB565A8,
        .header.w = 40,
        .header.h = 32,
        .header.stride = 80,
        .data_size = sizeof(app_farm_crop_berry_map),
        .data = app_farm_crop_berry_map,
    },
    {
        .header.magic = LV_IMAGE_HEADER_MAGIC,
        .header.cf = LV_COLOR_FORMAT_RGB565A8,
        .header.w = 40,
        .header.h = 32,
        .header.stride = 80,
        .data_size = sizeof(app_farm_crop_melon_map),
        .data = app_farm_crop_melon_map,
    }
};

const lv_image_dsc_t app_farm_haz_img[APP_FARM_HAZ_N] = {
    {
        .header.magic = LV_IMAGE_HEADER_MAGIC,
        .header.cf = LV_COLOR_FORMAT_RGB565A8,
        .header.w = 20,
        .header.h = 20,
        .header.stride = 40,
        .data_size = sizeof(app_farm_haz_weed_map),
        .data = app_farm_haz_weed_map,
    },
    {
        .header.magic = LV_IMAGE_HEADER_MAGIC,
        .header.cf = LV_COLOR_FORMAT_RGB565A8,
        .header.w = 20,
        .header.h = 20,
        .header.stride = 40,
        .data_size = sizeof(app_farm_haz_pest_map),
        .data = app_farm_haz_pest_map,
    },
    {
        .header.magic = LV_IMAGE_HEADER_MAGIC,
        .header.cf = LV_COLOR_FORMAT_RGB565A8,
        .header.w = 20,
        .header.h = 20,
        .header.stride = 40,
        .data_size = sizeof(app_farm_haz_dry_map),
        .data = app_farm_haz_dry_map,
    }
};

const lv_image_dsc_t app_farm_plot_dirt =
    {
        .header.magic = LV_IMAGE_HEADER_MAGIC,
        .header.cf = LV_COLOR_FORMAT_RGB565A8,
        .header.w = 36,
        .header.h = 36,
        .header.stride = 72,
        .data_size = sizeof(app_farm_plot_dirt_map),
        .data = app_farm_plot_dirt_map,
    };
